zig fmt --check boot/src/*.zig kernel/src/*.zig build.zig
bash tools/verify-unit-tests.sh
=== verify-unit-tests: running unified parallel test suite (zig build test) ===
Build Summary: 160/160 steps succeeded; 3274/3274 tests passed
test success
+- run test 4 pass (4 total) 12ms MaxRSS:2M
|  +- compile test Debug native cached 147ms MaxRSS:35M
|     +- options cached
|     +- options (reused)
|     +- options (reused)
|     +- options (reused)
|     +- options (reused)
|     +- options (reused)
|     +- options (reused)
|     +- options (reused)
|     +- options (reused)
|     +- options (reused)
|     +- options (reused)
|     +- options (reused)
|     +- options (reused)
+- run test success 10ms MaxRSS:2M
|  +- compile test Debug native cached 105ms MaxRSS:35M
|     +- options (reused)
|     +- options (reused)
|     +- options (reused)
|     +- options (reused)
|     +- options (reused)
|     +- options (reused)
|     +- options (reused)
|     +- options (reused)
|     +- options (reused)
|     +- options (reused)
|     +- options (reused)
|     +- options (reused)
|     +- options (reused)
+- run test 33 pass (33 total) 19ms MaxRSS:3M
|  +- compile test Debug native cached 142ms MaxRSS:35M
|     +- options (reused)
|     +- options (reused)
|     +- options (reused)
|     +- options (reused)
|     +- options (reused)
|     +- options (reused)
|     +- options (reused)
|     +- options (reused)
|     +- options (reused)
|     +- options (reused)
|     +- options (reused)
|     +- options (reused)
|     +- options (reused)
+- run test 6 pass (6 total) 18ms MaxRSS:2M
|  +- compile test Debug native cached 89ms MaxRSS:35M
|     +- options (reused)
|     +- options (reused)
|     +- options (reused)
|     +- options (reused)
|     +- options (reused)
|     +- options (reused)
|     +- options (reused)
|     +- options (reused)
|     +- options (reused)
|     +- options (reused)
|     +- options (reused)
|     +- options (reused)
|     +- options (reused)
+- run test 10 pass (10 total) 5ms MaxRSS:2M
|  +- compile test Debug native cached 119ms MaxRSS:35M
|     +- options (reused)
|     +- options (reused)
|     +- options (reused)
|     +- options (reused)
|     +- options (reused)
|     +- options (reused)
|     +- options (reused)
|     +- options (reused)
|     +- options (reused)
|     +- options (reused)
|     +- options (reused)
|     +- options (reused)
|     +- options (reused)
+- run test 10 pass (10 total) 13ms MaxRSS:2M
|  +- compile test Debug native cached 155ms MaxRSS:35M
|     +- options (reused)
|     +- options (reused)
|     +- options (reused)
|     +- options (reused)
|     +- options (reused)
|     +- options (reused)
|     +- options (reused)
|     +- options (reused)
|     +- options (reused)
|     +- options (reused)
|     +- options (reused)
|     +- options (reused)
|     +- options (reused)
+- run test success 7ms MaxRSS:2M
|  +- compile test Debug native cached 144ms MaxRSS:35M
|     +- options (reused)
|     +- options (reused)
|     +- options (reused)
|     +- options (reused)
|     +- options (reused)
|     +- options (reused)
|     +- options (reused)
|     +- options (reused)
|     +- options (reused)
|     +- options (reused)
|     +- options (reused)
|     +- options (reused)
|     +- options (reused)
+- run test 3 pass (3 total) 15ms MaxRSS:2M
|  +- compile test Debug native cached 106ms MaxRSS:35M
|     +- options (reused)
|     +- options (reused)
|     +- options (reused)
|     +- options (reused)
|     +- options (reused)
|     +- options (reused)
|     +- options (reused)
|     +- options (reused)
|     +- options (reused)
|     +- options (reused)
|     +- options (reused)
|     +- options (reused)
|     +- options (reused)
+- run test success 14ms MaxRSS:2M
|  +- compile test Debug native cached 124ms MaxRSS:35M
|     +- options (reused)
|     +- options (reused)
|     +- options (reused)
|     +- options (reused)
|     +- options (reused)
|     +- options (reused)
|     +- options (reused)
|     +- options (reused)
|     +- options (reused)
|     +- options (reused)
|     +- options (reused)
|     +- options (reused)
|     +- options (reused)
+- run test 28 pass (28 total) 19ms MaxRSS:3M
|  +- compile test Debug native cached 106ms MaxRSS:35M
|     +- options (reused)
|     +- options (reused)
|     +- options (reused)
|     +- options (reused)
|     +- options (reused)
|     +- options (reused)
|     +- options (reused)
|     +- options (reused)
|     +- options (reused)
|     +- options (reused)
|     +- options (reused)
|     +- options (reused)
|     +- options (reused)
+- run test 369 pass (369 total) 178ms MaxRSS:12M
|  +- compile test Debug native cached 73ms MaxRSS:35M
|     +- options (reused)
|     +- options (reused)
|     +- options (reused)
|     +- options (reused)
|     +- options (reused)
|     +- options (reused)
|     +- options (reused)
|     +- options (reused)
|     +- options (reused)
|     +- options (reused)
|     +- options (reused)
|     +- options (reused)
|     +- options (reused)
+- run test 71 pass (71 total) 40ms MaxRSS:3M
|  +- compile test Debug native cached 135ms MaxRSS:35M
|     +- options (reused)
|     +- options (reused)
|     +- options (reused)
|     +- options (reused)
|     +- options (reused)
|     +- options (reused)
|     +- options (reused)
|     +- options (reused)
|     +- options (reused)
|     +- options (reused)
|     +- options (reused)
|     +- options (reused)
|     +- options (reused)
+- run test 4 pass (4 total) 7ms MaxRSS:2M
|  +- compile test Debug native cached 129ms MaxRSS:35M
|     +- options (reused)
|     +- options (reused)
|     +- options (reused)
|     +- options (reused)
|     +- options (reused)
|     +- options (reused)
|     +- options (reused)
|     +- options (reused)
|     +- options (reused)
|     +- options (reused)
|     +- options (reused)
|     +- options (reused)
|     +- options (reused)
+- run test 25 pass (25 total) 12ms MaxRSS:2M
|  +- compile test Debug native cached 113ms MaxRSS:35M
|     +- options (reused)
|     +- options (reused)
|     +- options (reused)
|     +- options (reused)
|     +- options (reused)
|     +- options (reused)
|     +- options (reused)
|     +- options (reused)
|     +- options (reused)
|     +- options (reused)
|     +- options (reused)
|     +- options (reused)
|     +- options (reused)
+- run test 4 pass (4 total) 9ms MaxRSS:2M
|  +- compile test Debug native cached 78ms MaxRSS:35M
|     +- options (reused)
|     +- options (reused)
|     +- options (reused)
|     +- options (reused)
|     +- options (reused)
|     +- options (reused)
|     +- options (reused)
|     +- options (reused)
|     +- options (reused)
|     +- options (reused)
|     +- options (reused)
|     +- options (reused)
|     +- options (reused)
+- run test 163 pass (163 total) 49ms MaxRSS:7M
|  +- compile test Debug native cached 109ms MaxRSS:35M
|     +- options (reused)
|     +- options (reused)
|     +- options (reused)
|     +- options (reused)
|     +- options (reused)
|     +- options (reused)
|     +- options (reused)
|     +- options (reused)
|     +- options (reused)
|     +- options (reused)
|     +- options (reused)
|     +- options (reused)
|     +- options (reused)
+- run test 20 pass (20 total) 37ms MaxRSS:2M
|  +- compile test Debug native cached 73ms MaxRSS:35M
|     +- options (reused)
|     +- options (reused)
|     +- options (reused)
|     +- options (reused)
|     +- options (reused)
|     +- options (reused)
|     +- options (reused)
|     +- options (reused)
|     +- options (reused)
|     +- options (reused)
|     +- options (reused)
|     +- options (reused)
|     +- options (reused)
+- run test 33 pass (33 total) 13ms MaxRSS:3M
|  +- compile test Debug native cached 117ms MaxRSS:35M
|     +- options (reused)
|     +- options (reused)
|     +- options (reused)
|     +- options (reused)
|     +- options (reused)
|     +- options (reused)
|     +- options (reused)
|     +- options (reused)
|     +- options (reused)
|     +- options (reused)
|     +- options (reused)
|     +- options (reused)
|     +- options (reused)
+- run test 20 pass (20 total) 13ms MaxRSS:2M
|  +- compile test Debug native cached 118ms MaxRSS:35M
|     +- options (reused)
|     +- options (reused)
|     +- options (reused)
|     +- options (reused)
|     +- options (reused)
|     +- options (reused)
|     +- options (reused)
|     +- options (reused)
|     +- options (reused)
|     +- options (reused)
|     +- options (reused)
|     +- options (reused)
|     +- options (reused)
+- run test 28 pass (28 total) 55ms MaxRSS:3M
|  +- compile test Debug native cached 114ms MaxRSS:35M
|     +- options (reused)
|     +- options (reused)
|     +- options (reused)
|     +- options (reused)
|     +- options (reused)
|     +- options (reused)
|     +- options (reused)
|     +- options (reused)
|     +- options (reused)
|     +- options (reused)
|     +- options (reused)
|     +- options (reused)
|     +- options (reused)
+- run test 5 pass (5 total) 15ms MaxRSS:2M
|  +- compile test Debug native cached 112ms MaxRSS:35M
|     +- options (reused)
|     +- options (reused)
|     +- options (reused)
|     +- options (reused)
|     +- options (reused)
|     +- options (reused)
|     +- options (reused)
|     +- options (reused)
|     +- options (reused)
|     +- options (reused)
|     +- options (reused)
|     +- options (reused)
|     +- options (reused)
+- run test 15 pass (15 total) 42ms MaxRSS:2M
|  +- compile test Debug native cached 93ms MaxRSS:35M
|     +- options (reused)
|     +- options (reused)
|     +- options (reused)
|     +- options (reused)
|     +- options (reused)
|     +- options (reused)
|     +- options (reused)
|     +- options (reused)
|     +- options (reused)
|     +- options (reused)
|     +- options (reused)
|     +- options (reused)
|     +- options (reused)
+- run test success 18ms MaxRSS:2M
|  +- compile test Debug native cached 96ms MaxRSS:35M
|     +- options (reused)
|     +- options (reused)
|     +- options (reused)
|     +- options (reused)
|     +- options (reused)
|     +- options (reused)
|     +- options (reused)
|     +- options (reused)
|     +- options (reused)
|     +- options (reused)
|     +- options (reused)
|     +- options (reused)
|     +- options (reused)
+- run test 22 pass (22 total) 9ms MaxRSS:3M
|  +- compile test Debug native cached 129ms MaxRSS:35M
|     +- options (reused)
|     +- options (reused)
|     +- options (reused)
|     +- options (reused)
|     +- options (reused)
|     +- options (reused)
|     +- options (reused)
|     +- options (reused)
|     +- options (reused)
|     +- options (reused)
|     +- options (reused)
|     +- options (reused)
|     +- options (reused)
+- run test 23 pass (23 total) 64ms MaxRSS:3M
|  +- compile test Debug native cached 102ms MaxRSS:35M
|     +- options (reused)
|     +- options (reused)
|     +- options (reused)
|     +- options (reused)
|     +- options (reused)
|     +- options (reused)
|     +- options (reused)
|     +- options (reused)
|     +- options (reused)
|     +- options (reused)
|     +- options (reused)
|     +- options (reused)
|     +- options (reused)
+- run test 2 pass (2 total) 11ms MaxRSS:2M
|  +- compile test Debug native cached 68ms MaxRSS:35M
|     +- options (reused)
|     +- options (reused)
|     +- options (reused)
|     +- options (reused)
|     +- options (reused)
|     +- options (reused)
|     +- options (reused)
|     +- options (reused)
|     +- options (reused)
|     +- options (reused)
|     +- options (reused)
|     +- options (reused)
|     +- options (reused)
+- run test 16 pass (16 total) 23ms MaxRSS:2M
|  +- compile test Debug native cached 130ms MaxRSS:35M
|     +- options (reused)
|     +- options (reused)
|     +- options (reused)
|     +- options (reused)
|     +- options (reused)
|     +- options (reused)
|     +- options (reused)
|     +- options (reused)
|     +- options (reused)
|     +- options (reused)
|     +- options (reused)
|     +- options (reused)
|     +- options (reused)
+- run test 19 pass (19 total) 21ms MaxRSS:2M
|  +- compile test Debug native cached 149ms MaxRSS:35M
|     +- options (reused)
|     +- options (reused)
|     +- options (reused)
|     +- options (reused)
|     +- options (reused)
|     +- options (reused)
|     +- options (reused)
|     +- options (reused)
|     +- options (reused)
|     +- options (reused)
|     +- options (reused)
|     +- options (reused)
|     +- options (reused)
+- run test success 7ms MaxRSS:2M
|  +- compile test Debug native cached 109ms MaxRSS:35M
|     +- options (reused)
|     +- options (reused)
|     +- options (reused)
|     +- options (reused)
|     +- options (reused)
|     +- options (reused)
|     +- options (reused)
|     +- options (reused)
|     +- options (reused)
|     +- options (reused)
|     +- options (reused)
|     +- options (reused)
|     +- options (reused)
+- run test 4 pass (4 total) 5ms MaxRSS:2M
|  +- compile test Debug native cached 151ms MaxRSS:35M
|     +- options (reused)
|     +- options (reused)
|     +- options (reused)
|     +- options (reused)
|     +- options (reused)
|     +- options (reused)
|     +- options (reused)
|     +- options (reused)
|     +- options (reused)
|     +- options (reused)
|     +- options (reused)
|     +- options (reused)
|     +- options (reused)
+- run test 29 pass (29 total) 9ms MaxRSS:3M
|  +- compile test Debug native cached 85ms MaxRSS:35M
|     +- options (reused)
|     +- options (reused)
|     +- options (reused)
|     +- options (reused)
|     +- options (reused)
|     +- options (reused)
|     +- options (reused)
|     +- options (reused)
|     +- options (reused)
|     +- options (reused)
|     +- options (reused)
|     +- options (reused)
|     +- options (reused)
+- run test 83 pass (83 total) 29ms MaxRSS:6M
|  +- compile test Debug native cached 134ms MaxRSS:35M
|     +- options (reused)
|     +- options (reused)
|     +- options (reused)
|     +- options (reused)
|     +- options (reused)
|     +- options (reused)
|     +- options (reused)
|     +- options (reused)
|     +- options (reused)
|     +- options (reused)
|     +- options (reused)
|     +- options (reused)
|     +- options (reused)
+- run test 7 pass (7 total) 19ms MaxRSS:2M
|  +- compile test Debug native cached 51ms MaxRSS:35M
|     +- options (reused)
|     +- options (reused)
|     +- options (reused)
|     +- options (reused)
|     +- options (reused)
|     +- options (reused)
|     +- options (reused)
|     +- options (reused)
|     +- options (reused)
|     +- options (reused)
|     +- options (reused)
|     +- options (reused)
|     +- options (reused)
+- run test 478 pass (478 total) 203ms MaxRSS:13M
|  +- compile test Debug native cached 125ms MaxRSS:35M
|     +- options (reused)
|     +- options (reused)
|     +- options (reused)
|     +- options (reused)
|     +- options (reused)
|     +- options (reused)
|     +- options (reused)
|     +- options (reused)
|     +- options (reused)
|     +- options (reused)
|     +- options (reused)
|     +- options (reused)
|     +- options (reused)
+- run test 2 pass (2 total) 19ms MaxRSS:2M
|  +- compile test Debug native cached 172ms MaxRSS:35M
|     +- options (reused)
|     +- options (reused)
|     +- options (reused)
|     +- options (reused)
|     +- options (reused)
|     +- options (reused)
|     +- options (reused)
|     +- options (reused)
|     +- options (reused)
|     +- options (reused)
|     +- options (reused)
|     +- options (reused)
|     +- options (reused)
+- run test 3 pass (3 total) 35ms MaxRSS:2M
|  +- compile test Debug native cached 96ms MaxRSS:35M
|     +- options (reused)
|     +- options (reused)
|     +- options (reused)
|     +- options (reused)
|     +- options (reused)
|     +- options (reused)
|     +- options (reused)
|     +- options (reused)
|     +- options (reused)
|     +- options (reused)
|     +- options (reused)
|     +- options (reused)
|     +- options (reused)
+- run test 10 pass (10 total) 14ms MaxRSS:2M
|  +- compile test Debug native cached 105ms MaxRSS:35M
|     +- options (reused)
|     +- options (reused)
|     +- options (reused)
|     +- options (reused)
|     +- options (reused)
|     +- options (reused)
|     +- options (reused)
|     +- options (reused)
|     +- options (reused)
|     +- options (reused)
|     +- options (reused)
|     +- options (reused)
|     +- options (reused)
+- run test success 37ms MaxRSS:2M
|  +- compile test Debug native cached 128ms MaxRSS:35M
|     +- options (reused)
|     +- options (reused)
|     +- options (reused)
|     +- options (reused)
|     +- options (reused)
|     +- options (reused)
|     +- options (reused)
|     +- options (reused)
|     +- options (reused)
|     +- options (reused)
|     +- options (reused)
|     +- options (reused)
|     +- options (reused)
+- run test success 5ms MaxRSS:2M
|  +- compile test Debug native cached 118ms MaxRSS:35M
|     +- options (reused)
|     +- options (reused)
|     +- options (reused)
|     +- options (reused)
|     +- options (reused)
|     +- options (reused)
|     +- options (reused)
|     +- options (reused)
|     +- options (reused)
|     +- options (reused)
|     +- options (reused)
|     +- options (reused)
|     +- options (reused)
+- run test 88 pass (88 total) 33ms MaxRSS:3M
|  +- compile test Debug native cached 131ms MaxRSS:35M
|     +- options (reused)
|     +- options (reused)
|     +- options (reused)
|     +- options (reused)
|     +- options (reused)
|     +- options (reused)
|     +- options (reused)
|     +- options (reused)
|     +- options (reused)
|     +- options (reused)
|     +- options (reused)
|     +- options (reused)
|     +- options (reused)
+- run test 202 pass (202 total) 38ms MaxRSS:8M
|  +- compile test Debug native cached 107ms MaxRSS:35M
|     +- options (reused)
|     +- options (reused)
|     +- options (reused)
|     +- options (reused)
|     +- options (reused)
|     +- options (reused)
|     +- options (reused)
|     +- options (reused)
|     +- options (reused)
|     +- options (reused)
|     +- options (reused)
|     +- options (reused)
|     +- options (reused)
+- run test 72 pass (72 total) 32ms MaxRSS:6M
|  +- compile test Debug native cached 121ms MaxRSS:35M
|     +- options (reused)
|     +- options (reused)
|     +- options (reused)
|     +- options (reused)
|     +- options (reused)
|     +- options (reused)
|     +- options (reused)
|     +- options (reused)
|     +- options (reused)
|     +- options (reused)
|     +- options (reused)
|     +- options (reused)
|     +- options (reused)
+- run test 22 pass (22 total) 7ms MaxRSS:2M
|  +- compile test Debug native cached 85ms MaxRSS:35M
|     +- options (reused)
|     +- options (reused)
|     +- options (reused)
|     +- options (reused)
|     +- options (reused)
|     +- options (reused)
|     +- options (reused)
|     +- options (reused)
|     +- options (reused)
|     +- options (reused)
|     +- options (reused)
|     +- options (reused)
|     +- options (reused)
+- run test 17 pass (17 total) 22ms MaxRSS:2M
|  +- compile test Debug native cached 158ms MaxRSS:35M
|     +- options (reused)
|     +- options (reused)
|     +- options (reused)
|     +- options (reused)
|     +- options (reused)
|     +- options (reused)
|     +- options (reused)
|     +- options (reused)
|     +- options (reused)
|     +- options (reused)
|     +- options (reused)
|     +- options (reused)
|     +- options (reused)
+- run test 24 pass (24 total) 26ms MaxRSS:2M
|  +- compile test Debug native cached 120ms MaxRSS:35M
|     +- options (reused)
|     +- options (reused)
|     +- options (reused)
|     +- options (reused)
|     +- options (reused)
|     +- options (reused)
|     +- options (reused)
|     +- options (reused)
|     +- options (reused)
|     +- options (reused)
|     +- options (reused)
|     +- options (reused)
|     +- options (reused)
+- run test 14 pass (14 total) 11ms MaxRSS:2M
|  +- compile test Debug native cached 77ms MaxRSS:35M
|     +- options (reused)
|     +- options (reused)
|     +- options (reused)
|     +- options (reused)
|     +- options (reused)
|     +- options (reused)
|     +- options (reused)
|     +- options (reused)
|     +- options (reused)
|     +- options (reused)
|     +- options (reused)
|     +- options (reused)
|     +- options (reused)
+- run test 11 pass (11 total) 16ms MaxRSS:2M
|  +- compile test Debug native cached 61ms MaxRSS:35M
|     +- options (reused)
|     +- options (reused)
|     +- options (reused)
|     +- options (reused)
|     +- options (reused)
|     +- options (reused)
|     +- options (reused)
|     +- options (reused)
|     +- options (reused)
|     +- options (reused)
|     +- options (reused)
|     +- options (reused)
|     +- options (reused)
+- run test 41 pass (41 total) 15ms MaxRSS:6M
|  +- compile test Debug native cached 94ms MaxRSS:35M
|     +- options (reused)
|     +- options (reused)
|     +- options (reused)
|     +- options (reused)
|     +- options (reused)
|     +- options (reused)
|     +- options (reused)
|     +- options (reused)
|     +- options (reused)
|     +- options (reused)
|     +- options (reused)
|     +- options (reused)
|     +- options (reused)
+- run test 16 pass (16 total) 14ms MaxRSS:2M
|  +- compile test Debug native cached 124ms MaxRSS:35M
|     +- options (reused)
|     +- options (reused)
|     +- options (reused)
|     +- options (reused)
|     +- options (reused)
|     +- options (reused)
|     +- options (reused)
|     +- options (reused)
|     +- options (reused)
|     +- options (reused)
|     +- options (reused)
|     +- options (reused)
|     +- options (reused)
+- run test 56 pass (56 total) 23ms MaxRSS:7M
|  +- compile test Debug native cached 130ms MaxRSS:35M
|     +- options (reused)
|     +- options (reused)
|     +- options (reused)
|     +- options (reused)
|     +- options (reused)
|     +- options (reused)
|     +- options (reused)
|     +- options (reused)
|     +- options (reused)
|     +- options (reused)
|     +- options (reused)
|     +- options (reused)
|     +- options (reused)
+- run test 18 pass (18 total) 17ms MaxRSS:6M
|  +- compile test Debug native cached 96ms MaxRSS:35M
|     +- options (reused)
|     +- options (reused)
|     +- options (reused)
|     +- options (reused)
|     +- options (reused)
|     +- options (reused)
|     +- options (reused)
|     +- options (reused)
|     +- options (reused)
|     +- options (reused)
|     +- options (reused)
|     +- options (reused)
|     +- options (reused)
+- run test 47 pass (47 total) 21ms MaxRSS:3M
|  +- compile test Debug native cached 65ms MaxRSS:35M
|     +- options (reused)
|     +- options (reused)
|     +- options (reused)
|     +- options (reused)
|     +- options (reused)
|     +- options (reused)
|     +- options (reused)
|     +- options (reused)
|     +- options (reused)
|     +- options (reused)
|     +- options (reused)
|     +- options (reused)
|     +- options (reused)
+- run test 204 pass (204 total) 236ms MaxRSS:8M
|  +- compile test Debug native cached 149ms MaxRSS:35M
|     +- options (reused)
|     +- options (reused)
|     +- options (reused)
|     +- options (reused)
|     +- options (reused)
|     +- options (reused)
|     +- options (reused)
|     +- options (reused)
|     +- options (reused)
|     +- options (reused)
|     +- options (reused)
|     +- options (reused)
|     +- options (reused)
+- run test 15 pass (15 total) 17ms MaxRSS:2M
|  +- compile test Debug native cached 150ms MaxRSS:35M
|     +- options (reused)
|     +- options (reused)
|     +- options (reused)
|     +- options (reused)
|     +- options (reused)
|     +- options (reused)
|     +- options (reused)
|     +- options (reused)
|     +- options (reused)
|     +- options (reused)
|     +- options (reused)
|     +- options (reused)
|     +- options (reused)
+- run test 26 pass (26 total) 26ms MaxRSS:3M
|  +- compile test Debug native cached 146ms MaxRSS:35M
|     +- options (reused)
|     +- options (reused)
|     +- options (reused)
|     +- options (reused)
|     +- options (reused)
|     +- options (reused)
|     +- options (reused)
|     +- options (reused)
|     +- options (reused)
|     +- options (reused)
|     +- options (reused)
|     +- options (reused)
|     +- options (reused)
+- run test success 10ms MaxRSS:2M
|  +- compile test Debug native cached 82ms MaxRSS:35M
|     +- options (reused)
|     +- options (reused)
|     +- options (reused)
|     +- options (reused)
|     +- options (reused)
|     +- options (reused)
|     +- options (reused)
|     +- options (reused)
|     +- options (reused)
|     +- options (reused)
|     +- options (reused)
|     +- options (reused)
|     +- options (reused)
+- run test 29 pass (29 total) 16ms MaxRSS:3M
|  +- compile test Debug native cached 117ms MaxRSS:35M
|     +- options (reused)
|     +- options (reused)
|     +- options (reused)
|     +- options (reused)
|     +- options (reused)
|     +- options (reused)
|     +- options (reused)
|     +- options (reused)
|     +- options (reused)
|     +- options (reused)
|     +- options (reused)
|     +- options (reused)
|     +- options (reused)
+- run test 61 pass (61 total) 71ms MaxRSS:3M
|  +- compile test Debug native cached 131ms MaxRSS:35M
|     +- options (reused)
|     +- options (reused)
|     +- options (reused)
|     +- options (reused)
|     +- options (reused)
|     +- options (reused)
|     +- options (reused)
|     +- options (reused)
|     +- options (reused)
|     +- options (reused)
|     +- options (reused)
|     +- options (reused)
|     +- options (reused)
+- run test 6 pass (6 total) 10ms MaxRSS:2M
|  +- compile test Debug native cached 138ms MaxRSS:35M
|     +- options (reused)
|     +- options (reused)
|     +- options (reused)
|     +- options (reused)
|     +- options (reused)
|     +- options (reused)
|     +- options (reused)
|     +- options (reused)
|     +- options (reused)
|     +- options (reused)
|     +- options (reused)
|     +- options (reused)
|     +- options (reused)
+- run test 13 pass (13 total) 27ms MaxRSS:2M
|  +- compile test Debug native cached 147ms MaxRSS:35M
|     +- options (reused)
|     +- options (reused)
|     +- options (reused)
|     +- options (reused)
|     +- options (reused)
|     +- options (reused)
|     +- options (reused)
|     +- options (reused)
|     +- options (reused)
|     +- options (reused)
|     +- options (reused)
|     +- options (reused)
|     +- options (reused)
+- run test 4 pass (4 total) 14ms MaxRSS:2M
|  +- compile test Debug native cached 130ms MaxRSS:35M
|     +- options (reused)
|     +- options (reused)
|     +- options (reused)
|     +- options (reused)
|     +- options (reused)
|     +- options (reused)
|     +- options (reused)
|     +- options (reused)
|     +- options (reused)
|     +- options (reused)
|     +- options (reused)
|     +- options (reused)
|     +- options (reused)
+- run test 16 pass (16 total) 21ms MaxRSS:2M
|  +- compile test Debug native cached 140ms MaxRSS:35M
|     +- options (reused)
|     +- options (reused)
|     +- options (reused)
|     +- options (reused)
|     +- options (reused)
|     +- options (reused)
|     +- options (reused)
|     +- options (reused)
|     +- options (reused)
|     +- options (reused)
|     +- options (reused)
|     +- options (reused)
|     +- options (reused)
+- run test 42 pass (42 total) 42ms MaxRSS:3M
|  +- compile test Debug native cached 126ms MaxRSS:35M
|     +- options (reused)
|     +- options (reused)
|     +- options (reused)
|     +- options (reused)
|     +- options (reused)
|     +- options (reused)
|     +- options (reused)
|     +- options (reused)
|     +- options (reused)
|     +- options (reused)
|     +- options (reused)
|     +- options (reused)
|     +- options (reused)
+- run test 61 pass (61 total) 543ms MaxRSS:3M
|  +- compile test Debug native cached 99ms MaxRSS:35M
|     +- options (reused)
|     +- options (reused)
|     +- options (reused)
|     +- options (reused)
|     +- options (reused)
|     +- options (reused)
|     +- options (reused)
|     +- options (reused)
|     +- options (reused)
|     +- options (reused)
|     +- options (reused)
|     +- options (reused)
|     +- options (reused)
+- run test 9 pass (9 total) 9ms MaxRSS:2M
|  +- compile test Debug native cached 124ms MaxRSS:35M
|     +- options (reused)
|     +- options (reused)
|     +- options (reused)
|     +- options (reused)
|     +- options (reused)
|     +- options (reused)
|     +- options (reused)
|     +- options (reused)
|     +- options (reused)
|     +- options (reused)
|     +- options (reused)
|     +- options (reused)
|     +- options (reused)
+- run test 4 pass (4 total) 13ms MaxRSS:2M
|  +- compile test Debug native cached 119ms MaxRSS:35M
|     +- options (reused)
|     +- options (reused)
|     +- options (reused)
|     +- options (reused)
|     +- options (reused)
|     +- options (reused)
|     +- options (reused)
|     +- options (reused)
|     +- options (reused)
|     +- options (reused)
|     +- options (reused)
|     +- options (reused)
|     +- options (reused)
+- run test 13 pass (13 total) 51ms MaxRSS:2M
|  +- compile test Debug native cached 150ms MaxRSS:35M
|     +- options (reused)
|     +- options (reused)
|     +- options (reused)
|     +- options (reused)
|     +- options (reused)
|     +- options (reused)
|     +- options (reused)
|     +- options (reused)
|     +- options (reused)
|     +- options (reused)
|     +- options (reused)
|     +- options (reused)
|     +- options (reused)
+- run test 36 pass (36 total) 32ms MaxRSS:3M
|  +- compile test Debug native cached 77ms MaxRSS:35M
|     +- options (reused)
|     +- options (reused)
|     +- options (reused)
|     +- options (reused)
|     +- options (reused)
|     +- options (reused)
|     +- options (reused)
|     +- options (reused)
|     +- options (reused)
|     +- options (reused)
|     +- options (reused)
|     +- options (reused)
|     +- options (reused)
+- run test 25 pass (25 total) 69ms MaxRSS:3M
|  +- compile test Debug native cached 115ms MaxRSS:35M
|     +- options (reused)
|     +- options (reused)
|     +- options (reused)
|     +- options (reused)
|     +- options (reused)
|     +- options (reused)
|     +- options (reused)
|     +- options (reused)
|     +- options (reused)
|     +- options (reused)
|     +- options (reused)
|     +- options (reused)
|     +- options (reused)
+- run test 64 pass (64 total) 15ms MaxRSS:3M
|  +- compile test Debug native cached 141ms MaxRSS:35M
|     +- options (reused)
|     +- options (reused)
|     +- options (reused)
|     +- options (reused)
|     +- options (reused)
|     +- options (reused)
|     +- options (reused)
|     +- options (reused)
|     +- options (reused)
|     +- options (reused)
|     +- options (reused)
|     +- options (reused)
|     +- options (reused)
+- run test 33 pass (33 total) 12ms MaxRSS:3M
|  +- compile test Debug native cached 95ms MaxRSS:35M
|     +- options (reused)
|     +- options (reused)
|     +- options (reused)
|     +- options (reused)
|     +- options (reused)
|     +- options (reused)
|     +- options (reused)
|     +- options (reused)
|     +- options (reused)
|     +- options (reused)
|     +- options (reused)
|     +- options (reused)
|     +- options (reused)
+- run test 72 pass (72 total) 19ms MaxRSS:7M
|  +- compile test Debug native cached 110ms MaxRSS:35M
|     +- options (reused)
|     +- options (reused)
|     +- options (reused)
|     +- options (reused)
|     +- options (reused)
|     +- options (reused)
|     +- options (reused)
|     +- options (reused)
|     +- options (reused)
|     +- options (reused)
|     +- options (reused)
|     +- options (reused)
|     +- options (reused)
+- run test 73 pass (73 total) 44ms MaxRSS:4M
|  +- compile test Debug native cached 128ms MaxRSS:35M
|     +- options (reused)
|     +- options (reused)
|     +- options (reused)
|     +- options (reused)
|     +- options (reused)
|     +- options (reused)
|     +- options (reused)
|     +- options (reused)
|     +- options (reused)
|     +- options (reused)
|     +- options (reused)
|     +- options (reused)
|     +- options (reused)
+- run test 161 pass (161 total) 211ms MaxRSS:4M
|  +- compile test Debug native cached 144ms MaxRSS:35M
|     +- options (reused)
|     +- options (reused)
|     +- options (reused)
|     +- options (reused)
|     +- options (reused)
|     +- options (reused)
|     +- options (reused)
|     +- options (reused)
|     +- options (reused)
|     +- options (reused)
|     +- options (reused)
|     +- options (reused)
|     +- options (reused)
+- run test 26 pass (26 total) 23ms MaxRSS:3M
|  +- compile test Debug native cached 110ms MaxRSS:35M
|     +- options (reused)
|     +- options (reused)
|     +- options (reused)
|     +- options (reused)
|     +- options (reused)
|     +- options (reused)
|     +- options (reused)
|     +- options (reused)
|     +- options (reused)
|     +- options (reused)
|     +- options (reused)
|     +- options (reused)
|     +- options (reused)
+- run test 16 pass (16 total) 13ms MaxRSS:2M
|  +- compile test Debug native cached 121ms MaxRSS:35M
|     +- options (reused)
|     +- options (reused)
|     +- options (reused)
|     +- options (reused)
|     +- options (reused)
|     +- options (reused)
|     +- options (reused)
|     +- options (reused)
|     +- options (reused)
|     +- options (reused)
|     +- options (reused)
|     +- options (reused)
|     +- options (reused)
+- run test 14 pass (14 total) 7ms MaxRSS:2M
|  +- compile test Debug native cached 106ms MaxRSS:35M
|     +- options (reused)
|     +- options (reused)
|     +- options (reused)
|     +- options (reused)
|     +- options (reused)
|     +- options (reused)
|     +- options (reused)
|     +- options (reused)
|     +- options (reused)
|     +- options (reused)
|     +- options (reused)
|     +- options (reused)
|     +- options (reused)
+- run test 64 pass (64 total) 386ms MaxRSS:15M
|  +- compile test Debug native cached 130ms MaxRSS:35M
|     +- options (reused)
|     +- options (reused)
|     +- options (reused)
|     +- options (reused)
|     +- options (reused)
|     +- options (reused)
|     +- options (reused)
|     +- options (reused)
|     +- options (reused)
|     +- options (reused)
|     +- options (reused)
|     +- options (reused)
|     +- options (reused)
+- run test 10 pass (10 total) 13ms MaxRSS:2M
   +- compile test Debug native cached 74ms MaxRSS:35M
      +- options (reused)
      +- options (reused)
      +- options (reused)
      +- options (reused)
      +- options (reused)
      +- options (reused)
      +- options (reused)
      +- options (reused)
      +- options (reused)
      +- options (reused)
      +- options (reused)
      +- options (reused)
      +- options (reused)

=== verify-unit-tests: app-level test roots (direct zig test) ===
1/35 tabapp.test.tabapp: dispatch classifies WM lifecycle events and tracks the canvas...OK
2/35 tabapp.test.tabapp: scale is the identity at the native canvas (zero-regression fixed point)...OK
3/35 tabapp.test.tabapp: scale maps a fixed layout into the full viewport...OK
4/35 tabapp.test.tabapp: scale never produces zero-size rects...OK
5/35 tabapp.test.tabapp: nav declare/poll are best-effort with no WM seat (M48/BT5)...OK
6/35 ui.abi.test.WMS7 Gate B: the toolkit WM_RPC wire mirror matches the frozen wnd_core ABI...OK
7/35 ui.draw.test.draw: draw_image_buf source-over into a raw buffer...OK
8/35 ui.draw.test.draw: draw_image_buf clips to buffer and stride...OK
9/35 image.test.image: pixel_at bounds checking...OK
10/35 image.test.image: sub_image view and zero-sized handling...OK
11/35 image.test.image: blit Porter-Duff alpha blending...OK
12/35 image.test.image: format dispatch with QOI...OK
13/35 image.test.image: format dispatch with PNG...OK
14/35 qoi.test.qoi: reject header magic and truncated headers...OK
15/35 qoi.test.qoi: decode solid red 4x4 fixture...OK
16/35 qoi.test.qoi: decode gradient rgba 8x8 fixture...OK
17/35 qoi.test.qoi: decode non-square 12x4 fixture...OK
18/35 qoi.test.qoi: buffer too small rejection...OK
19/35 qoi.test.qoi: corrupt end marker rejection...OK
20/35 png.test.png: reject invalid signature and corrupt crc...OK
21/35 png.test.png: decode solid rgb 4x4 fixture...OK
22/35 png.test.png: decode gradient rgba 8x8 fixture...OK
23/35 png.test.png: decode non-square 12x4 fixture...OK
24/35 png.test.png: scan sizes the multi-chunk viewer fixture exactly...OK
25/35 png.test.png: workspace decode of the split-IDAT viewer fixture...OK
26/35 png.test.png: scan rejects bad signature and bad crc...OK
27/35 png.test.png: workspace decode covers images past the convenience caps...OK
28/35 png.test.png: decode grayscale 8x8 fixture...OK
29/35 crc32.test.crc32: standard vectors...OK
30/35 flate.test.flate: uncompressed block...OK
31/35 flate.test.flate: zlib wrapped hello...OK
32/35 flate.test.flate: raw deflate hello...OK
33/35 flate.test.flate: zlib large repetitive dynamic Huffman and LZ77...OK
34/35 flate.test.flate: buffer too small rejection...OK
35/35 flate.test.flate: invalid zlib header and adler mismatch...OK
All 35 tests passed.
1/100 tabwm.test.tabwm: tab manager allocation and lifecycle...OK
2/100 tabwm.test.tabwm: tab manager active index adjustment on removal...OK
3/100 tabwm.test.tabwm: tab cycle forward and backward...OK
4/100 tabwm.test.tabwm: keyboard shortcuts routing...OK
5/100 tabwm.test.tabwm: pointer hit testing and tab selection / close button...OK
6/100 tabwm.test.tabwm: wnd_mail_apply RPC commands...OK
7/100 tabwm.test.tabwm: geometry constants respect M39 tokens...OK
8/100 tabwm.test.tabwm: compute_tab_viewport centering and full bleed...OK
9/100 tabwm.test.tabwm: draw_viewport_backdrop writes canvas outside window...OK
10/100 tabwm.test.tabwm: proper mascot emblem decodes at 28x28 (M42 SX1)...OK
11/100 tabwm.test.tabwm: draw_sidebar blits the raster emblem into the scanout (M42 SX1)...OK
12/100 tabwm.test.tabwm: tab-aware fixed app takes the full viewport (M42 SX2)...OK
13/100 tabwm.test.tabwm: viewport_change_needed idempotence (M42 SX2)...OK
14/100 tabwm.test.tabwm: declare_fullscreen RPC registers and applies the full viewport (M42 SX2)...OK
15/100 tabwm.test.tabwm: declare_fullscreen on an inactive tab defers the proposal (M42 SX2)...OK
16/100 tabwm.test.tabwm: god-menu overlay filters the manifest (M42 SX5)...OK
17/100 tabwm.test.tabwm: god-menu overlay keys — filter, select, launch, dismiss (M42 SX5)...OK
18/100 tabwm.test.tabwm: overlay keys are consumed only while open (M42 SX5)...OK
19/100 tabwm.test.tabwm: god-menu overlay accepts digits, minus, period in the filter (M42 SX5)...OK
20/100 tabwm.test.tabwm: released mirror removes the tab and activates the next (M42 UX)...OK
21/100 tabwm.test.tabwm: released mirror for an unknown id is a no-op (M42 UX)...OK
22/100 tabwm.test.tabwm: hide mirror without released does NOT remove a tab (M42 UX)...OK
23/100 tabwm.test.tabwm: visible mirror upserts geometry (M42 UX)...OK
24/100 tabwm.test.tabwm: the 17th window is ignored, tab 0 not hijacked (M42 UX)...OK
25/100 tabwm.test.tabwm: + New tab affordance and Ctrl+T trigger the new-tab path (M42 UX)...OK
26/100 tabwm.test.tabwm: overlay empty vs filtered-empty messages are distinguishable (M42 UX)...OK
27/100 tabwm.test.tabwm: close_tab removes the tab and activates the next (M42 UX)...OK
28/100 tabwm.test.tabwm: unsaved bit-12 mirror sets, clears, and still releases (M42 UX r2)...OK
29/100 tabwm.test.tabwm: request_close_tab intercepts a dirty tab with the dialog (M42 UX r2)...OK
30/100 tabwm.test.tabwm: unsaved choices — save closes, cancel keeps, discard defers to the mirror (M42 UX r2)...OK
31/100 tabwm.test.tabwm: wnd_core dialog hit-test maps the three buttons (M42 UX r2)...OK
32/100 tabwm.test.tabwm: alt_tab_next policy — null, cycle, invert, 0-start (M42 UX r2)...OK
33/100 tabwm.test.tabwm: Alt+Tab chord moves the active tab, Alt+Shift+Tab inverts (M42 UX r2)...OK
34/100 tabwm.test.tabwm: close_flash_active lives for the tick window then expires (M42 UX r2)...OK
35/100 tabwm.test.tabwm: dialog modal keys — Enter saves, Escape cancels, chords swallowed (M42 UX r2)...OK
36/100 tabwm.test.tabwm: dialog modal pointer — clicks route to the buttons, tabs are safe (M42 UX r2)...OK
37/100 tabwm.test.tabwm: the Sexiburger overlay cannot summon over the modal dialog (M42 UX r2)...OK
38/100 tabwm.test.tabwm: unsaved + alt-tab markers are pinned (M42 UX r2)...OK
39/100 tabwm.test.tabwm: tab_index_at only reaches DRAWN rows (the shared row rule)...OK
40/100 tabwm.test.tabwm: RPC upserts refuse a full manager instead of aliasing tab 0...OK
41/100 tabwm.test.tabwm: parse_clock_epoch accepts seconds-since-midnight, rejects junk...OK
42/100 tabwm.test.tabwm: clock_hms shows wall time with an epoch, uptime without...OK
43/100 tabwm.test.tabwm: resetForTest restores every mutated global to cold-boot...OK
44/100 tabwm.test.tabwm: overflow scroll moves the list window and the hit-test follows...OK
45/100 tabwm.test.tabwm: overflow_label reports the visible window with arrows...OK
46/100 tabwm.test.tabwm: keyboard nav moves the selection, scrolls, and activates...OK
47/100 tabwm.test.tabwm: serialize_tabs/parse_tabs round-trip order and active...OK
48/100 tabwm.test.tabwm: persisted order re-applies by title and sets the active tab...OK
49/100 tabwm.test.tabwm: new-tab pill tracks the visible window...OK
50/100 tabwm.test.tabwm: tick_clock_face prefers the host epoch, else uptime on the host...OK
51/100 tabwm.test.tabwm: middle-click closes the tab under the pointer (#1064)...OK
52/100 tabwm.test.tabwm: keyboard reorder moves the active tab (#1064)...OK
53/100 tabwm.test.tabwm: reopen-closed re-execs a TABWM-launched app (#1064)...OK
54/100 tabwm.test.tabwm: M48 markers are pinned (BT1–BT6)...OK
55/100 tabwm.test.tabwm: duplicate active tab re-execs its recorded bin (M48/BT1)...OK
56/100 tabwm.test.tabwm: move_tab shifts, keeps active, and reorder persists (M48/BT2)...OK
57/100 tabwm.test.tabwm: pointer drag reorders tabs (M48/BT2)...OK
58/100 tabwm.test.tabwm: pinning sorts pinned tabs first (M48/BT3)...OK
59/100 tabwm.test.tabwm: manifest group parsing + dock pin adoption (M48/BT3)...OK
60/100 tabwm.test.tabwm: START surface summons, shares the catalog, and launches (M48/BT4)...OK
61/100 tabwm.test.tabwm: per-tab navigation history records, dedupes, truncates, bounds (M48/BT5)...OK
62/100 tabwm.test.tabwm: back/forward queue the target for the owning app (M48/BT5)...OK
63/100 tabwm.test.tabwm: hover preview dwell, frozen badge, and tab search (M48/BT6)...OK
64/100 lib.ui.draw.test.draw: draw_image_buf source-over into a raw buffer...OK
65/100 lib.ui.draw.test.draw: draw_image_buf clips to buffer and stride...OK
66/100 lib.ui.abi.test.WMS7 Gate B: the toolkit WM_RPC wire mirror matches the frozen wnd_core ABI...OK
67/100 lib.image.test.image: pixel_at bounds checking...OK
68/100 lib.image.test.image: sub_image view and zero-sized handling...OK
69/100 lib.image.test.image: blit Porter-Duff alpha blending...OK
70/100 lib.image.test.image: format dispatch with QOI...OK
71/100 lib.image.test.image: format dispatch with PNG...OK
72/100 lib.qoi.test.qoi: reject header magic and truncated headers...OK
73/100 lib.qoi.test.qoi: decode solid red 4x4 fixture...OK
74/100 lib.qoi.test.qoi: decode gradient rgba 8x8 fixture...OK
75/100 lib.qoi.test.qoi: decode non-square 12x4 fixture...OK
76/100 lib.qoi.test.qoi: buffer too small rejection...OK
77/100 lib.qoi.test.qoi: corrupt end marker rejection...OK
78/100 lib.png.test.png: reject invalid signature and corrupt crc...OK
79/100 lib.png.test.png: decode solid rgb 4x4 fixture...OK
80/100 lib.png.test.png: decode gradient rgba 8x8 fixture...OK
81/100 lib.png.test.png: decode non-square 12x4 fixture...OK
82/100 lib.png.test.png: scan sizes the multi-chunk viewer fixture exactly...OK
83/100 lib.png.test.png: workspace decode of the split-IDAT viewer fixture...OK
84/100 lib.png.test.png: scan rejects bad signature and bad crc...OK
85/100 lib.png.test.png: workspace decode covers images past the convenience caps...OK
86/100 lib.png.test.png: decode grayscale 8x8 fixture...OK
87/100 lib.crc32.test.crc32: standard vectors...OK
88/100 lib.flate.test.flate: uncompressed block...OK
89/100 lib.flate.test.flate: zlib wrapped hello...OK
90/100 lib.flate.test.flate: raw deflate hello...OK
91/100 lib.flate.test.flate: zlib large repetitive dynamic Huffman and LZ77...OK
92/100 lib.flate.test.flate: buffer too small rejection...OK
93/100 lib.flate.test.flate: invalid zlib header and adler mismatch...OK
94/100 lib.font_ttf.test.TrueTypeFace parses Fira Code and Inter headers and cmap...OK
95/100 lib.font_ttf.test.TrueTypeFace loads simple glyph outlines...OK
96/100 lib.font_ttf.test.TrueTypeFace rasterizes anti-aliased glyphs with subpixel coverage...
--- Rasterized Inter 'O' (16px, 12x13, advance=12px) ---
  =%@@%=    
 #@+::+@+   
-%:    -@:  
#+      #+  
@-      -%  
@:      :@: 
@:      :@. 
@-      =#  
#*      #+  
:@+    +@.  
 +@#++#@-   
  .****.    
            

--- Rasterized Fira Code 'A' (14px, 10x11) ---
  :@#     
  +*@.    
  #.#-    
 .% +#    
 =+ .@.   
 #-  #-   
.@#**%#   
-#:::-@.  
*-    @-  
*     ++  
          
OK
97/100 lib.font_ttf.test.TrueTypeFace loads and rasterizes composite glyphs (accented é)...OK
98/100 lib.font_ttf.test.GlyphCache and blend_glyph_bgra render text into 32-bpp BGRA buffer...OK
99/100 lib.font8x8.test.user font8x8: source rows are LSB-first with bit zero at the left...OK
100/100 lib.font8x8.test.user font8x8: the 760-byte table is pinned...OK
All 100 tests passed.
1/55 sexiburger.test.sexiburger app: initial state and button trigger...OK
2/55 sexiburger.test.sexiburger app: chord trigger opens menu...OK
3/55 sexiburger.test.sexiburger app: command invocation updates last action...OK
4/55 sexiburger.test.sexiburger app: proper 24x24 and 64x64 mascot rasters decode...OK
5/55 lib.image.test.image: pixel_at bounds checking...OK
6/55 lib.image.test.image: sub_image view and zero-sized handling...OK
7/55 lib.image.test.image: blit Porter-Duff alpha blending...OK
8/55 lib.image.test.image: format dispatch with QOI...OK
9/55 lib.image.test.image: format dispatch with PNG...OK
10/55 lib.qoi.test.qoi: reject header magic and truncated headers...OK
11/55 lib.qoi.test.qoi: decode solid red 4x4 fixture...OK
12/55 lib.qoi.test.qoi: decode gradient rgba 8x8 fixture...OK
13/55 lib.qoi.test.qoi: decode non-square 12x4 fixture...OK
14/55 lib.qoi.test.qoi: buffer too small rejection...OK
15/55 lib.qoi.test.qoi: corrupt end marker rejection...OK
16/55 lib.sexiburger.test.sexiburger menu: zero-pixel idle footprint until summoned...OK
17/55 lib.sexiburger.test.sexiburger menu: chord open and dismiss...OK
18/55 lib.sexiburger.test.sexiburger menu: six sections at invariant positions...OK
19/55 lib.sexiburger.test.sexiburger menu: type-to-filter interaction...OK
20/55 lib.sexiburger.test.sexiburger menu: raster mascot emblem integration...OK
21/55 lib.sexiburger.test.sexiburger manifest: parses apps, skips comments/blanks/malformed...OK
22/55 lib.sexiburger.test.sexiburger manifest: empty text yields zero, overlong input caps at out.len...OK
23/55 lib.ui.draw.test.draw: draw_image_buf source-over into a raw buffer...OK
24/55 lib.ui.draw.test.draw: draw_image_buf clips to buffer and stride...OK
25/55 lib.action_registry.test.covenant of six: exactly six canonical sections...OK
26/55 lib.action_registry.test.covenant of six: seventh section registration strictly rejected with citation...OK
27/55 lib.action_registry.test.action registry: command registration and section isolation...OK
28/55 lib.action_registry.test.action registry: shell verb lookup (M19 synergy)...OK
29/55 lib.action_registry.test.action registry: active app contextual scoping...OK
30/55 lib.action_registry.test.action registry: type-to-filter with abbreviation and fuzzy matching...OK
31/55 lib.action_registry.test.mascot diagnostics: deterministic 6-layer 6-tentacle accounting...OK
32/55 lib.ui.abi.test.WMS7 Gate B: the toolkit WM_RPC wire mirror matches the frozen wnd_core ABI...OK
33/55 lib.png.test.png: reject invalid signature and corrupt crc...OK
34/55 lib.png.test.png: decode solid rgb 4x4 fixture...OK
35/55 lib.png.test.png: decode gradient rgba 8x8 fixture...OK
36/55 lib.png.test.png: decode non-square 12x4 fixture...OK
37/55 lib.png.test.png: scan sizes the multi-chunk viewer fixture exactly...OK
38/55 lib.png.test.png: workspace decode of the split-IDAT viewer fixture...OK
39/55 lib.png.test.png: scan rejects bad signature and bad crc...OK
40/55 lib.png.test.png: workspace decode covers images past the convenience caps...OK
41/55 lib.png.test.png: decode grayscale 8x8 fixture...OK
42/55 lib.crc32.test.crc32: standard vectors...OK
43/55 lib.flate.test.flate: uncompressed block...OK
44/55 lib.flate.test.flate: zlib wrapped hello...OK
45/55 lib.flate.test.flate: raw deflate hello...OK
46/55 lib.flate.test.flate: zlib large repetitive dynamic Huffman and LZ77...OK
47/55 lib.flate.test.flate: buffer too small rejection...OK
48/55 lib.flate.test.flate: invalid zlib header and adler mismatch...OK
49/55 lib.font_ttf.test.TrueTypeFace parses Fira Code and Inter headers and cmap...OK
50/55 lib.font_ttf.test.TrueTypeFace loads simple glyph outlines...OK
51/55 lib.font_ttf.test.TrueTypeFace rasterizes anti-aliased glyphs with subpixel coverage...
--- Rasterized Inter 'O' (16px, 12x13, advance=12px) ---
  =%@@%=    
 #@+::+@+   
-%:    -@:  
#+      #+  
@-      -%  
@:      :@: 
@:      :@. 
@-      =#  
#*      #+  
:@+    +@.  
 +@#++#@-   
  .****.    
            

--- Rasterized Fira Code 'A' (14px, 10x11) ---
  :@#     
  +*@.    
  #.#-    
 .% +#    
 =+ .@.   
 #-  #-   
.@#**%#   
-#:::-@.  
*-    @-  
*     ++  
          
OK
52/55 lib.font_ttf.test.TrueTypeFace loads and rasterizes composite glyphs (accented é)...OK
53/55 lib.font_ttf.test.GlyphCache and blend_glyph_bgra render text into 32-bpp BGRA buffer...OK
54/55 lib.font8x8.test.user font8x8: source rows are LSB-first with bit zero at the left...OK
55/55 lib.font8x8.test.user font8x8: the 760-byte table is pinned...OK
All 55 tests passed.
verify-unit-tests: all unit tests passed
zig build test-console
=== transcript gate 1: shell module tests (zig test kernel/src/shell.zig) ===
1/478 shell.test.shell: mock-fed end-to-end session produces the exact transcript...OK
2/478 console.test.console: mock captures writes in order...OK
3/478 console.test.console: reset clears capture and flags...OK
4/478 console.test.console: overflow truncates, flags, and never wraps...OK
5/478 console.test.console: zero-capacity mock flags every write...OK
6/478 console.test.console: print_hex prints fixed 16 lowercase digits...OK
7/478 console.test.console: print_hex_min prints minimal lowercase hex...OK
8/478 console.test.console: print_u64 prints decimal without leading zeros...OK
9/478 console.test.console: mock readByte returns scripted input in order...OK
10/478 console.test.console: mock feed overflow is refused and flagged, never wraps...OK
11/478 console.test.console: reset clears the scripted input queue too...OK
12/478 memmap.test.memmap: dense-stride view round-trips descriptors...OK
13/478 memmap.test.memmap: sparse-stride view reads past padding...OK
14/478 memmap.test.memmap: init clamps count and rejects zero stride...OK
15/478 memmap.test.memmap: summarize totals match the fixture...OK
16/478 memmap.test.memmap: bytes_of converts pages to bytes...OK
17/478 lineedit.test.lineedit: empty line submits immediately on LF...OK
18/478 lineedit.test.lineedit: CR alone submits (no LF required)...OK
19/478 lineedit.test.lineedit: CRLF pair submits exactly one line...OK
20/478 lineedit.test.lineedit: backspace deletes and erases...OK
21/478 lineedit.test.lineedit: backspace at start is refused with a bell...OK
22/478 lineedit.test.lineedit: 255 and 256 chars fit exactly and submit...OK
23/478 lineedit.test.lineedit: the 257th char is refused, never truncated mid-word...OK
24/478 lineedit.test.lineedit: ctrl-c cancels and clears...OK
25/478 lineedit.test.lineedit: tab with no completion source bells; stray control bytes are no-ops...OK
26/478 lineedit.test.lineedit: cursor movement tracks the logical cursor...OK
27/478 lineedit.test.lineedit: mid-line insert shifts and redraws...OK
28/478 lineedit.test.lineedit: mid-line backspace and forward delete redraw...OK
29/478 lineedit.test.lineedit: an unhandled CSI key is swallowed whole, tilde and all...OK
30/478 lineedit.test.lineedit: a lone ESC does not eat the next keystroke...OK
31/478 lineedit.test.lineedit: kill chords truncate toward the cursor...OK
32/478 lineedit.test.lineedit: history recall walks up/down and returns to the draft...OK
33/478 lineedit.test.lineedit: consecutive duplicate submissions are collapsed in history...OK
34/478 lineedit.test.lineedit: history ring never overflows past capacity (card U3 regression)...OK
35/478 lineedit.test.lineedit: tab completion inserts the unique suffix; ambiguity bells...OK
36/478 lineedit.test.lineedit: ctrl-l clears the screen and requests a repaint...OK
37/478 lineedit.test.lineedit: completer single match inserts text and trailing space...OK
38/478 lineedit.test.lineedit: completer multi-match cycles candidates on repeated tab...OK
39/478 lineedit.test.lineedit: completer mid-line preserves tail and shifts correctly...OK
40/478 scrollback.test.scrollback: append lines and retrieve...OK
41/478 scrollback.test.scrollback: overflow wraps and drops oldest...OK
42/478 scrollback.test.scrollback: long lines are truncated...OK
43/478 scrollback.test.scrollback: carriage return resets column but keeps line...OK
44/478 handoff.test.handoff: valid fixture passes...OK
45/478 handoff.test.handoff: each corruption is rejected with a specific reason...OK
46/478 handoff.test.handoff: error_name returns deterministic strings...OK
47/478 handoff.test.handoff: v3 carries the boot epoch after the frozen v2 layout (#1058)...OK
48/478 userspace.test.userspace: two sequenced pings preserve the claim-8215 round-trip...OK
49/478 virtio_file.test.virtio_file: G1 — pattern generator parity is pinned (fixture class)...OK
50/478 virtio_file.test.virtio_file: G2 — reply_len clamp math — over-cap dlen never reads OOB...OK
51/478 virtio_file.test.virtio_file: G3 — probe request shape + the raw 32 KiB pattern reply...OK
52/478 virtio_file.test.virtio_file: G4 — hostile envelopes (bad status, truncated rows) are honest...OK
53/478 virtio_file.test.virtio_file: G5 — entry row round trip + read payload + streaming cksum...OK
54/478 virtio_file.test.virtio_file: G6 — request encode bounds (over-long payload, small out)...OK
55/478 virtio_file.test.virtio_file: G7 — HF3 op/status constants + 8-handle parity with file_table.zig...OK
56/478 virtio_file.test.virtio_file: G8 — open request flags + reply handle decode...OK
57/478 virtio_file.test.virtio_file: G9 — write payload shape + written-cursor reply...OK
58/478 virtio_file.test.virtio_file: G10 — truncate/close/fsync payloads (handle + size)...OK
59/478 virtio_file.test.virtio_file: G11 — rename NUL-framed payload + bounds...OK
60/478 virtio_file.test.virtio_file: G12 — pattern chunk plan for the mutation gate...OK
61/478 virtio_file.test.virtio_file: G13 — HF7 clone op: 0x0c, NUL frame, bounds, honest refusal...OK
62/478 virtio_file.test.virtio_file: read_chunk and read_into copy-out under test_share...OK
63/478 virtio_file.test.virtio_file: clean_path strips leading slashes...OK
64/478 terminal.test.terminal: output round-trips FIFO from owner to front-end...OK
65/478 terminal.test.terminal: output ring wraps and preserves order across fill/drain cycles...OK
66/478 terminal.test.terminal: output overflow drops the OLDEST byte and counts it...OK
67/478 terminal.test.terminal: input round-trips FIFO from front-end to owner...OK
68/478 terminal.test.terminal: input overflow drops the NEWEST byte (never evicts unread keys)...OK
69/478 terminal.test.terminal: front-end attach is exclusive and detach re-opens it...OK
70/478 terminal.test.terminal: flush clears buffers and counters without detaching the owner...OK
71/478 terminal.test.terminal: registry creates, looks up, and releases bounded slots...OK
72/478 terminal.test.terminal: serial pump round-trips console input/output through an attached terminal...OK
73/478 terminal.test.terminal: screen lays out CR/LF/BS/TAB and wraps at the column bound...OK
74/478 terminal.test.terminal: screen scrolls past the line bound and clears on CSI 2J...OK
75/478 terminal.test.terminal: window binding is exclusive per terminal and per window...OK
76/478 terminal.test.terminal: window pump drains the output ring into the grid and screenOf finds it...OK
77/478 terminal.test.terminal: net binding is exclusive and single-session (SH7 B2)...OK
78/478 terminal.test.terminal: net pump mints a fresh challenge and gates delivery on the verdict (TS4)...OK
79/478 terminal.test.terminal: ED25519 net auth accepts the 128-hex reply (TS4 class-A framing)...OK
80/478 terminal.test.terminal: net auth deadline trips to a failed connection, never a bypass (TS4)...OK
81/478 terminal.test.terminal: the TS4 auth framing fits one bounded TCP segment (bounds audit)...OK
82/478 terminal.test.terminal: explicit open mode reproduces SH7 byte flow (TS4)...OK
83/478 terminal.test.terminal: net pump ends a half-open accept on its timeout (M46 #1105)...OK
84/478 terminal.test.terminal: setCols reflows long lines to the narrower width...OK
85/478 terminal.test.terminal: reflow overflow drops whole oldest lines...OK
86/478 terminal.test.terminal: setCols to the same value is a no-op; growth keeps lines...OK
87/478 terminal.test.terminal: scrollback view clamps to the stored range...OK
88/478 terminal.test.terminal: selection copies across lines and normalizes direction...OK
89/478 terminal.test.terminal: selection coordinates clamp to the grid...OK
90/478 terminal.test.terminal: copySelectionToClipboard is a no-op without a window binding...OK
91/478 redirect.test.redirect: capture console captures writes...OK
92/478 redirect.test.redirect: capture console overflow is dropped...OK
93/478 redirect.test.redirect: reset clears capture buffer...OK
94/478 redirect.test.redirect: feed console feeds data as stdin...OK
95/478 redirect.test.redirect: feed console passes writes through...OK
96/478 redirect.test.redirect: feed console exhausts input then returns null...OK
97/478 trust.test.trust: default policy — regular file 0644, dir 0755, usb 0444, tty allow...OK
98/478 trust.test.trust: owner vs other mode bits (read/write) from OWNERS...OK
99/478 trust.test.trust: create/delete/list/rename-class matrix...OK
100/478 trust.test.trust: secret class denies read/list/delete/create for every actor (D8)...OK
101/478 trust.test.trust: ensure_secret_file makes SECRETS.TXT secret-class by construction (D8)...OK
102/478 trust.test.trust: malformed + unknown-schema lines fail closed on the named path...OK
103/478 trust.test.trust: group triplet is reserved and normalized to zero...OK
104/478 trust.test.trust: table-full is ENOSPC on chmod, never silent eviction...OK
105/478 trust.test.trust: chmod is owner-only or CAP_FS_ANY (no chown)...OK
106/478 trust.test.trust: OWNERS.TXT round-trip parse/serialize...OK
107/478 trust.test.trust: case-insensitive host-share keys cannot bypass an entry (D4 risk)...OK
108/478 trust.test.trust: remove and rename_meta keep the table consistent...OK
109/478 trust.test.trust: over-long paths never falsely match a short entry...OK
110/478 file_table.test.file_table: path parsing and volume routing...OK
111/478 file_table.test.file_table: the usb volume is read-only and absent without a device...OK
112/478 file_table.test.file_table: handle allocation, bounds, and lifecycle reset...OK
113/478 file_table.test.file_table: wire DirEntry size is exactly 40 bytes...OK
114/478 file_table.test.file_table: mutating ops validate pids, paths, and volumes (claim 5801)...OK
115/478 file_table.test.file_table: /dev/tty routes to the process's terminal device (#1072)...OK
116/478 svclock.test.svclock: acquire/release round-trips and held() tracks the core...OK
117/478 svclock.test.svclock: each domain lock is independent...OK
118/478 svclock.test.svclock: try_acquire refuses a same-core reentry...OK
119/478 svclock.test.svclock: acquire_set/release_set take the canonical order...OK
120/478 svclock.test.svclock: try_take fails cleanly on contention and releases...OK
121/478 svclock.test.svclock: try_take skips bits this core already holds...OK
122/478 svclock.test.svclock: acquire_missing leaves an outer hold intact...OK
123/478 spinlock.test.spinlock: basic uncontended lock and unlock...OK
124/478 spinlock.test.spinlock: try_lock behavior...OK
125/478 spinlock.test.spinlock: concurrent multi-threaded stress test...OK
126/478 virtio_custom.test.virtio_custom: payload is the 16-byte known string, reply cap 64, big payload 12340...OK
127/478 virtio_custom.test.virtio_custom: ring shapes match the split-ring spec...OK
128/478 virtio_custom.test.virtio_custom: feature bits are the spec's ANY_LAYOUT / VERSION_1 / NOTIFICATION_DATA...OK
129/478 virtio_custom.test.virtio_custom: allocator hands out chains, recycles freed indices, and exhausts...OK
130/478 virtio_custom.test.virtio_custom: post_avail builds the spec-correct chain (read-then-write)...OK
131/478 virtio_custom.test.virtio_custom: post_avail builds an ANY_LAYOUT chain (write first) with a 3-part scatter...OK
132/478 virtio_custom.test.virtio_custom: scan_used matches by id, handles out-of-order completion, wraps...OK
133/478 virtio_custom.test.virtio_custom: park_chain keeps a timed-out head out of the free list until reap_parked sees its reply...OK
134/478 virtio_custom.test.virtio_custom: the reply read is length-driven, clamped to the buffer...OK
135/478 virtio_custom.test.virtio_custom: fresh transport reports no-device honestly...OK
136/478 virtio_custom.test.virtio_custom: note_irq records the first INTID and count...OK
137/478 virtio_custom.test.virtio_custom: push-echo shapes (claim 3141) — queue index, buffer sizes...OK
138/478 virtio_custom.test.virtio_custom: input-channel shapes (claim 9588) — queue index, envelope, pool...OK
139/478 virtio_custom.test.virtio_custom: dispatch_input_msg validates the envelope and counts honestly...OK
140/478 virtio_custom.test.virtio_custom: kind-2 pointer messages dispatch through the pointer hook (claim 9367)...OK
141/478 virtio_custom.test.virtio_custom: checksum1071 matches RFC 1071 semantics...OK
142/478 virtio_custom.test.virtio_custom: snapshot framing builders produce the documented wire shapes (claim 0680)...OK
143/478 virtio_custom.test.virtio_custom: kind-3 console control arms and disarms the tee (claim 0680)...OK
144/478 virtio_custom.test.virtio_custom: kind-4 snapshot request pends for the idle seam (claim 0680)...OK
145/478 virtio_custom.test.virtio_custom: console tee accumulator buffers, splits, and drops (claim 0680)...OK
146/478 mmu.test.mmu: build_user_root returns a fresh root per call (per-process roots)...OK
147/478 mmu.test.mmu: user leaves are page-local W^X and reject Device mappings...OK
148/478 mmu.test.mmu: map_user_page and unmap_user_page dynamic lifecycle...OK
149/478 mmu.test.mmu: map_user_cow_page and set_user_leaf_writable...OK
150/478 process.test.process: init starts empty and create binds a full descriptor...OK
151/478 process.test.process: lifecycle created -> running -> exited -> reaped...OK
152/478 process.test.process: exit status survives the executor task's reuse...OK
153/478 process.test.process: bounded registry recycles the oldest exited, never a live one...OK
154/478 process.test.process: on_task_exit is a no-op for unbound slots and find_by_task...OK
155/478 process.test.process: reap guards and name truncation...OK
156/478 process.test.process: allocator-backed resources are freed at reap and recycle...OK
157/478 process.test.process: exited pages return at the lifecycle reap; the procs row stays...OK
158/478 process.test.process: exit reports are a FIFO — two exits print two lines in order...OK
159/478 process.test.process: exit report FIFO overflow drops the OLDEST...OK
160/478 process.test.process: the static boot payload owns no allocator pages...OK
161/478 process.test.process: snapshot marshals non-free rows in id order with the fixed 40-byte shape...OK
162/478 process.test.process: mmap regions and dynamic page tracking...OK
163/478 process.test.process: principal defaults to uid_user/no caps and create_as assigns explicitly...OK
164/478 process.test.process: sys_procs snapshot row is byte-frozen across principals...OK
165/478 tokenizer.test.tokenizer: quoted and unquoted arguments...OK
166/478 tokenizer.test.tokenizer: leading, trailing and repeated spaces collapse...OK
167/478 tokenizer.test.tokenizer: tabs separate tokens...OK
168/478 tokenizer.test.tokenizer: empty quotes yield an empty argument...OK
169/478 tokenizer.test.tokenizer: empty single quotes yield an empty argument...OK
170/478 tokenizer.test.tokenizer: mid-token double quotes join fragments...OK
171/478 tokenizer.test.tokenizer: single quotes are fully literal...OK
172/478 tokenizer.test.tokenizer: embedded single quote via outside-quote escape...OK
173/478 tokenizer.test.tokenizer: quotes of the other kind are literal inside single/double...OK
174/478 tokenizer.test.tokenizer: outside-quote backslash escapes the next byte...OK
175/478 tokenizer.test.tokenizer: double-quote backslash escapes per the issue spec...OK
176/478 tokenizer.test.tokenizer: unbalanced single quote takes the rest as literal...OK
177/478 tokenizer.test.tokenizer: unbalanced quote takes the rest of the line as literal...OK
178/478 tokenizer.test.tokenizer: empty line yields no tokens...OK
179/478 tokenizer.test.tokenizer: exactly max_tokens tokens fit...OK
180/478 tokenizer.test.tokenizer: the max_tokens+1th token sets too_many...OK
181/478 tokenizer.test.tokenizer: arg_glob marks unquoted wildcards only...OK
182/478 settings.test.settings: default initialization and getters...OK
183/478 settings.test.settings: login shell defaults to monitor and accepts sh (M45 SH8)...OK
184/478 settings.test.settings: debug_font applies to the text layer (M20-U11)...OK
185/478 settings.test.settings: set and update existing keys...OK
186/478 settings.test.settings: line parser...OK
187/478 settings.test.settings: serialization round trip...OK
188/478 settings.test.settings: version header is present...OK
189/478 settings.test.settings: current_version constant...OK
190/478 settings.test.settings: theme colors and IDs (M27 G20)...OK
191/478 settings.test.settings: drop-shadow flag (M37 DQ4)...OK
192/478 settings.test.settings: font size getters and setters (M27 G21)...OK
193/478 exec.test.exec: DSK1 header parse rejects bad magic, entry, and oversize images...OK
194/478 exec.test.exec: no disk is reported honestly...OK
195/478 exec.test.exec: DSK3 header validation pins the segment bounds (claim 3805)...OK
196/478 exec.test.exec: ok path loads, validates, builds the root, and spawns the task...OK
197/478 exec.test.exec: exec_file_as assigns an explicit principal (M50 TS1)...OK
198/478 exec.test.exec: pinned exec routes the spawned task to exactly one core...OK
199/478 exec.test.exec: a second program loads and runs while the first is alive...OK
200/478 exec.test.exec: a live user task does not block a second exec (gate is gone)...OK
201/478 exec.test.exec: COUNTER.BIN loads by name with its own marker and process...OK
202/478 exec.test.exec: a valid AArch64 ELF32 loads through the magic-sniff path...OK
203/478 exec.test.exec: PEER.BIN loads by name — counter + peer fill the 11-slot pool...OK
204/478 exec.test.exec: permanent occupant + recycle — one spare slot, pool_full, then the re-exec lands...OK
205/478 exec.test.exec: kill reaps a permanent occupant — pages return, the slot is re-exec'd...OK
206/478 exec.test.exec: argv packing shape, per-arg truncation, and block VA...OK
207/478 exec.test.exec: more than 8 args is refused honestly (too_many_args)...OK
208/478 exec.test.exec: the argv-block room guard is exact at the 4 KiB page boundary...OK
209/478 exec.test.exec: argv block is a read-only leaf — uaccess reads it, writes fault, per-exec distinct...OK
210/478 text.test.text: asymmetric C raster is LSB-first in B8G8R8X8...OK
211/478 text.test.text: the full 95-glyph table rasters LSB-first — every pixel matches the raw source bits (issue 125)...OK
212/478 text.test.text: line wrap starts a new line at the region width...OK
213/478 text.test.text: backspace and carriage return move the cursor (U2)...OK
214/478 text.test.text: the scrollback ring is bounded and drops the oldest line...OK
215/478 text.test.text: clear resets the ring and cursor...OK
216/478 text.test.text: Ctrl-L's erase-in-display clears the layer instead of drawing '[2J'...OK
217/478 text.test.text: render never writes outside the canvas...OK
218/478 text.test.text: tab advances to the next multiple of the stop and fills spaces (U10)...OK
219/478 text.test.text: tab stops land on successive multiples (U10)...OK
220/478 text.test.text: tab width is configurable (4-stop editor style) and clamped (U10)...OK
221/478 text.test.text: tab near the region edge clamps without wrapping (U10)...OK
222/478 text.test.text: monospace guarantee — narrow and wide glyphs occupy exactly one cell (U10)...OK
223/478 text.test.text: char_width categories (U4)...OK
224/478 text.test.text: char_width is comptime-evaluable...OK
225/478 text.test.text: UTF-8 é decodes and stores the Latin-1 literal cell (U2)...OK
226/478 text.test.text: rendered é paints the accent-composed glyph, not blank (U2)...OK
227/478 text.test.text: a width-2 codepoint takes exactly two cells (U2/U4)...OK
228/478 text.test.text: broken UTF-8 becomes U+FFFD, not garbage cells (U2)...OK
229/478 text.test.text: DEL and unknown control bytes stay invisible blanks (U2)...OK
230/478 text.test.text: missing glyph falls back to the replacement character (U11)...OK
231/478 text.test.text: Ext-A Š decodes, stores literal, and paints its caron (U3)...OK
232/478 text.test.text: debug_font counts and reports misses through the hook (U11)...OK
233/478 text.test.text: e + combining acute is ONE cell and one cursor step (U5/U6)...OK
234/478 text.test.text: stacked marks stay one cell; identical clusters share a pool slot (U6)...OK
235/478 text.test.text: leading combining mark gets a dotted-circle base (U6)...OK
236/478 text.test.text: ignorable zero-width codepoints vanish without advancing (U6)...OK
237/478 text.test.text: backspace deletes a whole cluster — composed or wide (U5)...OK
238/478 text.test.text: font sizes — same glyph, exact nearest-neighbor cells (U1)...OK
239/478 text.test.text: visible geometry follows the font size and wrap respects it (U1)...OK
240/478 text.test.text: emoji render two cells wide with real art (U7)...OK
241/478 text.test.text: unknown wide codepoints stay double-wide fallback (U7)...OK
242/478 text.test.text: measure_text — exact monospace arithmetic (U12)...OK
243/478 text.test.text: wrap_line segment contents pin the issue's examples (U15)...OK
244/478 text.test.text: wrap_line reports truncation on a small out-buffer (U15)...OK
245/478 text.test.text: glyph cache hits, sizes, and LRU eviction (U13)...OK
246/478 text.test.text: cached rows are pixel-identical to the direct path (U13)...OK
247/478 text.test.text: Unicode torture document renders deterministically (U14)...OK
248/478 text.test.text: an exhausted cluster pool degrades to ignoring new marks (U6)...OK
249/478 timer.test.timer: GTDT fixture yields the EL1 physical timer GSIV...OK
250/478 timer.test.timer: GTDT with zero GSIV keeps the conventional PPI...OK
251/478 timer.test.timer: heartbeat cadence is every 5 ticks and prints once...OK
252/478 timer.test.timer: first IRQ is reported separately from heartbeat cadence...OK
253/478 timer.test.timer: ppi matching is exact...OK
254/478 timer.test.timer: period math for a 1 s tick...OK
255/478 timer.test.timer: wall_epoch tracks the boot epoch and local_time_of_day wraps (#1058)...OK
256/478 serial_ring.test.serial_ring: append and snapshot...OK
257/478 serial_ring.test.serial_ring: overflow wraps...OK
258/478 serial_ring.test.serial_ring: empty snapshot...OK
259/478 csprng.test.csprng: RFC 7539 §2.2.1 quarter-round state vector...OK
260/478 csprng.test.csprng: RFC 7539 §2.3.2 block-function vector...OK
261/478 csprng.test.csprng: RFC 7539 §2.4.2 114-byte ciphertext vector...OK
262/478 csprng.test.csprng: stream is continuous across block boundaries and seed-deterministic...OK
263/478 csprng.test.csprng: fallback leaves the module honestly unseeded...OK
264/478 csprng.test.csprng: ASLR stack placement stays in band, aligned, clear of text_va...OK
265/478 csprng.test.csprng: unseeded ASLR returns the fixed default...OK
266/478 virtio_gpu.test.virtio_gpu: spec constants, wire shapes, and the fill are the spec shapes...OK
267/478 virtio_gpu.test.virtio_gpu: fill writes the B8G8R8X8 little-endian byte order...OK
268/478 virtio_gpu.test.virtio_gpu: display-info response parse takes pmodes[0]...OK
269/478 wnd_core.test.wnd_core: hit_test returns the topmost visible interactive window...OK
270/478 wnd_core.test.wnd_core: hit_test honours workspace and visibility...OK
271/478 wnd_core.test.wnd_core: resize clamps are the on-scanout bounds...OK
272/478 wnd_core.test.wnd_core: workspace visibility rule (fixed layers always visible)...OK
273/478 wnd_core.test.wnd_core: WMS5 title-bar drag-grab rule (single source)...OK
274/478 wnd_core.test.wnd_core: chrome title layout (the shared truncation rule)...OK
275/478 wnd_core.test.wnd_core: z_rank reports registry order (0 = bottom)...OK
276/478 wnd_core.test.wnd_core: chrome descriptor validity refuses unknown kind/flags and zero kind...OK
277/478 wnd_core.test.wnd_core: WMS5 Gate 2 geometry rules are pinned (tile/snap/max — the WM's rect math)...OK
278/478 wnd_core.test.wnd_core: chrome descriptor is a flat number struct (the frozen ABI, v2 backward-compatible)...OK
279/478 wnd_core.test.wnd_core: tab item layout and cycle rules...OK
280/478 wnd_core.test.wnd_core: DQ2 tab-strip chrome geometry (strip row, title truncation, close box, hit-test)...OK
281/478 wnd_core.test.wnd_core: WM3 taskbar entry layout — rects, hit-test, tray clamp, title slice...OK
282/478 wnd_core.test.wnd_core: WM2 overview grid layout is pinned (shared kernel/WM rule)...OK
283/478 wnd_core.test.wnd_core: WM2 overview hit-testing (cards + workspace buttons)...OK
284/478 events.test.events: wire format layout and size is exactly 16 bytes...OK
285/478 events.test.events: push/peek/pop/drop FIFO sequence and monotonicity...OK
286/478 events.test.events: drop-oldest overflow discipline and wrap...OK
287/478 events.test.events: process isolation and lifecycle reset...OK
288/478 events.test.events: out-of-range PIDs and invalid kinds are defensive no-ops...OK
289/478 virtio_snd.test.virtio_snd: spec shapes — config layout, queue size, DID constants...OK
290/478 virtio_snd.test.virtio_snd: unarmed transport reports honestly...OK
291/478 virtio_snd.test.virtio_snd: stream-state setters are bounded and honest...OK
292/478 virtio_snd.test.virtio_snd: apply_stream_gain scales in place, zeroes when muted, and is bit-exact at 100%...OK
293/478 virtio_snd.test.virtio_snd: format/rate/channel math is deterministic...OK
294/478 virtio_snd.test.virtio_snd: pick_params prefers FLOAT then S16/S32, stereo when offered...OK
295/478 virtio_snd.test.virtio_snd: sine synthesis produces a bounded, non-silent buffer...OK
296/478 clipboard.test.clipboard: set/get round-trips bytes without consuming...OK
297/478 clipboard.test.clipboard: set truncates at the bound and a shorter set shrinks...OK
298/478 clipboard.test.clipboard: get truncates to a smaller destination...OK
299/478 clipboard.test.clipboard: init resets the buffer and the set counter...OK
300/478 font8x8.test.font8x8: source rows are LSB-first with bit zero at the left...OK
301/478 font8x8.test.font8x8: the 760-byte table is pinned — no row bits ever reverse (issue 125)...OK
302/478 font8x8.test.font8x8: the table is overwhelmingly horizontally asymmetric...OK
303/478 font8x8.test.font8x8: glyphs_16 is a correct 2x vertical stretch of glyphs...OK
304/478 font_emoji.test.font_emoji: every entry has ink and unique codepoints...OK
305/478 font_emoji.test.font_emoji: lookup finds knowns and rejects unknowns...OK
306/478 font_emoji.test.font_emoji: the smile is carved into the filled face...OK
307/478 font_emoji.test.font_emoji: thumbsdown is the vertical flip of thumbsup...OK
308/478 font_unicode.test.font_unicode: combining overlays exist for the common marks...OK
309/478 font_unicode.test.font_unicode: scaling is exact nearest-neighbor doubling/tripling...OK
310/478 font_unicode.test.font_unicode: é composes e with an acute overlay in the top rows...OK
311/478 font_unicode.test.font_unicode: ¡ and ¿ are vertical flips of ! and ?...OK
312/478 font_unicode.test.font_unicode: NBSP is blank, lookup rejects untabled ranges...OK
313/478 font_unicode.test.font_unicode: Ext-A covers the whole block with real art (M20-U3)...OK
314/478 font_unicode.test.font_unicode: FFFD is the diamond-with-question-mark silhouette...OK
315/478 xhci.test.xhci: HCSPARAMS1/HCCPARAMS1 field accessors...OK
316/478 xhci.test.xhci: TRB + ERST wire layouts are the spec shapes...OK
317/478 xhci.test.xhci: intr report-buffer slot wraps at the Link TRB boundary...OK
318/478 xhci.test.xhci: issue #118 — the armed TRB length is the device maxpkt, never clamped to 8...OK
319/478 xhci.test.xhci: issue #117 — the multi-TRB top-up keeps the armed depth constant across ring wraps...OK
320/478 xhci.test.xhci: ring geometry — the link TRB holds the wrap boundary...OK
321/478 xhci.test.xhci: I2 context wire layouts are the spec shapes...OK
322/478 xhci.test.xhci: hid_interval converts bInterval to the xHCI interval field...OK
323/478 xhci.test.xhci: control-transfer TRB control fields pack to the spec encodings...OK
324/478 xhci.test.xhci: U4 detach quiesces the registry so every consumer fails clean...OK
325/478 xhci.test.xhci: U4 rescan without a controller is a counted no-op...OK
326/478 uaccess.test.uaccess: copy_in copies exact bytes from a readable region...OK
327/478 uaccess.test.uaccess: copy_out writes exact bytes to a writable region...OK
328/478 uaccess.test.uaccess: boundary — range ending exactly at the region end is ok, one past faults...OK
329/478 uaccess.test.uaccess: overflow and zero length...OK
330/478 uaccess.test.uaccess: out-of-region kernel/MMIO/blanket addresses fault...OK
331/478 uaccess.test.uaccess: copy_out to the read-only text aperture is a permission fault...OK
332/478 uaccess.test.uaccess: a fault inside the window aborts the copy with EFAULT...OK
333/478 uaccess.test.uaccess: try_recover consumes only data aborts inside the window...OK
334/478 uaccess.test.uaccess: raw_copy_in is host-gated and diag is honest off-hardware...OK
335/478 usb_msc.test.usb_msc: CBW encodes signature/tag/len/dir/lun/cdb...OK
336/478 usb_msc.test.usb_msc: CSW parses signature/tag/residue/status...OK
337/478 usb_msc.test.usb_msc: SCSI CDB shapes (opcodes + big-endian LBA/length)...OK
338/478 usb_msc.test.usb_msc: INQUIRY/CAPACITY parsers...OK
339/478 gic.test.gic: MADT v3 fixture parses distributor + redistributor + gicc...OK
340/478 gic.test.gic: MADT v2 fixture parses GICC and picks the MMIO path...OK
341/478 gic.test.gic: unversioned MADT infers v3 from GICR presence...OK
342/478 gic.test.gic: unknown entry types are skipped; malformed lengths stop the walk...OK
343/478 gic.test.gic: absent/non-conformant MADT falls back to the VZ layout...OK
344/478 gic.test.gic: incomplete v2 MADT without a CPU interface falls back...OK
345/478 gic.test.gic: spurious sentinel is 1023 on both paths...OK
346/478 gic.test.gic: redistributor private-interrupt offsets include the SGI frame...OK
347/478 gic.test.gic: private interrupt trigger fields use ICFGR bit one...OK
348/478 gic.test.gic: SPI window register offsets match the distributor layout...OK
349/478 smp.test.smp: initial state and core tracking...OK
350/478 smp.test.smp: IPI counting...OK
351/478 wm_server.test.wm_server: register is one-seat and teardown falls back to the shim...OK
352/478 wm_server.test.wm_server: WMS5 raw-pointer and window-mirror fan-out is WM-only (kind 19/20 routing)...OK
353/478 wm_server.test.wm_server: remove_user_at fans a RELEASED mirror to the WM (M42 UX, flags bit 13)...OK
354/478 wm_server.test.wm_server: SET_STATE counter + keyboard fan-out (claim 4278, WMS5 Gate 2)...OK
355/478 wm_server.test.wm_server: OVERVIEW counter + opcode freeze (WM2, issue #707 card 2)...OK
356/478 wm_server.test.wm_server: COMPOSITE_TICK is delivered only to the registered WM with the present sequence...OK
357/478 wm_server.test.wm_server: the scanout grant is WM-seat-only; teardown clears the seat (claim 7397)...OK
358/478 wm_server.test.wm_server: REQUEST_PRESENT advances the present sequence and count...OK
359/478 elf.test.elf: minimal valid ELF32 parses with correct entry...OK
360/478 elf.test.elf: rejects bad magic, classes, endianness, and machine...OK
361/478 elf.test.elf: rejects truncated headers and tables...OK
362/478 elf.test.elf: rejects out-of-range and oversized segments...OK
363/478 elf.test.elf: enforces W^X segment flags and placement contract...OK
364/478 elf.test.elf: ELF64 parses and reports entry_rel correctly...OK
365/478 elf.test.elf: two-segment layout validates the data-base contract...OK
366/478 elf.test.elf: collect_symbols reads a hand-built symtab...OK
367/478 elf.test.elf: PT_INTERP and PT_DYNAMIC program headers are parsed...OK
368/478 elf.test.elf: auxv encoding and decoding...OK
369/478 elf.test.elf: dynamic tags parsing and relocation resolution...OK
370/478 symbol.test.symbol: add, count, get, and truncation...OK
371/478 symbol.test.symbol: lookup resolves the covering range and offset...OK
372/478 symbol.test.symbol: reset clears between programs...OK
373/478 symbol.test.symbol: full table refuses adds...OK
374/478 mailbox.test.mailbox: send/peek/drop round-trips a message FIFO...OK
375/478 mailbox.test.mailbox: ring wraps and a full ring refuses without losing bytes...OK
376/478 mailbox.test.mailbox: send/peek respect the 64-byte slot bound and truncate...OK
377/478 mailbox.test.mailbox: reset clears a ring and its counters (recycled process ids)...OK
378/478 mailbox.test.mailbox: out-of-range pids are defensive no-ops...OK
379/478 app_timers.test.app_timers: set/cancel/fire countdown round-trips a TIMER event...OK
380/478 app_timers.test.app_timers: clamping — 0 clamps to 1 tick, over-long truncates at max...OK
381/478 app_timers.test.app_timers: cancel disarms; re-arm replaces a pending timer...OK
382/478 app_timers.test.app_timers: per-process isolation, out-of-range pids, and reset...OK
383/478 app_timers.test.app_timers: a fired event wakes a blocked sys_wait_event task through the hook...OK
384/478 exceptions.test.exceptions: ec_name decodes known and unknown classes...OK
385/478 exceptions.test.exceptions: mode_name decodes SPSR M field...OK
386/478 exceptions.test.exceptions: vector-frame helpers match the reverse stp layout...OK
387/478 exceptions.test.exceptions: only AArch64 SVC from EL0t reaches the SVC seam...OK
388/478 exceptions.test.exceptions: is_from_el0 matches SPSR M field 0x0 only...OK
389/478 exceptions.test.exceptions: an EL0 sync fault reaches the fault dispatcher and resumes its frame...OK
390/478 exceptions.test.exceptions: SVC dispatcher mutates x0 and resumes the same EL0 frame...OK
391/478 exceptions.test.exceptions: handled SVC may select another existing scheduler frame...OK
392/478 exceptions.test.exceptions: kind_name is stable...OK
393/478 exceptions.test.exceptions: resume decision is sync-and-armed only...OK
394/478 exceptions.test.exceptions: format_report is deterministic (resume path)...OK
395/478 exceptions.test.exceptions: format_report is deterministic (park path, irq)...OK
396/478 exceptions.test.exceptions: install and trigger never execute in a host test process...OK
397/478 exceptions.test.exceptions: report buffer is bounded (max-size fields never overflow)...OK
398/478 exceptions.test.exceptions: try_handle_page_fault demand zero-fill and COW splitting...OK
399/478 virtio_net.test.virtio_net: feature selection negotiates VER1 + MAC only...OK
400/478 virtio_net.test.virtio_net: MAC read — feature path vs fixed fallback...OK
401/478 virtio_net.test.virtio_net: known-frame build is byte-exact against the fixture...OK
402/478 virtio_net.test.virtio_net: staging bounds — payload truncation is honest...OK
403/478 virtio_net.test.virtio_net: used-ring drain accounting is exact...OK
404/478 virtio_net.test.virtio_net: full TX submit + drain over a mock transport...OK
405/478 virtio_net.test.virtio_net: MAC filter — own MAC + broadcast accepted, other dropped...OK
406/478 virtio_net.test.virtio_net: bounded frame FIFO — push, pop, occupancy, drop-oldest...OK
407/478 virtio_net.test.virtio_net: RX supply + used-ring drain + filter + FIFO over a mock...OK
408/478 virtio_net.test.virtio_net: RX MAC filter drops a foreign frame (counter, not FIFO)...OK
409/478 virtio_net.test.virtio_net: RX ARP request is answered — byte-exact reply on TX over a mock...OK
410/478 virtio_net.test.virtio_net: RX ARP reply is learned into the bounded table...OK
411/478 arp.test.arp: dotted-quad parse — valid, malformed, out-of-range...OK
412/478 arp.test.arp: build_request is byte-exact against the fixture...OK
413/478 arp.test.arp: build_reply is byte-exact against the fixture...OK
414/478 arp.test.arp: classify — request-for-us, not-for-us, reply, non-ARP, malformed...OK
415/478 arp.test.arp: bounded table — lookup, upsert in place, first-free, drop-oldest...OK
416/478 arp.test.arp: handle_rx — answer for us, learn a reply, drop the rest...OK
417/478 secret.test.secret: defaults and the two principals...OK
418/478 secret.test.secret: set/parse bounds — 32/64 field caps and 8-entry store cap...OK
419/478 secret.test.secret: round-trip parse/serialize preserves values per uid...OK
420/478 secret.test.secret: sys_secret_get wire records are fixed-size and value-carrying...OK
421/478 secret.test.secret: malformed lines are skipped; unknown schema refuses the file...OK
422/478 secret.test.secret: the 8-entry cap counts the table, not one principal...OK
423/478 shared_region.test.shared_region: capacity bound...OK
424/478 shared_region.test.shared_region: owner always granted; a peer is WM-only...OK
425/478 shared_region.test.shared_region: no WM registered means no peer reads at all...OK
426/478 shared_region.test.shared_region: grant_read / drop_read maintain the read refcount...OK
427/478 shared_region.test.shared_region: teardown revokes every peer and frees the descriptor...OK
428/478 shared_region.test.shared_region: stale handle after teardown cannot re-grant old peers...OK
429/478 shared_region.test.shared_region: a reused slot starts clean — no stale SB2 wiring survives...OK
430/478 udp.test.udp: RFC 1071 pseudo-header checksum — known vector + fold...OK
431/478 udp.test.udp: build_datagram is byte-exact against the fixture...OK
432/478 udp.test.udp: build_frame is byte-exact against the fixture...OK
433/478 udp.test.udp: listen table — add, duplicate, full, close...OK
434/478 udp.test.udp: peek — copies without consuming, is_listening distinguishes...OK
435/478 udp.test.udp: handle_rx — deliver to a listener, drop badsum / closed / short...OK
436/478 udp.test.udp: bounded per-listener buffer — drop-oldest at 4...OK
437/478 udp.test.udp: loopback — send to our own IP delivers locally, no TX...OK
438/478 ipv4.test.ipv4: RFC 1071 checksum — known vector + odd length...OK
439/478 ipv4.test.ipv4: build_echo_request is byte-exact against the fixture...OK
440/478 ipv4.test.ipv4: build_echo_reply — swapped, echoed, byte-exact, checksums valid...OK
441/478 ipv4.test.ipv4: classify — fragments, bad checksums, foreign protocols, foreign dst...OK
442/478 ipv4.test.ipv4: handle_rx — answer an echo for us, observe a reply, drop the rest...OK
443/478 ipv4.test.ipv4: protocol dispatch — UDP (17) is handed to udp, TCP (6) to the tcp client...OK
444/478 pipe.test.pipe: write/read round-trips through the buffer...OK
445/478 pipe.test.pipe: overflow is dropped, never wraps...OK
446/478 pipe.test.pipe: sink console captures writes, source console feeds reads...OK
447/478 tombstone.test.tombstone: record and retrieve...OK
448/478 tombstone.test.tombstone: drop-oldest overflow...OK
449/478 tombstone.test.tombstone: format includes header...OK
450/478 tombstone.test.tombstone: crash inside a known symbol carries the note...OK
451/478 road_pops.test.road_pops: write tees to serial first, then the framebuffer...OK
452/478 road_pops.test.road_pops: drain presents once per dirty batch...OK
453/478 road_pops.test.road_pops: the first present emits the boot-banner evidence once...OK
454/478 road_pops.test.road_pops: no target degrades to serial-only (default VM)...OK
455/478 road_pops.test.road_pops: flush flushes the base and drains...OK
456/478 road_pops.test.road_pops: readByte delegates to the base (input stays on serial)...OK
457/478 road_pops.test.road_pops: a keyboard read source is consulted before serial (card I3)...OK
458/478 road_pops.test.road_pops: clear_framebuffer forwards to the target only...OK
459/478 road_pops.test.road_pops: report reflects armed/dirty/presents...OK
460/478 input.test.input: hid_to_ascii maps the usable subset (unshifted + shifted)...OK
461/478 input.test.input: usages outside the usable subset are refused (no invented bytes)...OK
462/478 input.test.input: hid_to_bytes maps the nav cluster to ESC sequences...OK
463/478 input.test.input: hid_to_bytes maps ctrl+a-z to ASCII control codes...OK
464/478 input.test.input: WMS8 Gate 5 — the drained geometry chords fan out but the kernel no longer consumes them (claim 9879)...OK
465/478 input.test.input: keyboard report decode pushes a ctrl chord and an arrow sequence...OK
466/478 input.test.input: keyboard report decode pushes key-down bytes with shift...OK
467/478 input.test.input: a held key does not re-fire (no repeat on unchanged report)...OK
468/478 input.test.input: FIFO is bounded and drops on overflow, never wrapping...OK
469/478 input.test.input: pointer report is recorded best-effort (buttons + LE X/Y)...OK
470/478 input.test.input: drain is a no-op when unarmed...OK
471/478 input.test.input: hid_modifiers_to_flags maps modifiers to ADR 0009 bitmasks...OK
472/478 input.test.input: keyboard routing delivers KEY_DOWN and KEY_UP events to focused user window...OK
473/478 input.test.input: a window-bound terminal receives encoded keys, not app events (#1082 A5)...OK
474/478 dns.test.dns: query encoding for standard hostname...OK
475/478 dns.test.dns: response parsing with direct question and answer...OK
476/478 dns.test.dns: response error conditions...OK
477/478 net_log.test.net_log: append and retrieve...OK
478/478 net_log.test.net_log: ring buffer wrap around...OK
All 478 tests passed.
=== transcript gate 2: emitted transcript vs canonical fixture ===
verify-transcript: PASS — mock transcript is byte-identical to the canonical fixture
zig build
elf2bin: ./.zig-cache/o/87987914fbd23100f058ea74447bdc35/user-m21demo -> /Users/tbuddy/t3/zig/virelaios-buffy-argv/.zig-cache/o/b733d2661749cda9f606b783f44cb6dc/M21DEMO.BIN: entry_offset=0x18 image_size=593 (content 569 bytes from 1 PT_LOAD segment(s))
elf2bin: ./.zig-cache/o/eab05ac52713ccbb246598b4a3ad728a/user-smpst-win -> /Users/tbuddy/t3/zig/virelaios-buffy-argv/.zig-cache/o/dac3df12da6a4d02f446a8ccad60145d/SMPWIN.BIN: entry_offset=0x30 image_size=4144 text=4096 data=0 (bss tail 4) from 3 PT_LOAD segment(s)
elf2bin: ./.zig-cache/o/737f48fc140f11ec6592e7e04c0e81cc/user-savetext -> /Users/tbuddy/t3/zig/virelaios-buffy-argv/.zig-cache/o/7fb302228dc4a0a742d6b4901b74ac54/SAVETEXT.BIN: entry_offset=0x18 image_size=225 (content 201 bytes from 1 PT_LOAD segment(s))
elf2bin: ./.zig-cache/o/8279cb9a7b911665b169169596d039c1/user-sb5wm -> /Users/tbuddy/t3/zig/virelaios-buffy-argv/.zig-cache/o/669c58a407f289dae5fa66c00f8b2c92/SB5WM.BIN: entry_offset=0x18 image_size=2256 (content 2232 bytes from 2 PT_LOAD segment(s))
elf2bin: ./.zig-cache/o/f4df6ecfab9d70540784b41b9f67b962/user-globals -> /Users/tbuddy/t3/zig/virelaios-buffy-argv/.zig-cache/o/694b194dabe505f83efc1f2b9e860a0a/GLOBALS.BIN: entry_offset=0x30 image_size=28728 text=28672 data=8 (bss tail 4104) from 3 PT_LOAD segment(s)
elf2bin: ./.zig-cache/o/ef055464e172f30e81b0528dd41970c8/user-win -> /Users/tbuddy/t3/zig/virelaios-buffy-argv/.zig-cache/o/f3619da0f11130bea0e1059831bb8b40/WIN.BIN: entry_offset=0x18 image_size=364 (content 340 bytes from 1 PT_LOAD segment(s))
elf2bin: ./.zig-cache/o/bed6d60400000fc5be41d19a7ca8be43/user-term -> /Users/tbuddy/t3/zig/virelaios-buffy-argv/.zig-cache/o/6c522fbf58da139cbb30f22df96fafd7/TERM.BIN: entry_offset=0x30 image_size=94264 text=94208 data=8 (bss tail 78712) from 3 PT_LOAD segment(s)
elf2bin: ./.zig-cache/o/77d883fbb1baf97483b29f113a3eba9e/user-ps -> /Users/tbuddy/t3/zig/virelaios-buffy-argv/.zig-cache/o/b428894c763a2ce013909ca72aca90fd/PS.BIN: entry_offset=0x30 image_size=12336 text=12288 data=0 (bss tail 82800) from 3 PT_LOAD segment(s)
elf2bin: ./.zig-cache/o/37920da200508f1e131a1b4c0f6a069f/user-sb6new -> /Users/tbuddy/t3/zig/virelaios-buffy-argv/.zig-cache/o/b2f8358b4dd01461b1b0d6eb75bf11db/SB6NEW.BIN: entry_offset=0x18 image_size=1273 (content 1249 bytes from 2 PT_LOAD segment(s))
elf2bin: ./.zig-cache/o/186a3c55537d66446e973e42dc96c371/user-status43 -> /Users/tbuddy/t3/zig/virelaios-buffy-argv/.zig-cache/o/7b1d7d87f8a274a4155317f99f856828/STATUS43.BIN: entry_offset=0x18 image_size=134 (content 110 bytes from 1 PT_LOAD segment(s))
elf2bin: ./.zig-cache/o/ae32742d2fbee7991c5a023a04a18428/user-ttyed -> /Users/tbuddy/t3/zig/virelaios-buffy-argv/.zig-cache/o/09bccf85932937c458269579ba2712fe/TTYED.BIN: entry_offset=0x18 image_size=8477 (content 8453 bytes from 2 PT_LOAD segment(s))
elf2bin: ./.zig-cache/o/2c125c6fca61e518828fe1159f01f565/user-wnd -> /Users/tbuddy/t3/zig/virelaios-buffy-argv/.zig-cache/o/a7dcf732873454fd8e1b31db2b9ac0ca/WND.BIN: entry_offset=0x30 image_size=54504 text=53248 data=1208 (bss tail 193864) from 3 PT_LOAD segment(s)
elf2bin: ./.zig-cache/o/6bed65db8214ffbb8d935ed990d2e93f/user-httpd -> /Users/tbuddy/t3/zig/virelaios-buffy-argv/.zig-cache/o/a37e96bf2a7be9d9d6830a55d6f75dcc/HTTPD.BIN: entry_offset=0x18 image_size=15305 (content 15281 bytes from 2 PT_LOAD segment(s))
elf2bin: ./.zig-cache/o/070232d7af987b5aae0214af07b0070b/user-harden -> /Users/tbuddy/t3/zig/virelaios-buffy-argv/.zig-cache/o/b0a23266853dc0442c145cb0045746f5/HARDEN.BIN: entry_offset=0x18 image_size=714 (content 690 bytes from 2 PT_LOAD segment(s))
elf2bin: ./.zig-cache/o/ec50df2d6482b1fd510db0da926c635c/user-hello -> /Users/tbuddy/t3/zig/virelaios-buffy-argv/.zig-cache/o/8bbb63c6e44f5a1fa40d899f90f241ec/USER.BIN: entry_offset=0x18 image_size=397 (content 373 bytes from 1 PT_LOAD segment(s))
elf2bin: ./.zig-cache/o/20b69ce71936a24a2f2b16d641c4670f/user-asm -> /Users/tbuddy/t3/zig/virelaios-buffy-argv/.zig-cache/o/36cc9b924acbdd2a00a6899e9ef7e452/ASM.BIN: entry_offset=0x18 image_size=12690 (content 12666 bytes from 2 PT_LOAD segment(s))
elf2bin: ./.zig-cache/o/60ae8d66a23ce1dae9d7bbe849ea8f5b/user-netstat -> /Users/tbuddy/t3/zig/virelaios-buffy-argv/.zig-cache/o/d668935c29da6eacb484ceed55324f97/NETSTAT.BIN: entry_offset=0x30 image_size=16432 text=16384 data=0 (bss tail 81824) from 3 PT_LOAD segment(s)
elf2bin: ./.zig-cache/o/b8ca0e38faa58583dc9a97a82fff51df/user-timertest -> /Users/tbuddy/t3/zig/virelaios-buffy-argv/.zig-cache/o/85ca837c9a15361417f9c2df6f45cf3c/TIMER.BIN: entry_offset=0x18 image_size=1129 (content 1105 bytes from 2 PT_LOAD segment(s))
elf2bin: ./.zig-cache/o/58daa5040ecef8d445b61094a5bf860e/user-guard -> /Users/tbuddy/t3/zig/virelaios-buffy-argv/.zig-cache/o/f87aa4e373662669191f4bc761ac5d9a/GUARD.BIN: entry_offset=0x18 image_size=88 (content 64 bytes from 1 PT_LOAD segment(s))
elf2bin: ./.zig-cache/o/58f28fea666762dcbe96bc50d92df508/user-sb6wm -> /Users/tbuddy/t3/zig/virelaios-buffy-argv/.zig-cache/o/1e9d629a6047485ab3a759805824c57c/SB6WM.BIN: entry_offset=0x18 image_size=2600 (content 2576 bytes from 2 PT_LOAD segment(s))
elf2bin: ./.zig-cache/o/d47f738e0221c49dd45ee94bc44ecb4e/user-vmtest -> /Users/tbuddy/t3/zig/virelaios-buffy-argv/.zig-cache/o/4cb410a0ef50fa4252d82337d60ba587/VMTEST.BIN: entry_offset=0x18 image_size=968 (content 944 bytes from 2 PT_LOAD segment(s))
elf2bin: ./.zig-cache/o/ebdb64bae8c6aeb69012fcd297cf572d/user-spin -> /Users/tbuddy/t3/zig/virelaios-buffy-argv/.zig-cache/o/03dc8caaff162a23b6d8892b08e60fd8/SPIN.BIN: entry_offset=0x18 image_size=132 (content 108 bytes from 1 PT_LOAD segment(s))
elf2bin: ./.zig-cache/o/bd576300b65af68269b6b0b87591866b/user-resmon -> /Users/tbuddy/t3/zig/virelaios-buffy-argv/.zig-cache/o/71cba53c34c18e56b358a95fc8445093/RESMON.BIN: entry_offset=0x30 image_size=12336 text=12288 data=0 (bss tail 82800) from 3 PT_LOAD segment(s)
elf2bin: ./.zig-cache/o/b3d1240a525d644ba92cbcd6083ae1f7/user-edit -> /Users/tbuddy/t3/zig/virelaios-buffy-argv/.zig-cache/o/2c3ff460e3891be2ff0db4dd93ef1792/EDIT.BIN: entry_offset=0x30 image_size=246160 text=49152 data=196960 (bss tail 115880) from 3 PT_LOAD segment(s)
elf2bin: ./.zig-cache/o/4395bad37e36b2eb5ee396c033fa2bc3/user-smpst-net -> /Users/tbuddy/t3/zig/virelaios-buffy-argv/.zig-cache/o/fe6adb1399c1171249154b22dadaa608/SMPNET.BIN: entry_offset=0x30 image_size=4144 text=4096 data=0 (bss tail 4) from 3 PT_LOAD segment(s)
elf2bin: ./.zig-cache/o/bb68ced0377e079e6ff67737911b688e/user-winmove -> /Users/tbuddy/t3/zig/virelaios-buffy-argv/.zig-cache/o/4b5e73245e0a5e838d9ad9d4a77661fc/WINMOVE.BIN: entry_offset=0x18 image_size=1340 (content 1316 bytes from 1 PT_LOAD segment(s))
elf2bin: ./.zig-cache/o/34df0f93c4a307758c1c48b613622694/user-tabwm -> /Users/tbuddy/t3/zig/virelaios-buffy-argv/.zig-cache/o/a379b1d1dd1489de53ac810df28f068c/TABWM.BIN: entry_offset=0x30 image_size=45152 text=45056 data=48 (bss tail 96792) from 3 PT_LOAD segment(s)
elf2bin: ./.zig-cache/o/e2611ab6f2d094cf240753f17d900e76/virelai-kernel -> /Users/tbuddy/t3/zig/virelaios-buffy-argv/.zig-cache/o/cdbb48ba7e860afe077323ff7966f01c/KERNEL.BIN: entry_offset=0x28 image_size=8806096 (4 PT_LOAD segment(s), 114 absolute reloc(s))
elf2bin: ./.zig-cache/o/6fa789e30d3241c01295c580a7adc7fd/user-type -> /Users/tbuddy/t3/zig/virelaios-buffy-argv/.zig-cache/o/6fc8f4cdd92ee430e33eda36e8709f11/TYPE.BIN: entry_offset=0x18 image_size=232 (content 208 bytes from 1 PT_LOAD segment(s))
elf2bin: ./.zig-cache/o/4128626912683f9981b9421a5354d174/user-schedring -> /Users/tbuddy/t3/zig/virelaios-buffy-argv/.zig-cache/o/14d2e4a98ae2c280d564f376d37e7dbc/SCHEDRING.BIN: entry_offset=0x18 image_size=213 (content 189 bytes from 1 PT_LOAD segment(s))
elf2bin: ./.zig-cache/o/9cd70012563f69e9ab0fe2dc54b9da16/user-devcons -> /Users/tbuddy/t3/zig/virelaios-buffy-argv/.zig-cache/o/1999fff89399754aa99489f6854b16d7/DEVCONS.BIN: entry_offset=0x30 image_size=16492 text=16384 data=60 (bss tail 118508) from 3 PT_LOAD segment(s)
elf2bin: ./.zig-cache/o/41f157ccb5d399f547e3635a879c4560/user-smp1 -> /Users/tbuddy/t3/zig/virelaios-buffy-argv/.zig-cache/o/8a26687d4375577f980290986a9a5dbc/SMP1.BIN: entry_offset=0x18 image_size=159 (content 135 bytes from 1 PT_LOAD segment(s))
elf2bin: ./.zig-cache/o/4f16cf23869b4c9fc281619135264be1/user-traceroute -> /Users/tbuddy/t3/zig/virelaios-buffy-argv/.zig-cache/o/37a93926a68006a84a3d491b3722588f/TRACEROUTE.BIN: entry_offset=0x18 image_size=2464 (content 2440 bytes from 2 PT_LOAD segment(s))
elf2bin: ./.zig-cache/o/6e6d39bda9e9df539bfb89639363a8e7/user-sb3-own -> /Users/tbuddy/t3/zig/virelaios-buffy-argv/.zig-cache/o/fe9bd68575b24c7b9a50c310dbed8b29/SB3OWN.BIN: entry_offset=0x18 image_size=1127 (content 1103 bytes from 2 PT_LOAD segment(s))
elf2bin: ./.zig-cache/o/304ad6b98e8541fc36ede1b54814692d/user-desktop -> /Users/tbuddy/t3/zig/virelaios-buffy-argv/.zig-cache/o/c966853fd4c2c6a2ecdb9028347fe48c/DESKTOP.BIN: entry_offset=0x30 image_size=20528 text=20480 data=0 (bss tail 81584) from 3 PT_LOAD segment(s)
elf2bin: ./.zig-cache/o/79e7da917981fa3572f1939e23323c50/user-sb5own -> /Users/tbuddy/t3/zig/virelaios-buffy-argv/.zig-cache/o/5cb1d28bb3f8c19a836cba5f8e2144a7/SB5OWN.BIN: entry_offset=0x18 image_size=1141 (content 1117 bytes from 2 PT_LOAD segment(s))
elf2bin: ./.zig-cache/o/7d6eb5f1a5cd25e77ba621249f4c5da5/user-sb2-wm -> /Users/tbuddy/t3/zig/virelaios-buffy-argv/.zig-cache/o/e78a4d86a83c13b536bc0b08d79d7e40/SB2WM.BIN: entry_offset=0x18 image_size=1824 (content 1800 bytes from 2 PT_LOAD segment(s))
elf2bin: ./.zig-cache/o/bb9f8dc304389a56363ee5d34f1bf437/user-wasm -> /Users/tbuddy/t3/zig/virelaios-buffy-argv/.zig-cache/o/18ff7d27b43d5b287a9d72989f296b74/WASM.BIN: entry_offset=0x30 image_size=63456 text=32768 data=30640 (bss tail 152728) from 3 PT_LOAD segment(s)
elf2bin: ./.zig-cache/o/dfafe2eb90149486e6f5aa8fcf010ae7/user-zc -> /Users/tbuddy/t3/zig/virelaios-buffy-argv/.zig-cache/o/ea17e15eff96e8a7b87533aa20896425/ZC.BIN: entry_offset=0x30 image_size=32816 text=32768 data=0 (bss tail 216184) from 3 PT_LOAD segment(s)
elf2bin: ./.zig-cache/o/49d650487a66181ffd3f52672c5a6804/user-chat -> /Users/tbuddy/t3/zig/virelaios-buffy-argv/.zig-cache/o/c73e799ee9000ddd274ec89370855fec/CHAT.BIN: entry_offset=0x30 image_size=12336 text=12288 data=0 (bss tail 81584) from 3 PT_LOAD segment(s)
elf2bin: ./.zig-cache/o/3470d3c81eef37549a2c3b434830d62c/user-fetch -> /Users/tbuddy/t3/zig/virelaios-buffy-argv/.zig-cache/o/74fabd6bfb1f5e94e10961bfa70a2606/FETCH.BIN: entry_offset=0x18 image_size=2979 (content 2955 bytes from 2 PT_LOAD segment(s))
elf2bin: ./.zig-cache/o/c2559fbdd3a2a5ea3780adda99c3478b/user-dns -> /Users/tbuddy/t3/zig/virelaios-buffy-argv/.zig-cache/o/e176f378e320c88da3c9292046ce0ad4/DNS.BIN: entry_offset=0x18 image_size=4711 (content 4687 bytes from 2 PT_LOAD segment(s))
elf2bin: ./.zig-cache/o/7d00f2748b8b48373756361e02a6015a/user-ttyecho -> /Users/tbuddy/t3/zig/virelaios-buffy-argv/.zig-cache/o/7c2132399d62fe7496c56195a9d95040/TTYECHO.BIN: entry_offset=0x18 image_size=1280 (content 1256 bytes from 2 PT_LOAD segment(s))
elf2bin: ./.zig-cache/o/854fccf3cc44b395a26494d0410c1b0c/user-sh -> /Users/tbuddy/t3/zig/virelaios-buffy-argv/.zig-cache/o/c53600b61aa2be3e8128a19a0f5ccb58/SH.BIN: entry_offset=0x30 image_size=98360 text=98304 data=8 (bss tail 85824) from 3 PT_LOAD segment(s)
elf2bin: ./.zig-cache/o/46ee4dc88ed168498da43769fb86ca9c/user-sexitest -> /Users/tbuddy/t3/zig/virelaios-buffy-argv/.zig-cache/o/d9c6bfab0f42c8c4379b538dada23305/SEXITEST.BIN: entry_offset=0x18 image_size=3088 (content 3064 bytes from 2 PT_LOAD segment(s))
elf2bin: ./.zig-cache/o/c4d5e2892d4d909089b57c2f1ba48f19/user-hardening-victim -> /Users/tbuddy/t3/zig/virelaios-buffy-argv/.zig-cache/o/cacea50da927416058ea44003244dc1a/VICTIM.BIN: entry_offset=0x30 image_size=4144 text=4096 data=0 (bss tail 1112) from 3 PT_LOAD segment(s)
elf2bin: ./.zig-cache/o/d4edfe82eb73cec151d70c2c1820a495/user-view -> /Users/tbuddy/t3/zig/virelaios-buffy-argv/.zig-cache/o/af2cccae1d46a80f51517dc88b055fc1/VIEW.BIN: entry_offset=0x30 image_size=28904 text=28672 data=184 (bss tail 89880) from 3 PT_LOAD segment(s)
elf2bin: ./.zig-cache/o/9abc96a6cfdfef6c550743039463acf3/user-smpst-ev -> /Users/tbuddy/t3/zig/virelaios-buffy-argv/.zig-cache/o/c61ab0cf55634e558bf8c03eb5557b0c/SMPEV.BIN: entry_offset=0x30 image_size=4144 text=4096 data=0 (bss tail 4) from 3 PT_LOAD segment(s)
elf2bin: ./.zig-cache/o/e36d3f6f6cc06e45802f7b54f12880db/user-netprof -> /Users/tbuddy/t3/zig/virelaios-buffy-argv/.zig-cache/o/f7e1c6e10a4640ca9a6b2c96a3a80c02/NETPROF.BIN: entry_offset=0x18 image_size=4345 (content 4321 bytes from 2 PT_LOAD segment(s))
elf2bin: ./.zig-cache/o/797a9c3b3eb2111967e79656a07f0571/user-cryptod -> /Users/tbuddy/t3/zig/virelaios-buffy-argv/.zig-cache/o/d6758673aa6ede02a7fd0f01e16819b7/CRYPTOD.BIN: entry_offset=0x18 image_size=2464 (content 2440 bytes from 2 PT_LOAD segment(s))
elf2bin: ./.zig-cache/o/e949271c7de66235f9988960e1ebbfa3/user-wndstub -> /Users/tbuddy/t3/zig/virelaios-buffy-argv/.zig-cache/o/0261bf2150e33963afd15cf89c8cacc9/WNDSTUB.BIN: entry_offset=0x18 image_size=230 (content 206 bytes from 1 PT_LOAD segment(s))
elf2bin: ./.zig-cache/o/b9f5ca4ada97e554ff06f3d43f5187ee/user-file-browser -> /Users/tbuddy/t3/zig/virelaios-buffy-argv/.zig-cache/o/73ea9d1da6efffefa6e87ca2f21dbf51/FILE.BIN: entry_offset=0x30 image_size=49248 text=49152 data=48 (bss tail 81584) from 3 PT_LOAD segment(s)
elf2bin: ./.zig-cache/o/1fec1ae266262404791b40e7bd7db353/user-sb3-wm -> /Users/tbuddy/t3/zig/virelaios-buffy-argv/.zig-cache/o/b0457e6a55de83e38dcf3c2c2b58089d/SB3WM.BIN: entry_offset=0x18 image_size=1960 (content 1936 bytes from 2 PT_LOAD segment(s))
elf2bin: ./.zig-cache/o/dec785d6bf13d9f2af54b54da05a439f/user-settings -> /Users/tbuddy/t3/zig/virelaios-buffy-argv/.zig-cache/o/c3d273ced80062956ab66a2d987dc67c/SETTINGS.BIN: entry_offset=0x30 image_size=20576 text=20480 data=48 (bss tail 81584) from 3 PT_LOAD segment(s)
elf2bin: ./.zig-cache/o/74c626836de9a53a15f8209e7d6a4911/user-counter -> /Users/tbuddy/t3/zig/virelaios-buffy-argv/.zig-cache/o/022e00075c2e81a71b2d59aa0d8f2c31/COUNTER.BIN: entry_offset=0x18 image_size=940 (content 916 bytes from 1 PT_LOAD segment(s))
elf2bin: ./.zig-cache/o/c515cfd4f0219203ca26fc85c7133f6d/user-sb6old -> /Users/tbuddy/t3/zig/virelaios-buffy-argv/.zig-cache/o/43be65b1f74378b35340294760f95571/SB6OLD.BIN: entry_offset=0x18 image_size=476 (content 452 bytes from 2 PT_LOAD segment(s))
elf2bin: ./.zig-cache/o/3a833ec3a0484e2cbfee94a852109d8d/user-download -> /Users/tbuddy/t3/zig/virelaios-buffy-argv/.zig-cache/o/52b49b609ba6622bfef8afda02d0d0e2/DOWNLOAD.BIN: entry_offset=0x18 image_size=3255 (content 3231 bytes from 2 PT_LOAD segment(s))
elf2bin: ./.zig-cache/o/b5775119512eac8f10c68314b9ffe7b3/user-tool -> /Users/tbuddy/t3/zig/virelaios-buffy-argv/.zig-cache/o/a70b3f6a179c49a6566c2b434c64d990/TOOL.BIN: entry_offset=0x30 image_size=12336 text=12288 data=0 (bss tail 45608) from 3 PT_LOAD segment(s)
elf2bin: ./.zig-cache/o/d4d876418667dcbb92059faf044639c9/user-smpst-file -> /Users/tbuddy/t3/zig/virelaios-buffy-argv/.zig-cache/o/d4f9008b32a2bc2ca2dbb0e67da5ea5f/SMPFILE.BIN: entry_offset=0x30 image_size=4144 text=4096 data=0 (bss tail 4) from 3 PT_LOAD segment(s)
elf2bin: ./.zig-cache/o/2cf07d8d955d856743ef5ff52b83d0ba/user-blkd -> /Users/tbuddy/t3/zig/virelaios-buffy-argv/.zig-cache/o/871322a1410b365ea38f36aef84153ab/BLKD.BIN: entry_offset=0x18 image_size=247 (content 223 bytes from 1 PT_LOAD segment(s))
elf2bin: ./.zig-cache/o/323ddaf8f43638b57cfaf452d3e3f68a/user-sysmon -> /Users/tbuddy/t3/zig/virelaios-buffy-argv/.zig-cache/o/f1f473075dd526df5394c5673834670c/SYSMON.BIN: entry_offset=0x30 image_size=20576 text=20480 data=48 (bss tail 81584) from 3 PT_LOAD segment(s)
elf2bin: ./.zig-cache/o/5f28e75243f90fda753d68ba4c6bbd98/user-winclose -> /Users/tbuddy/t3/zig/virelaios-buffy-argv/.zig-cache/o/a7c0bcad55a489c35a4f5b82cdce32ac/WINCLOSE.BIN: entry_offset=0x18 image_size=261 (content 237 bytes from 1 PT_LOAD segment(s))
elf2bin: ./.zig-cache/o/6aeaac608702958433d75a265d20c267/user-disas -> /Users/tbuddy/t3/zig/virelaios-buffy-argv/.zig-cache/o/cac8137447d638706c63150a9aa74a60/DISAS.BIN: entry_offset=0x18 image_size=6496 (content 6472 bytes from 2 PT_LOAD segment(s))
elf2bin: ./.zig-cache/o/066695ebcbf56f4bec84459646146cca/user-sb2-own -> /Users/tbuddy/t3/zig/virelaios-buffy-argv/.zig-cache/o/689b09f5e4e240d21f74a39ce8d176fa/SB2OWN.BIN: entry_offset=0x18 image_size=979 (content 955 bytes from 2 PT_LOAD segment(s))
elf2bin: ./.zig-cache/o/e0167809844b4d2709eb7c729bf8fc46/user-peer -> /Users/tbuddy/t3/zig/virelaios-buffy-argv/.zig-cache/o/d5a320835dd255d3a60dd695c53d8d70/PEER.BIN: entry_offset=0x18 image_size=623 (content 599 bytes from 1 PT_LOAD segment(s))
elf2bin: ./.zig-cache/o/e88ee471498fc55e7ee9d4116bef41da/user-top -> /Users/tbuddy/t3/zig/virelaios-buffy-argv/.zig-cache/o/425d4c37928cc15e2829cbd55a2d9c6e/TOP.BIN: entry_offset=0x30 image_size=28768 text=28672 data=48 (bss tail 81584) from 3 PT_LOAD segment(s)
elf2bin: ./.zig-cache/o/7c4d762c18cb011ca264b2c99ce90a71/user-keytest -> /Users/tbuddy/t3/zig/virelaios-buffy-argv/.zig-cache/o/a3c07cf78fea5083a27ce2d1ba470325/KEYTEST.BIN: entry_offset=0x18 image_size=645 (content 621 bytes from 1 PT_LOAD segment(s))
elf2bin: ./.zig-cache/o/868bcb0fc66536651816ebf63be073c6/user-wmrpc -> /Users/tbuddy/t3/zig/virelaios-buffy-argv/.zig-cache/o/3d71a81c19d423bc3c7bc9c6bb8b6e86/WMRPC.BIN: entry_offset=0x18 image_size=4366 (content 4342 bytes from 2 PT_LOAD segment(s))
elf2bin: ./.zig-cache/o/dd991b9183c4249f3ec771e2fe5a372e/user-notepad -> /Users/tbuddy/t3/zig/virelaios-buffy-argv/.zig-cache/o/8a8f2b319388979d0498ed1084faf9f7/NOTEPAD.BIN: entry_offset=0x30 image_size=28768 text=28672 data=48 (bss tail 81584) from 3 PT_LOAD segment(s)
elf2bin: ./.zig-cache/o/50f9458e591814aeed88089e13052236/user-sshpacket -> /Users/tbuddy/t3/zig/virelaios-buffy-argv/.zig-cache/o/06e7b65828832323840363379958309d/SSHPACKET.BIN: entry_offset=0x30 image_size=4144 text=4096 data=0 (bss tail 35000) from 3 PT_LOAD segment(s)
elf2bin: ./.zig-cache/o/ceb9fcae369a27d3c203311d76abf4f5/user-dir -> /Users/tbuddy/t3/zig/virelaios-buffy-argv/.zig-cache/o/fd82b1c7ab10ae59f51ac5e24b470f1f/DIR.BIN: entry_offset=0x18 image_size=248 (content 224 bytes from 1 PT_LOAD segment(s))
elf2bin: ./.zig-cache/o/e8e82f5b3ccae3db94c044bd0c7aef29/user-jingle -> /Users/tbuddy/t3/zig/virelaios-buffy-argv/.zig-cache/o/9196bc1b354cb18b75e7f41698be597f/JINGLE.BIN: entry_offset=0x18 image_size=8624 (content 8600 bytes from 2 PT_LOAD segment(s))
elf2bin: ./.zig-cache/o/c4d9ed12ebcf8d8a1a96d1f74548c2d1/user-sexiburg -> /Users/tbuddy/t3/zig/virelaios-buffy-argv/.zig-cache/o/2e7de17f16c8c80189959c7aa360288c/SEXIBURG.BIN: entry_offset=0x30 image_size=45104 text=45056 data=0 (bss tail 109392) from 3 PT_LOAD segment(s)
elf2bin: ./.zig-cache/o/6a4b1f08d38aaf5e15ffe51d23ff7a8e/user-tabhold -> /Users/tbuddy/t3/zig/virelaios-buffy-argv/.zig-cache/o/53f347cd4df3a1bb8dbcc1068809cc47/TABHOLD.BIN: entry_offset=0x18 image_size=2440 (content 2416 bytes from 2 PT_LOAD segment(s))
elf2bin: ./.zig-cache/o/06cf677d012ae89ee13ccaab75860374/user-ping -> /Users/tbuddy/t3/zig/virelaios-buffy-argv/.zig-cache/o/863df31214c5af1247e1fb085f882962/PING.BIN: entry_offset=0x18 image_size=5670 (content 5646 bytes from 2 PT_LOAD segment(s))
elf2bin: ./.zig-cache/o/4015bdd26a39482549ffe44f259f20ed/user-winloop -> /Users/tbuddy/t3/zig/virelaios-buffy-argv/.zig-cache/o/290e4fa8c078ddd07edc2e0298e8dcfb/WINLOOP.BIN: entry_offset=0x18 image_size=417 (content 393 bytes from 1 PT_LOAD segment(s))
elf2bin: ./.zig-cache/o/c916a35409f3b16fde8f67ee76b7d056/user-sb4dam -> /Users/tbuddy/t3/zig/virelaios-buffy-argv/.zig-cache/o/f00c1d1619799de80822af20eacce72d/SB4DAM.BIN: entry_offset=0x18 image_size=434 (content 410 bytes from 2 PT_LOAD segment(s))
elf2bin: ./.zig-cache/o/277c175f6d274805c8d4d1f18d63ac7c/user-udp -> /Users/tbuddy/t3/zig/virelaios-buffy-argv/.zig-cache/o/937494cd76bdf64a0b5acac5bc77215c/UDP.BIN: entry_offset=0x18 image_size=605 (content 581 bytes from 1 PT_LOAD segment(s))
elf2bin: ./.zig-cache/o/8788fbdca37b093a8712c61c7a9da2d0/user-chime -> /Users/tbuddy/t3/zig/virelaios-buffy-argv/.zig-cache/o/62eb0bbf56eddd55119a23cdade79454/CHIME.BIN: entry_offset=0x18 image_size=8688 (content 8664 bytes from 2 PT_LOAD segment(s))
elf2bin: ./.zig-cache/o/e9abcb20dd2418e08f4821b8e6e45b46/user-tcp -> /Users/tbuddy/t3/zig/virelaios-buffy-argv/.zig-cache/o/d8155c42d0dc4d7e072c25f671f0b207/TCP.BIN: entry_offset=0x18 image_size=267 (content 243 bytes from 1 PT_LOAD segment(s))
elf2bin: ./.zig-cache/o/29d15ec10d54cf0dd0496aa5d51d61e1/user-calc -> /Users/tbuddy/t3/zig/virelaios-buffy-argv/.zig-cache/o/764e1dcc4ff05489c24bdc8fd6c71bc4/CALC.BIN: entry_offset=0x30 image_size=82016 text=81920 data=48 (bss tail 81592) from 3 PT_LOAD segment(s)
zig build image
elf2bin: ./.zig-cache/o/e2611ab6f2d094cf240753f17d900e76/virelai-kernel -> /Users/tbuddy/t3/zig/virelaios-buffy-argv/.zig-cache/o/cdbb48ba7e860afe077323ff7966f01c/KERNEL.BIN: entry_offset=0x28 image_size=8806096 (4 PT_LOAD segment(s), 114 absolute reloc(s))
make-image: building FAT32+GPT boot image 'artifacts/disk.img' (0 MiB)...
mkfat32: wrote artifacts/disk.img.tmp (174592 EFI + 8806096 kernel bytes)
make-image: verifying image contents...
size: 35364864 bytes (69072 sectors)
LBA0: MBR present
GPT: valid signature, header crc32=0xde33e5c4
GPT: ESP partition at LBA 2048, 67024 sectors
FAT: boot sig ok, label='VIRELAIOS', 512-byte sectors, 1 sector/cluster, 32 reserved, 2 FATs x 516 sectors, root cluster 2
FAT: directory tree:
  EFI/
    BOOT/
      BOOTAA64.EFI  (174592 bytes)
  KERNEL.BIN  (8806096 bytes)
make-image: done.
zig build inspect
=== EFI binary: ./.zig-cache/o/8a56dc87a0aed31a031e3894ddf7d05f/bootaa64.efi ===
./.zig-cache/o/8a56dc87a0aed31a031e3894ddf7d05f/bootaa64.efi: PE32+ executable (EFI application) Aarch64, for MS Windows
-- llvm-objdump -f (file header) --

./.zig-cache/o/8a56dc87a0aed31a031e3894ddf7d05f/bootaa64.efi:	file format coff-arm64
architecture: aarch64
start address: 0x0000000000000000
-- llvm-objdump --private-headers (PE/COFF) --

./.zig-cache/o/8a56dc87a0aed31a031e3894ddf7d05f/bootaa64.efi:	file format coff-arm64
Characteristics 0x22
	executable
	large address aware

Time/Date               Sat Sep 12 12:16:55 2026
Magic                   020b	(PE32+)
MajorLinkerVersion      14
MinorLinkerVersion      0
SizeOfCode              0000000000022a00
SizeOfInitializedData   0000000000007c00
SizeOfUninitializedData 0000000000000000
AddressOfEntryPoint     000000000001b2bc
BaseOfCode              0000000000001000
ImageBase               0000000000000000
SectionAlignment        00001000
FileAlignment           00000200
MajorOSystemVersion     6
MinorOSystemVersion     0
MajorImageVersion       0
MinorImageVersion       0
MajorSubsystemVersion   6
MinorSubsystemVersion   0
Win32Version            00000000
SizeOfImage             0002d000
SizeOfHeaders           00000400
CheckSum                00000000
Subsystem               0000000a	(EFI application)
DllCharacteristics      00008160
					HIGH_ENTROPY_VA
					DYNAMIC_BASE
					NX_COMPAT
					TERMINAL_SERVER_AWARE
SizeOfStackReserve      0000000001000000
SizeOfStackCommit       0000000000001000
SizeOfHeapReserve       0000000000100000
SizeOfHeapCommit        0000000000001000
LoaderFlags             00000000
NumberOfRvaAndSizes     00000010

The Data Directory
Entry 0 0000000000000000 00000000 Export Directory [.edata (or where ever we found it)]
Entry 1 0000000000000000 00000000 Import Directory [parts of .idata]
Entry 2 0000000000000000 00000000 Resource Directory [.rsrc]
Entry 3 000000000002b000 00000958 Exception Directory [.pdata]
Entry 4 0000000000000000 00000000 Security Directory
Entry 5 000000000002c000 00000118 Base Relocation Directory [.reloc]
Entry 6 00000000000298d0 0000001c Debug Directory
Entry 7 0000000000000000 00000000 Description Directory
Entry 8 0000000000000000 00000000 Special Directory
Entry 9 0000000000000000 00000000 Thread Storage Directory [.tls]
Entry a 0000000000000000 00000000 Load Configuration Directory
Entry b 0000000000000000 00000000 Bound Import Directory
Entry c 0000000000000000 00000000 Import Address Table Directory
Entry d 0000000000000000 00000000 Delay Import Directory
Entry e 0000000000000000 00000000 CLR Runtime Header
Entry f 0000000000000000 00000000 Reserved

-- llvm-objdump -h (sections) --

./.zig-cache/o/8a56dc87a0aed31a031e3894ddf7d05f/bootaa64.efi:	file format coff-arm64

Sections:
Idx Name          Size     VMA              Type
  0 .text         00022820 0000000000001000 TEXT
  1 .data         00006fe0 0000000000024000 DATA
  2 .pdata        00000958 000000000002b000 DATA
  3 .reloc        00000118 000000000002c000 DATA
-- llvm-objdump -d (first 24 lines of disassembly) --

./.zig-cache/o/8a56dc87a0aed31a031e3894ddf7d05f/bootaa64.efi:	file format coff-arm64

Disassembly of section .text:

0000000000001000 <.text>:
    1000: f81e0ffc     	str	x28, [sp, #-0x20]!
    1004: a900fbfd     	stp	x29, x30, [sp, #0x8]
    1008: 910023fd     	add	x29, sp, #0x8
    100c: d10883ff     	sub	sp, sp, #0x220
    1010: d102c3a8     	sub	x8, x29, #0xb0
    1014: f9001be8     	str	x8, [sp, #0x30]
    1018: f9001ffe     	str	x30, [sp, #0x38]
    101c: aa0003e8     	mov	x8, x0
    1020: aa0803e0     	mov	x0, x8
    1024: f90023e0     	str	x0, [sp, #0x40]
    1028: aa0103e9     	mov	x9, x1
    102c: f90027e9     	str	x9, [sp, #0x48]
    1030: aa0203e9     	mov	x9, x2
    1034: f9002be9     	str	x9, [sp, #0x50]
    1038: d10343a0     	sub	x0, x29, #0xd0
    103c: 910163e9     	add	x9, sp, #0x58
    1040: f81383a9     	stur	x9, [x29, #-0xc8]
    1044: 52800409     	mov	w9, #0x20               // =32
  (tool not available: llvm-readobj)
-- symbols of interest --
./.zig-cache/o/8a56dc87a0aed31a031e3894ddf7d05f/bootaa64.efi: no symbols

=== Disk image: artifacts/disk.img ===
artifacts/disk.img: DOS/MBR boot sector; partition 1 : ID=0xee, start-CHS (0x0,0,0), end-CHS (0x3ff,255,63), startsector 1, 69071 sectors, extended partition table (last)
-- FAT/GPT listing (python) --
size: 35364864 bytes (69072 sectors)
LBA0: MBR present
GPT: valid signature, header crc32=0xde33e5c4
GPT: ESP partition at LBA 2048, 67024 sectors
FAT: boot sig ok, label='VIRELAIOS', 512-byte sectors, 1 sector/cluster, 32 reserved, 2 FATs x 516 sectors, root cluster 2
FAT: directory tree:
  EFI/
    BOOT/
      BOOTAA64.EFI  (174592 bytes)
  KERNEL.BIN  (8806096 bytes)
  (tool not available: mdir)
swift build --package-path host/vm-runner
Building for debugging...
[2 / 12]
[3 / 13] VFWire
Build complete! (0.54 sec)
zig build context
context written to artifacts/context.md
bash tools/status/verify-issue-coordination.sh
verify-issue-coordination: ok — 4 open claim issue(s) checked, no file overlaps
bash tools/status/test-coordination.sh
ok   disjoint claims pass
ok   overlap across branches fails (names both issues)
ok   blocked claim excluded from overlap
ok   same-branch overlap allowed (one editor)
ok   prefix-glob overlap fails
ok   missing backticked branch fails
ok   stale claim warns
ok   empty tracker passes
ok   sweep: fresh claims not flagged
ok   sweep: stale claims flagged (names both)
ok   sweep: already-flagged stale claim skipped
ok   sweep: updated claim unlabeled
ok   sweep: fresh unlabeled claim untouched
ok   guard: human comment unlabels a stale claim
ok   guard: sweep warning (bot author) does not unlabel
ok   guard: local-token sweep warning (marker) does not unlabel
ok   guard: third-party bot comment does not unlabel
ok   guard: human issues edit unlabels a stale claim
ok   guard: bot-driven issues event does not unlabel
ok   guard: third-party bot issues event does not unlabel
ok   guard: unlabeled claim left alone
ok   guard: closed claim left alone

test-coordination: 22/22 PASS
bash tools/inventory-gates.sh --check
inventory-gates --check: OK (docs/gate-fleet-inventory.md matches a fresh render)
inventory-gates --check: OK (render is locale-invariant: LC_ALL=C == en_US.UTF-8)
bash tools/lint-workflows.sh
bash tools/verify-mmu-debt.sh
=== verify-mmu-debt: claim 1517 — MMU takeover contract intact (corrected start level T0SZ=16 + TLBI at the switch; deterministic, no VM) ===

--- 1. ADR 0006 exists with the invalidation list + supersession note ---
  PASS: docs/decisions/0006-mmu-debt-boundary.md exists
  PASS: ADR 0006 invalidation item: Descriptor changes
  PASS: ADR 0006 invalidation item: Permission/attribute changes
  PASS: ADR 0006 invalidation item: Page reclamation
  PASS: ADR 0006 invalidation item: Non-identity mappings
  PASS: ADR 0006 invalidation item: ASID / address-space work
  PASS: ADR 0006 invalidation item: Unmapping
  PASS: ADR 0006 invalidation item: Mappings above the blanket
  PASS: ADR 0006 invalidation item: TCR/MAIR changes
  PASS: ADR 0006 title
  PASS: ADR 0006 supersession note (claim 1517)

--- 2. ADR 0004 D3 records the corrected start level + TLBI and points to 0006 ---
  PASS: ADR 0004 D3 records the corrected start level (T0SZ=16)
  PASS: ADR 0004 D3 mentions the tlbi (historical + claim 1517)
  PASS: ADR 0004 D3 claim-1517 addendum present
  PASS: ADR 0004 D3 points to ADR 0006

--- 3. hardware-contract records the corrected MMU + post-MMU TX observations ---
  PASS: hardware-contract: production T0SZ=16
  PASS: hardware-contract: TLBI at the switch
  PASS: hardware-contract: post-MMU virtio TX [observed]
  PASS: hardware-contract: ADR 0006 pointer

--- 4. kernel install_identity_map() still carries the load-bearing comments ---
  PASS: kernel: TLBI executed at the switch
  PASS: kernel: claim-1517 TLBI comment
  PASS: kernel: 4 GiB blanket constant
  PASS: kernel: descriptors-immutable statement

verify-mmu-debt: PASS — MMU takeover contract intact (T0SZ=16 + TLBI at the switch; ADR 0006 + ADR 0004 D3 + hardware-contract + kernel comments).
bash tools/verify-glyph-raster.sh
=== verify-glyph-raster: the font8x8 LSB-first convention, as a named class-A gate ===

[1/3] raster-golden module tests (font8x8 + text + driving_award)
-- zig test kernel/src/font8x8.zig
1/4 font8x8.test.font8x8: source rows are LSB-first with bit zero at the left...OK
2/4 font8x8.test.font8x8: the 760-byte table is pinned — no row bits ever reverse (issue 125)...OK
3/4 font8x8.test.font8x8: the table is overwhelmingly horizontally asymmetric...OK
4/4 font8x8.test.font8x8: glyphs_16 is a correct 2x vertical stretch of glyphs...OK
All 4 tests passed.
-- zig test kernel/src/text.zig
1/72 text.test.text: asymmetric C raster is LSB-first in B8G8R8X8...OK
2/72 text.test.text: the full 95-glyph table rasters LSB-first — every pixel matches the raw source bits (issue 125)...OK
3/72 text.test.text: line wrap starts a new line at the region width...OK
4/72 text.test.text: backspace and carriage return move the cursor (U2)...OK
5/72 text.test.text: the scrollback ring is bounded and drops the oldest line...OK
6/72 text.test.text: clear resets the ring and cursor...OK
7/72 text.test.text: Ctrl-L's erase-in-display clears the layer instead of drawing '[2J'...OK
8/72 text.test.text: render never writes outside the canvas...OK
9/72 text.test.text: tab advances to the next multiple of the stop and fills spaces (U10)...OK
10/72 text.test.text: tab stops land on successive multiples (U10)...OK
11/72 text.test.text: tab width is configurable (4-stop editor style) and clamped (U10)...OK
12/72 text.test.text: tab near the region edge clamps without wrapping (U10)...OK
13/72 text.test.text: monospace guarantee — narrow and wide glyphs occupy exactly one cell (U10)...OK
14/72 text.test.text: char_width categories (U4)...OK
15/72 text.test.text: char_width is comptime-evaluable...OK
16/72 text.test.text: UTF-8 é decodes and stores the Latin-1 literal cell (U2)...OK
17/72 text.test.text: rendered é paints the accent-composed glyph, not blank (U2)...OK
18/72 text.test.text: a width-2 codepoint takes exactly two cells (U2/U4)...OK
19/72 text.test.text: broken UTF-8 becomes U+FFFD, not garbage cells (U2)...OK
20/72 text.test.text: DEL and unknown control bytes stay invisible blanks (U2)...OK
21/72 text.test.text: missing glyph falls back to the replacement character (U11)...OK
22/72 text.test.text: Ext-A Š decodes, stores literal, and paints its caron (U3)...OK
23/72 text.test.text: debug_font counts and reports misses through the hook (U11)...OK
24/72 text.test.text: e + combining acute is ONE cell and one cursor step (U5/U6)...OK
25/72 text.test.text: stacked marks stay one cell; identical clusters share a pool slot (U6)...OK
26/72 text.test.text: leading combining mark gets a dotted-circle base (U6)...OK
27/72 text.test.text: ignorable zero-width codepoints vanish without advancing (U6)...OK
28/72 text.test.text: backspace deletes a whole cluster — composed or wide (U5)...OK
29/72 text.test.text: font sizes — same glyph, exact nearest-neighbor cells (U1)...OK
30/72 text.test.text: visible geometry follows the font size and wrap respects it (U1)...OK
31/72 text.test.text: emoji render two cells wide with real art (U7)...OK
32/72 text.test.text: unknown wide codepoints stay double-wide fallback (U7)...OK
33/72 text.test.text: measure_text — exact monospace arithmetic (U12)...OK
34/72 text.test.text: wrap_line segment contents pin the issue's examples (U15)...OK
35/72 text.test.text: wrap_line reports truncation on a small out-buffer (U15)...OK
36/72 text.test.text: glyph cache hits, sizes, and LRU eviction (U13)...OK
37/72 text.test.text: cached rows are pixel-identical to the direct path (U13)...OK
38/72 text.test.text: Unicode torture document renders deterministically (U14)...OK
39/72 text.test.text: an exhausted cluster pool degrades to ignoring new marks (U6)...OK
40/72 virtio_gpu.test.virtio_gpu: spec constants, wire shapes, and the fill are the spec shapes...OK
41/72 virtio_gpu.test.virtio_gpu: fill writes the B8G8R8X8 little-endian byte order...OK
42/72 virtio_gpu.test.virtio_gpu: display-info response parse takes pmodes[0]...OK
43/72 font_emoji.test.font_emoji: every entry has ink and unique codepoints...OK
44/72 font_emoji.test.font_emoji: lookup finds knowns and rejects unknowns...OK
45/72 font_emoji.test.font_emoji: the smile is carved into the filled face...OK
46/72 font_emoji.test.font_emoji: thumbsdown is the vertical flip of thumbsup...OK
47/72 font8x8.test.font8x8: source rows are LSB-first with bit zero at the left...OK
48/72 font8x8.test.font8x8: the 760-byte table is pinned — no row bits ever reverse (issue 125)...OK
49/72 font8x8.test.font8x8: the table is overwhelmingly horizontally asymmetric...OK
50/72 font8x8.test.font8x8: glyphs_16 is a correct 2x vertical stretch of glyphs...OK
51/72 font_unicode.test.font_unicode: combining overlays exist for the common marks...OK
52/72 font_unicode.test.font_unicode: scaling is exact nearest-neighbor doubling/tripling...OK
53/72 font_unicode.test.font_unicode: é composes e with an acute overlay in the top rows...OK
54/72 font_unicode.test.font_unicode: ¡ and ¿ are vertical flips of ! and ?...OK
55/72 font_unicode.test.font_unicode: NBSP is blank, lookup rejects untabled ranges...OK
56/72 font_unicode.test.font_unicode: Ext-A covers the whole block with real art (M20-U3)...OK
57/72 font_unicode.test.font_unicode: FFFD is the diamond-with-question-mark silhouette...OK
58/72 mmu.test.mmu: build_user_root returns a fresh root per call (per-process roots)...OK
59/72 mmu.test.mmu: user leaves are page-local W^X and reject Device mappings...OK
60/72 mmu.test.mmu: map_user_page and unmap_user_page dynamic lifecycle...OK
61/72 mmu.test.mmu: map_user_cow_page and set_user_leaf_writable...OK
62/72 userspace.test.userspace: two sequenced pings preserve the claim-8215 round-trip...OK
63/72 console.test.console: mock captures writes in order...OK
64/72 console.test.console: reset clears capture and flags...OK
65/72 console.test.console: overflow truncates, flags, and never wraps...OK
66/72 console.test.console: zero-capacity mock flags every write...OK
67/72 console.test.console: print_hex prints fixed 16 lowercase digits...OK
68/72 console.test.console: print_hex_min prints minimal lowercase hex...OK
69/72 console.test.console: print_u64 prints decimal without leading zeros...OK
70/72 console.test.console: mock readByte returns scripted input in order...OK
71/72 console.test.console: mock feed overflow is refused and flagged, never wraps...OK
72/72 console.test.console: reset clears the scripted input queue too...OK
All 72 tests passed.
-- zig test kernel/src/driving_award.zig
All 0 tests passed.
module goldens: PASS

[2/3] offline in-cell mirror self-test (decode-screen-glyphs.py --self-test)
self-test: asymmetric C golden confirms source LSB-left orientation
self-test: forward title='clock' body='DRIVING AWARD'
self-test: after in-cell mirror, forward title='?J???' (4 unknowns) body='??J?J?? ?????' (10 unknowns)
self-test: after in-cell mirror, mirrored decode title='clock' body='DRIVING AWARD'
SELF-TEST PASS: the clock title/body tripwire reads forward and detects an in-cell mirror
offline self-test: PASS# --- 3. Mutation check: delegated to the generalized bit-order gate ---

[3/3] mutation check (delegated: tools/verify-mutations.sh — row_pixel reversal + FAT endianness + virtio NEXT-bit)
=== verify-mutations: the generalized bit-order mutation check ===

[mutation 1] font8x8 row_pixel (kernel/src/font8x8.zig)
  !! driving_award did NOT fail under the mutation — the golden cannot detect this regression
  detected (all listed modules failed)

[mutation 2] file_table traversal boundary (kernel/src/file_table.zig)
  detected (all listed modules failed)

[mutation 3] virtio chain-walk NEXT bit (kernel/src/virtio_custom.zig)
  detected (all listed modules failed)

=== verify-mutations: PASS (3 bit-order mutations applied; every golden failed under its mutation) ===
mutation check: PASS (every bit-order mutation failed its goldens)

=== verify-glyph-raster: PASS (goldens green, self-test green, mutation detected) ===
bash tools/verify-ttf-fonts.sh
=== verify-ttf-fonts: TrueType Engine & Typography Verification (Inter + Fira Code) ===

[1/3] Verifying source TrueType font files in image/fonts/
  Inter-Regular.ttf: 411640 bytes (OK)
  FiraCode-Regular.ttf: 289624 bytes (OK)

[2/3] Running TrueType parser, rasterizer, composite, cache & blend unit tests
1/5 font_ttf.test.TrueTypeFace parses Fira Code and Inter headers and cmap...OK
2/5 font_ttf.test.TrueTypeFace loads simple glyph outlines...OK
3/5 font_ttf.test.TrueTypeFace rasterizes anti-aliased glyphs with subpixel coverage...
--- Rasterized Inter 'O' (16px, 12x13, advance=12px) ---
  =%@@%=    
 #@+::+@+   
-%:    -@:  
#+      #+  
@-      -%  
@:      :@: 
@:      :@. 
@-      =#  
#*      #+  
:@+    +@.  
 +@#++#@-   
  .****.    
            

--- Rasterized Fira Code 'A' (14px, 10x11) ---
  :@#     
  +*@.    
  #.#-    
 .% +#    
 =+ .@.   
 #-  #-   
.@#**%#   
-#:::-@.  
*-    @-  
*     ++  
          
OK
4/5 font_ttf.test.TrueTypeFace loads and rasterizes composite glyphs (accented é)...OK
5/5 font_ttf.test.GlyphCache and blend_glyph_bgra render text into 32-bpp BGRA buffer...OK
All 5 tests passed.

[3/3] Compiling userland with font engine integrated
elf2bin: ./.zig-cache/o/304ad6b98e8541fc36ede1b54814692d/user-desktop -> /Users/tbuddy/t3/zig/virelaios-buffy-argv/.zig-cache/o/c966853fd4c2c6a2ecdb9028347fe48c/DESKTOP.BIN: entry_offset=0x30 image_size=20528 text=20480 data=0 (bss tail 81584) from 3 PT_LOAD segment(s)
elf2bin: ./.zig-cache/o/b3d1240a525d644ba92cbcd6083ae1f7/user-edit -> /Users/tbuddy/t3/zig/virelaios-buffy-argv/.zig-cache/o/2c3ff460e3891be2ff0db4dd93ef1792/EDIT.BIN: entry_offset=0x30 image_size=246160 text=49152 data=196960 (bss tail 115880) from 3 PT_LOAD segment(s)

=== verify-ttf-fonts: PASS (Inter & Fira Code TrueType engine verified) ===
bash tools/verify-mutations.sh
=== verify-mutations: the generalized bit-order mutation check ===

[mutation 1] font8x8 row_pixel (kernel/src/font8x8.zig)
  !! driving_award did NOT fail under the mutation — the golden cannot detect this regression
  detected (all listed modules failed)

[mutation 2] file_table traversal boundary (kernel/src/file_table.zig)
  detected (all listed modules failed)

[mutation 3] virtio chain-walk NEXT bit (kernel/src/virtio_custom.zig)
  detected (all listed modules failed)

=== verify-mutations: PASS (3 bit-order mutations applied; every golden failed under its mutation) ===
bash tools/verify-bss-budget.sh
=== verify-bss-budget: ADR 0013 D3.1 CI gate — kernel .bss ceiling (class A, deterministic, no VM) ===
budget source: docs/decisions/0013-post-m14-abi-amendment.md D3.1
budget:        11534336 B (11.0 MiB)

-- building kernel --
elf2bin: ./.zig-cache/o/e2611ab6f2d094cf240753f17d900e76/virelai-kernel -> /Users/tbuddy/t3/zig/virelaios-buffy-argv/.zig-cache/o/cdbb48ba7e860afe077323ff7966f01c/KERNEL.BIN: entry_offset=0x28 image_size=8806096 (4 PT_LOAD segment(s), 114 absolute reloc(s))

-- kernel ELF section sizes --
  .bss:           8176632 B  (0x7cc3f8)
  .data:          107704 B  (0x01a4b8)
  .userbss:       36864 B  (0x009000)

-- budget check --
  measured:       8176632 B
  budget:         11534336 B
  remaining:      3357704 B
  over budget:    0 B
  status:         PASS

-- known large .bss contributors (sourced from kernel/src; informational) --
  mmu.table_storage (kernel/src/mmu.zig):     2,097,152 B (2.0 MiB; page-table carve-out, ADR 0006, doubled in M16 C4)
  virtio_gpu.gpu_fb (kernel/src/virtio_gpu.zig): 3,686,400 B (3.52 MiB; 1280x720x4 scanout, align 4096)
  post-M14 reservations (ADR 0013 D3):           1,737 B (~1.7 KiB; planned, not yet landed)
  other (font, console, scheduler, virtio rings, process table, mailbox, evidence, etc.): the remainder

verify-bss-budget: PASS — kernel .bss = 8176632 B / 11534336 B (3357704 B headroom).
bash tools/verify-vf-class-a.sh
=== verify-vf-class-a: M34 HF1–HF4 (issues #735/#736/#737/#738) — host file channel wire parity (class A) ===
0.16.0
swift-driver version: 1.168.6 Apple Swift version 6.4 (swiftlang-6.4.0.34.1 clang-2100.3.34.1)
revision: e0a079da4d3e82f03ce43459cdd4929986e87935 branch=agent/buffy-argv/oliver-argv dirty-files=1

── zig fmt --check ──

── zig build ──
elf2bin: ./.zig-cache/o/ad8bf2e771eed15f089eb6b396ef94a1/user-m21demo -> /Users/tbuddy/t3/zig/virelaios-buffy-argv/.zig-cache/o/3bef04998c6eec8580349cccc9a97745/M21DEMO.BIN: entry_offset=0x18 image_size=593 (content 569 bytes from 1 PT_LOAD segment(s))
elf2bin: ./.zig-cache/o/d81cfadc7c6d72e6327d5ff0b9104516/user-guard -> /Users/tbuddy/t3/zig/virelaios-buffy-argv/.zig-cache/o/527140a156ff3b8462d86260a8c4fde2/GUARD.BIN: entry_offset=0x18 image_size=88 (content 64 bytes from 1 PT_LOAD segment(s))
elf2bin: ./.zig-cache/o/0895eaa7f6bcde118c0aa70e53af26f4/user-schedring -> /Users/tbuddy/t3/zig/virelaios-buffy-argv/.zig-cache/o/df774e793ed8efaa1dbebd6a25fc2e55/SCHEDRING.BIN: entry_offset=0x18 image_size=213 (content 189 bytes from 1 PT_LOAD segment(s))
elf2bin: ./.zig-cache/o/ed397fa5a8979ed125f4dce4e24c81e1/user-sb3-wm -> /Users/tbuddy/t3/zig/virelaios-buffy-argv/.zig-cache/o/5579559faf7c3ecc2b1f431c8711418d/SB3WM.BIN: entry_offset=0x18 image_size=1960 (content 1936 bytes from 2 PT_LOAD segment(s))
elf2bin: ./.zig-cache/o/0185f0f0e7ae112605c152062579d937/user-winloop -> /Users/tbuddy/t3/zig/virelaios-buffy-argv/.zig-cache/o/ac4cb13a0afaeffacb8ed283b7446345/WINLOOP.BIN: entry_offset=0x18 image_size=417 (content 393 bytes from 1 PT_LOAD segment(s))
elf2bin: ./.zig-cache/o/5c0176d47f5ae82c3bce2e04a30de985/user-ping -> /Users/tbuddy/t3/zig/virelaios-buffy-argv/.zig-cache/o/4e6e16030f12f9748b67e343c0bb61bd/PING.BIN: entry_offset=0x18 image_size=5670 (content 5646 bytes from 2 PT_LOAD segment(s))
elf2bin: ./.zig-cache/o/5c18364c873d6f4112f555c4fedb9966/user-win -> /Users/tbuddy/t3/zig/virelaios-buffy-argv/.zig-cache/o/2693c01b1f8ae4e5aba10833edc2977b/WIN.BIN: entry_offset=0x18 image_size=364 (content 340 bytes from 1 PT_LOAD segment(s))
elf2bin: ./.zig-cache/o/95f78c69a1232e5cd03e63b911043343/user-netstat -> /Users/tbuddy/t3/zig/virelaios-buffy-argv/.zig-cache/o/de2655795c878bd87d454a47fc791e06/NETSTAT.BIN: entry_offset=0x30 image_size=16432 text=16384 data=0 (bss tail 81824) from 3 PT_LOAD segment(s)
elf2bin: ./.zig-cache/o/1d557700c972911f3adfb85bc041c919/user-status43 -> /Users/tbuddy/t3/zig/virelaios-buffy-argv/.zig-cache/o/40031d56b64d303dd8c1906c2217776a/STATUS43.BIN: entry_offset=0x18 image_size=134 (content 110 bytes from 1 PT_LOAD segment(s))
elf2bin: ./.zig-cache/o/f0ee6f2f2d9283c16e55222e333dd093/user-tool -> /Users/tbuddy/t3/zig/virelaios-buffy-argv/.zig-cache/o/b3ff863a6ada4777742aebe53f35e133/TOOL.BIN: entry_offset=0x30 image_size=12336 text=12288 data=0 (bss tail 45608) from 3 PT_LOAD segment(s)
elf2bin: ./.zig-cache/o/201a7f566af4d141060826d7ff5795e5/user-udp -> /Users/tbuddy/t3/zig/virelaios-buffy-argv/.zig-cache/o/fac5d682928b9340d309252cc48111eb/UDP.BIN: entry_offset=0x18 image_size=605 (content 581 bytes from 1 PT_LOAD segment(s))
elf2bin: ./.zig-cache/o/d47f738e0221c49dd45ee94bc44ecb4e/user-vmtest -> /Users/tbuddy/t3/zig/virelaios-buffy-argv/.zig-cache/o/4cb410a0ef50fa4252d82337d60ba587/VMTEST.BIN: entry_offset=0x18 image_size=968 (content 944 bytes from 2 PT_LOAD segment(s))
elf2bin: ./.zig-cache/o/283317f3a78544d373218ee0713a16ee/user-httpd -> /Users/tbuddy/t3/zig/virelaios-buffy-argv/.zig-cache/o/a1bb52e2f001ad0b6e00de29290f2f4e/HTTPD.BIN: entry_offset=0x18 image_size=15305 (content 15281 bytes from 2 PT_LOAD segment(s))
elf2bin: ./.zig-cache/o/e949271c7de66235f9988960e1ebbfa3/user-wndstub -> /Users/tbuddy/t3/zig/virelaios-buffy-argv/.zig-cache/o/0261bf2150e33963afd15cf89c8cacc9/WNDSTUB.BIN: entry_offset=0x18 image_size=230 (content 206 bytes from 1 PT_LOAD segment(s))
elf2bin: ./.zig-cache/o/6cc86a52a6e8e0d7cb31d9143e937bee/user-traceroute -> /Users/tbuddy/t3/zig/virelaios-buffy-argv/.zig-cache/o/e647021fcad655ddcb58479625c13304/TRACEROUTE.BIN: entry_offset=0x18 image_size=2464 (content 2440 bytes from 2 PT_LOAD segment(s))
elf2bin: ./.zig-cache/o/258315972432fa90dde2e375c1b8af56/user-edit -> /Users/tbuddy/t3/zig/virelaios-buffy-argv/.zig-cache/o/4e0f11fa97fa0b998b28cbf7828c6da0/EDIT.BIN: entry_offset=0x30 image_size=246160 text=49152 data=196960 (bss tail 115880) from 3 PT_LOAD segment(s)
elf2bin: ./.zig-cache/o/8689b379bfd5005d539cd2be37813581/user-top -> /Users/tbuddy/t3/zig/virelaios-buffy-argv/.zig-cache/o/8f1241a18898b6ac2551a7f33b1ed67d/TOP.BIN: entry_offset=0x30 image_size=28768 text=28672 data=48 (bss tail 81584) from 3 PT_LOAD segment(s)
elf2bin: ./.zig-cache/o/dd991b9183c4249f3ec771e2fe5a372e/user-notepad -> /Users/tbuddy/t3/zig/virelaios-buffy-argv/.zig-cache/o/8a8f2b319388979d0498ed1084faf9f7/NOTEPAD.BIN: entry_offset=0x30 image_size=28768 text=28672 data=48 (bss tail 81584) from 3 PT_LOAD segment(s)
elf2bin: ./.zig-cache/o/191f2b07c5bb61610d637b1bf619a5c8/user-tabwm -> /Users/tbuddy/t3/zig/virelaios-buffy-argv/.zig-cache/o/d62766dcb4fc0bc86e243ab6378c74f4/TABWM.BIN: entry_offset=0x30 image_size=45152 text=45056 data=48 (bss tail 96792) from 3 PT_LOAD segment(s)
elf2bin: ./.zig-cache/o/d8618cf7383f4c8849d3150eeffe1dee/user-winclose -> /Users/tbuddy/t3/zig/virelaios-buffy-argv/.zig-cache/o/de800f0e1b3cf61bc2345ac8ae54dafe/WINCLOSE.BIN: entry_offset=0x18 image_size=261 (content 237 bytes from 1 PT_LOAD segment(s))
elf2bin: ./.zig-cache/o/38e2a9a11ec575288a31051561f1f827/user-peer -> /Users/tbuddy/t3/zig/virelaios-buffy-argv/.zig-cache/o/febf30a5fb3e92b7bccd0f265b163a36/PEER.BIN: entry_offset=0x18 image_size=623 (content 599 bytes from 1 PT_LOAD segment(s))
elf2bin: ./.zig-cache/o/a69587925f190a87f00ddf46fb0120f6/user-spin -> /Users/tbuddy/t3/zig/virelaios-buffy-argv/.zig-cache/o/2974cf56aec65517812361b77a54d8ec/SPIN.BIN: entry_offset=0x18 image_size=132 (content 108 bytes from 1 PT_LOAD segment(s))
elf2bin: ./.zig-cache/o/e84e0458f9f7c117307ce9eb14cc129d/user-chat -> /Users/tbuddy/t3/zig/virelaios-buffy-argv/.zig-cache/o/c4041fbc8fd8111af06bfee91a974d65/CHAT.BIN: entry_offset=0x30 image_size=12336 text=12288 data=0 (bss tail 81584) from 3 PT_LOAD segment(s)
elf2bin: ./.zig-cache/o/dec785d6bf13d9f2af54b54da05a439f/user-settings -> /Users/tbuddy/t3/zig/virelaios-buffy-argv/.zig-cache/o/c3d273ced80062956ab66a2d987dc67c/SETTINGS.BIN: entry_offset=0x30 image_size=20576 text=20480 data=48 (bss tail 81584) from 3 PT_LOAD segment(s)
elf2bin: ./.zig-cache/o/7d5fe54c4da8e37fb3548e415f665f74/user-term -> /Users/tbuddy/t3/zig/virelaios-buffy-argv/.zig-cache/o/75c2efb8a1715c552b14909713aeaee6/TERM.BIN: entry_offset=0x30 image_size=94264 text=94208 data=8 (bss tail 78712) from 3 PT_LOAD segment(s)
elf2bin: ./.zig-cache/o/23285c4497f17744b708fdcef3306f40/user-view -> /Users/tbuddy/t3/zig/virelaios-buffy-argv/.zig-cache/o/9b9fff0c69451d8c6dfccaf6ca636cc8/VIEW.BIN: entry_offset=0x30 image_size=28904 text=28672 data=184 (bss tail 89880) from 3 PT_LOAD segment(s)
elf2bin: ./.zig-cache/o/e2611ab6f2d094cf240753f17d900e76/virelai-kernel -> /Users/tbuddy/t3/zig/virelaios-buffy-argv/.zig-cache/o/cdbb48ba7e860afe077323ff7966f01c/KERNEL.BIN: entry_offset=0x28 image_size=8806096 (4 PT_LOAD segment(s), 114 absolute reloc(s))
elf2bin: ./.zig-cache/o/41f157ccb5d399f547e3635a879c4560/user-smp1 -> /Users/tbuddy/t3/zig/virelaios-buffy-argv/.zig-cache/o/8a26687d4375577f980290986a9a5dbc/SMP1.BIN: entry_offset=0x18 image_size=159 (content 135 bytes from 1 PT_LOAD segment(s))
elf2bin: ./.zig-cache/o/4720f2dbf1fe4a3010c92fd237e7b437/user-sb4dam -> /Users/tbuddy/t3/zig/virelaios-buffy-argv/.zig-cache/o/577d832f282517f2b89cc03187b6bc39/SB4DAM.BIN: entry_offset=0x18 image_size=434 (content 410 bytes from 2 PT_LOAD segment(s))
elf2bin: ./.zig-cache/o/8788fbdca37b093a8712c61c7a9da2d0/user-chime -> /Users/tbuddy/t3/zig/virelaios-buffy-argv/.zig-cache/o/62eb0bbf56eddd55119a23cdade79454/CHIME.BIN: entry_offset=0x18 image_size=8688 (content 8664 bytes from 2 PT_LOAD segment(s))
elf2bin: ./.zig-cache/o/7333552840851b84aa9f7ad289a55ff0/user-hardening-victim -> /Users/tbuddy/t3/zig/virelaios-buffy-argv/.zig-cache/o/19025d0ce37fdc5ea68229b1172d02d6/VICTIM.BIN: entry_offset=0x30 image_size=4144 text=4096 data=0 (bss tail 1112) from 3 PT_LOAD segment(s)
elf2bin: ./.zig-cache/o/8138cc32e7ed299b862300bc8069a961/user-dns -> /Users/tbuddy/t3/zig/virelaios-buffy-argv/.zig-cache/o/aba2c0b9ea45809d1e2422e9ffc2aee4/DNS.BIN: entry_offset=0x18 image_size=4711 (content 4687 bytes from 2 PT_LOAD segment(s))
elf2bin: ./.zig-cache/o/070232d7af987b5aae0214af07b0070b/user-harden -> /Users/tbuddy/t3/zig/virelaios-buffy-argv/.zig-cache/o/b0a23266853dc0442c145cb0045746f5/HARDEN.BIN: entry_offset=0x18 image_size=714 (content 690 bytes from 2 PT_LOAD segment(s))
elf2bin: ./.zig-cache/o/92ddae485853eb5df11a8f4bdd9f219c/user-type -> /Users/tbuddy/t3/zig/virelaios-buffy-argv/.zig-cache/o/3128d82498a3c0ee5dff361130be0058/TYPE.BIN: entry_offset=0x18 image_size=232 (content 208 bytes from 1 PT_LOAD segment(s))
elf2bin: ./.zig-cache/o/0f252904719d1e5e56e18feff6a1d343/user-globals -> /Users/tbuddy/t3/zig/virelaios-buffy-argv/.zig-cache/o/8c926931ab38cb20539c677a36bfebfa/GLOBALS.BIN: entry_offset=0x30 image_size=28728 text=28672 data=8 (bss tail 4104) from 3 PT_LOAD segment(s)
elf2bin: ./.zig-cache/o/9b23a090157ee7b1f5a9b50cc1b0db18/user-sshpacket -> /Users/tbuddy/t3/zig/virelaios-buffy-argv/.zig-cache/o/a4d1e90900b0d5a30bf343009e0079ce/SSHPACKET.BIN: entry_offset=0x30 image_size=4144 text=4096 data=0 (bss tail 35000) from 3 PT_LOAD segment(s)
elf2bin: ./.zig-cache/o/4f04687412e925454c3412a44f35493a/user-cryptod -> /Users/tbuddy/t3/zig/virelaios-buffy-argv/.zig-cache/o/1a87d611faa2646892d6b3dcfba41b5b/CRYPTOD.BIN: entry_offset=0x18 image_size=2464 (content 2440 bytes from 2 PT_LOAD segment(s))
elf2bin: ./.zig-cache/o/e0a5689dc99f7a66422d9ff317e75e01/user-smpst-file -> /Users/tbuddy/t3/zig/virelaios-buffy-argv/.zig-cache/o/a23479a456f12e6e4efba2084d44a3d8/SMPFILE.BIN: entry_offset=0x30 image_size=4144 text=4096 data=0 (bss tail 4) from 3 PT_LOAD segment(s)
elf2bin: ./.zig-cache/o/9593dd8970845d1db60d46f12952dff3/user-disas -> /Users/tbuddy/t3/zig/virelaios-buffy-argv/.zig-cache/o/87711af60114c7d9b937aa9859598653/DISAS.BIN: entry_offset=0x18 image_size=6496 (content 6472 bytes from 2 PT_LOAD segment(s))
elf2bin: ./.zig-cache/o/854fccf3cc44b395a26494d0410c1b0c/user-sh -> /Users/tbuddy/t3/zig/virelaios-buffy-argv/.zig-cache/o/c53600b61aa2be3e8128a19a0f5ccb58/SH.BIN: entry_offset=0x30 image_size=98360 text=98304 data=8 (bss tail 85824) from 3 PT_LOAD segment(s)
elf2bin: ./.zig-cache/o/74c626836de9a53a15f8209e7d6a4911/user-counter -> /Users/tbuddy/t3/zig/virelaios-buffy-argv/.zig-cache/o/022e00075c2e81a71b2d59aa0d8f2c31/COUNTER.BIN: entry_offset=0x18 image_size=940 (content 916 bytes from 1 PT_LOAD segment(s))
elf2bin: ./.zig-cache/o/3fbb4d21da1d8c0c34c1bac4757d13db/user-tcp -> /Users/tbuddy/t3/zig/virelaios-buffy-argv/.zig-cache/o/08407c5c34095e2b7e6d8abf9074944d/TCP.BIN: entry_offset=0x18 image_size=267 (content 243 bytes from 1 PT_LOAD segment(s))
elf2bin: ./.zig-cache/o/fbca490b7160c7b0a03eab76be1dd33c/user-smpst-ev -> /Users/tbuddy/t3/zig/virelaios-buffy-argv/.zig-cache/o/64393285e52c0c41053035669a35cab9/SMPEV.BIN: entry_offset=0x30 image_size=4144 text=4096 data=0 (bss tail 4) from 3 PT_LOAD segment(s)
elf2bin: ./.zig-cache/o/d8f0d6cb9b13861ee58e00311a75513c/user-sb6wm -> /Users/tbuddy/t3/zig/virelaios-buffy-argv/.zig-cache/o/c20d2f478b924951fa6cafcdb9014cea/SB6WM.BIN: entry_offset=0x18 image_size=2600 (content 2576 bytes from 2 PT_LOAD segment(s))
elf2bin: ./.zig-cache/o/f57865949618a396c3d02de57f462756/user-devcons -> /Users/tbuddy/t3/zig/virelaios-buffy-argv/.zig-cache/o/9359440f8375811d00eb62cc99ab1ca6/DEVCONS.BIN: entry_offset=0x30 image_size=16492 text=16384 data=60 (bss tail 118508) from 3 PT_LOAD segment(s)
elf2bin: ./.zig-cache/o/db38532333a1b4f78c5f48d0b9bec6f7/user-jingle -> /Users/tbuddy/t3/zig/virelaios-buffy-argv/.zig-cache/o/f5bf6590219b70a3746b5a55bb533225/JINGLE.BIN: entry_offset=0x18 image_size=8624 (content 8600 bytes from 2 PT_LOAD segment(s))
elf2bin: ./.zig-cache/o/7d99d32170c9526777986c3353926b50/user-savetext -> /Users/tbuddy/t3/zig/virelaios-buffy-argv/.zig-cache/o/68eaacfb1e2c3f8ddb42495cc013b5ef/SAVETEXT.BIN: entry_offset=0x18 image_size=225 (content 201 bytes from 1 PT_LOAD segment(s))
elf2bin: ./.zig-cache/o/c0299b6807df215f47cf2216ec0b5f03/user-desktop -> /Users/tbuddy/t3/zig/virelaios-buffy-argv/.zig-cache/o/fdbe8eee8a52bd916a8ca29ac0229fe3/DESKTOP.BIN: entry_offset=0x30 image_size=20528 text=20480 data=0 (bss tail 81584) from 3 PT_LOAD segment(s)
elf2bin: ./.zig-cache/o/6839bac273fef065e6d240c5871cc226/user-sb3-own -> /Users/tbuddy/t3/zig/virelaios-buffy-argv/.zig-cache/o/eb284fa900187862f3c284cf9327266a/SB3OWN.BIN: entry_offset=0x18 image_size=1127 (content 1103 bytes from 2 PT_LOAD segment(s))
elf2bin: ./.zig-cache/o/8f400a2659ffdf40bd1b7c30ffe726c3/user-fetch -> /Users/tbuddy/t3/zig/virelaios-buffy-argv/.zig-cache/o/f9775be875fdbf424366c4a35dbac8d7/FETCH.BIN: entry_offset=0x18 image_size=2979 (content 2955 bytes from 2 PT_LOAD segment(s))
elf2bin: ./.zig-cache/o/3de2d07f537455ae6ba57eabf54b84a5/user-sb5wm -> /Users/tbuddy/t3/zig/virelaios-buffy-argv/.zig-cache/o/929e728f7d7291bd6490f42e120eafcf/SB5WM.BIN: entry_offset=0x18 image_size=2256 (content 2232 bytes from 2 PT_LOAD segment(s))
elf2bin: ./.zig-cache/o/9431fa3dc82d2a9c3cd13e40dd891810/user-winmove -> /Users/tbuddy/t3/zig/virelaios-buffy-argv/.zig-cache/o/1f10a85912e67b9a52a73d1480f8609e/WINMOVE.BIN: entry_offset=0x18 image_size=1340 (content 1316 bytes from 1 PT_LOAD segment(s))
elf2bin: ./.zig-cache/o/ff6ae19bb8c9d81ac4d9939f2a7bd221/user-sb2-own -> /Users/tbuddy/t3/zig/virelaios-buffy-argv/.zig-cache/o/1c51393ea6f9cd938f67604c1a4f9451/SB2OWN.BIN: entry_offset=0x18 image_size=979 (content 955 bytes from 2 PT_LOAD segment(s))
elf2bin: ./.zig-cache/o/1be8575fcdaed2bbe5013558d619a265/user-timertest -> /Users/tbuddy/t3/zig/virelaios-buffy-argv/.zig-cache/o/6eb952224fddb6e0bb4adb31f3ccf0a7/TIMER.BIN: entry_offset=0x18 image_size=1129 (content 1105 bytes from 2 PT_LOAD segment(s))
elf2bin: ./.zig-cache/o/eab05ac52713ccbb246598b4a3ad728a/user-smpst-win -> /Users/tbuddy/t3/zig/virelaios-buffy-argv/.zig-cache/o/dac3df12da6a4d02f446a8ccad60145d/SMPWIN.BIN: entry_offset=0x30 image_size=4144 text=4096 data=0 (bss tail 4) from 3 PT_LOAD segment(s)
elf2bin: ./.zig-cache/o/9779785e68469cbed94aa6fdb051cdc3/user-sexitest -> /Users/tbuddy/t3/zig/virelaios-buffy-argv/.zig-cache/o/6e107f2995c34311dfdcece77c0a4891/SEXITEST.BIN: entry_offset=0x18 image_size=3088 (content 3064 bytes from 2 PT_LOAD segment(s))
elf2bin: ./.zig-cache/o/a4c4bed092d646156f7d1c416f214427/user-sb5own -> /Users/tbuddy/t3/zig/virelaios-buffy-argv/.zig-cache/o/ee5fc7bad5013f353b0e88b1f7dd0de0/SB5OWN.BIN: entry_offset=0x18 image_size=1141 (content 1117 bytes from 2 PT_LOAD segment(s))
elf2bin: ./.zig-cache/o/9759fdf82ccd21fd9ef75932a5a71b6b/user-tabhold -> /Users/tbuddy/t3/zig/virelaios-buffy-argv/.zig-cache/o/8f176875d8e7bc671f71b5680909e221/TABHOLD.BIN: entry_offset=0x18 image_size=2440 (content 2416 bytes from 2 PT_LOAD segment(s))
elf2bin: ./.zig-cache/o/e63cc3c9d9c46106701274415c71fa9b/user-ps -> /Users/tbuddy/t3/zig/virelaios-buffy-argv/.zig-cache/o/d04f8959f291e75db10a178deafd5941/PS.BIN: entry_offset=0x30 image_size=12336 text=12288 data=0 (bss tail 82800) from 3 PT_LOAD segment(s)
elf2bin: ./.zig-cache/o/db592eeaaaf4dcde2c5d0bbac5255ee9/user-smpst-net -> /Users/tbuddy/t3/zig/virelaios-buffy-argv/.zig-cache/o/59da5f43f5736e39858be1fa7d343cf8/SMPNET.BIN: entry_offset=0x30 image_size=4144 text=4096 data=0 (bss tail 4) from 3 PT_LOAD segment(s)
elf2bin: ./.zig-cache/o/691023e61a57b475d358d993aa010d35/user-sb2-wm -> /Users/tbuddy/t3/zig/virelaios-buffy-argv/.zig-cache/o/1875db1517c8b8e9c2da16cdff614d29/SB2WM.BIN: entry_offset=0x18 image_size=1824 (content 1800 bytes from 2 PT_LOAD segment(s))
elf2bin: ./.zig-cache/o/323ddaf8f43638b57cfaf452d3e3f68a/user-sysmon -> /Users/tbuddy/t3/zig/virelaios-buffy-argv/.zig-cache/o/f1f473075dd526df5394c5673834670c/SYSMON.BIN: entry_offset=0x30 image_size=20576 text=20480 data=48 (bss tail 81584) from 3 PT_LOAD segment(s)
elf2bin: ./.zig-cache/o/eb20afa50519803e73e570de079c17e2/user-ttyed -> /Users/tbuddy/t3/zig/virelaios-buffy-argv/.zig-cache/o/f6ee5ddb5d8afc2c94dff8920fb2495e/TTYED.BIN: entry_offset=0x18 image_size=8477 (content 8453 bytes from 2 PT_LOAD segment(s))
elf2bin: ./.zig-cache/o/358431c683d566f107759a96428fcecc/user-dir -> /Users/tbuddy/t3/zig/virelaios-buffy-argv/.zig-cache/o/db218abc56b3407367193ddbcdf0e4da/DIR.BIN: entry_offset=0x18 image_size=248 (content 224 bytes from 1 PT_LOAD segment(s))
elf2bin: ./.zig-cache/o/7a6e6cb05c68fd5d7499eda3576c5c6f/user-blkd -> /Users/tbuddy/t3/zig/virelaios-buffy-argv/.zig-cache/o/56e63a0399e87dd027c6c3d05034a42e/BLKD.BIN: entry_offset=0x18 image_size=247 (content 223 bytes from 1 PT_LOAD segment(s))
elf2bin: ./.zig-cache/o/7b17efd23cf52ab95d4acc9c4a4d618c/user-hello -> /Users/tbuddy/t3/zig/virelaios-buffy-argv/.zig-cache/o/7d4241694df48b5220bed17c7821f40c/USER.BIN: entry_offset=0x18 image_size=397 (content 373 bytes from 1 PT_LOAD segment(s))
elf2bin: ./.zig-cache/o/7dd10c47d84a7a5b81ba726dbf5b05ef/user-wmrpc -> /Users/tbuddy/t3/zig/virelaios-buffy-argv/.zig-cache/o/d8de664a0576ee1d2e69f9b1204fd9b3/WMRPC.BIN: entry_offset=0x18 image_size=4366 (content 4342 bytes from 2 PT_LOAD segment(s))
elf2bin: ./.zig-cache/o/b9f5ca4ada97e554ff06f3d43f5187ee/user-file-browser -> /Users/tbuddy/t3/zig/virelaios-buffy-argv/.zig-cache/o/73ea9d1da6efffefa6e87ca2f21dbf51/FILE.BIN: entry_offset=0x30 image_size=49248 text=49152 data=48 (bss tail 81584) from 3 PT_LOAD segment(s)
elf2bin: ./.zig-cache/o/2bc139aee46e8b39b0fd3bb63eccd584/user-asm -> /Users/tbuddy/t3/zig/virelaios-buffy-argv/.zig-cache/o/f6e2b931c60a4381e5fde725d6c8d7aa/ASM.BIN: entry_offset=0x18 image_size=12690 (content 12666 bytes from 2 PT_LOAD segment(s))
elf2bin: ./.zig-cache/o/c9be59b355f57f8ed59c36faa5989d32/user-wasm -> /Users/tbuddy/t3/zig/virelaios-buffy-argv/.zig-cache/o/bcb55d684be8f1f58bc9229e9df12ff5/WASM.BIN: entry_offset=0x30 image_size=63456 text=32768 data=30640 (bss tail 152728) from 3 PT_LOAD segment(s)
elf2bin: ./.zig-cache/o/dfafe2eb90149486e6f5aa8fcf010ae7/user-zc -> /Users/tbuddy/t3/zig/virelaios-buffy-argv/.zig-cache/o/ea17e15eff96e8a7b87533aa20896425/ZC.BIN: entry_offset=0x30 image_size=32816 text=32768 data=0 (bss tail 216184) from 3 PT_LOAD segment(s)
elf2bin: ./.zig-cache/o/1fd92447b1ffa016d5f5e9c5daa4ccde/user-wnd -> /Users/tbuddy/t3/zig/virelaios-buffy-argv/.zig-cache/o/158b1a11df244572f8440eb2ba349675/WND.BIN: entry_offset=0x30 image_size=54504 text=53248 data=1208 (bss tail 193864) from 3 PT_LOAD segment(s)
elf2bin: ./.zig-cache/o/c2b55b3bdc1748945a08c8367083268e/user-ttyecho -> /Users/tbuddy/t3/zig/virelaios-buffy-argv/.zig-cache/o/7acbf1992613014fc2e6f0c942487d9d/TTYECHO.BIN: entry_offset=0x18 image_size=1280 (content 1256 bytes from 2 PT_LOAD segment(s))
elf2bin: ./.zig-cache/o/c7fdfebbd5af62159d957a318e510366/user-resmon -> /Users/tbuddy/t3/zig/virelaios-buffy-argv/.zig-cache/o/b0c4d00136099998e9bcca934169c546/RESMON.BIN: entry_offset=0x30 image_size=12336 text=12288 data=0 (bss tail 82800) from 3 PT_LOAD segment(s)
elf2bin: ./.zig-cache/o/297606a2acb6f9b1c08a7fbac53b79d5/user-sexiburg -> /Users/tbuddy/t3/zig/virelaios-buffy-argv/.zig-cache/o/fdd64db1a34a05906ad3311037b93cb8/SEXIBURG.BIN: entry_offset=0x30 image_size=45104 text=45056 data=0 (bss tail 109392) from 3 PT_LOAD segment(s)
elf2bin: ./.zig-cache/o/ff81f4c8098e4fa72d45cfffde23ceb0/user-keytest -> /Users/tbuddy/t3/zig/virelaios-buffy-argv/.zig-cache/o/e9d351013122ff6ef25793bd127e690c/KEYTEST.BIN: entry_offset=0x18 image_size=645 (content 621 bytes from 1 PT_LOAD segment(s))
elf2bin: ./.zig-cache/o/b70045ebf9e559d6ac56ae68a5a0ec1e/user-sb6old -> /Users/tbuddy/t3/zig/virelaios-buffy-argv/.zig-cache/o/9abee64eabf62d8908553fa9317f24f2/SB6OLD.BIN: entry_offset=0x18 image_size=476 (content 452 bytes from 2 PT_LOAD segment(s))
elf2bin: ./.zig-cache/o/11a07359c24d62ba2826cee8dac19e85/user-sb6new -> /Users/tbuddy/t3/zig/virelaios-buffy-argv/.zig-cache/o/064f6556a56dd7acb5dde964feb64883/SB6NEW.BIN: entry_offset=0x18 image_size=1273 (content 1249 bytes from 2 PT_LOAD segment(s))
elf2bin: ./.zig-cache/o/e36d3f6f6cc06e45802f7b54f12880db/user-netprof -> /Users/tbuddy/t3/zig/virelaios-buffy-argv/.zig-cache/o/f7e1c6e10a4640ca9a6b2c96a3a80c02/NETPROF.BIN: entry_offset=0x18 image_size=4345 (content 4321 bytes from 2 PT_LOAD segment(s))
elf2bin: ./.zig-cache/o/e8edfad7095ebbdfb64824e391fe64f4/user-download -> /Users/tbuddy/t3/zig/virelaios-buffy-argv/.zig-cache/o/b285890b2a0db48019d75c80521545b2/DOWNLOAD.BIN: entry_offset=0x18 image_size=3255 (content 3231 bytes from 2 PT_LOAD segment(s))
elf2bin: ./.zig-cache/o/3596d99a7094ac7e192bd801c2e1ad93/user-calc -> /Users/tbuddy/t3/zig/virelaios-buffy-argv/.zig-cache/o/1ed72cf6a5661d8cb6e35aae7be16dca/CALC.BIN: entry_offset=0x30 image_size=82016 text=81920 data=48 (bss tail 81592) from 3 PT_LOAD segment(s)

── zig build image ──
elf2bin: ./.zig-cache/o/e2611ab6f2d094cf240753f17d900e76/virelai-kernel -> /Users/tbuddy/t3/zig/virelaios-buffy-argv/.zig-cache/o/cdbb48ba7e860afe077323ff7966f01c/KERNEL.BIN: entry_offset=0x28 image_size=8806096 (4 PT_LOAD segment(s), 114 absolute reloc(s))
make-image: building FAT32+GPT boot image 'artifacts/disk.img' (0 MiB)...
mkfat32: wrote artifacts/disk.img.tmp (174592 EFI + 8806096 kernel bytes)
make-image: verifying image contents...
size: 35364864 bytes (69072 sectors)
LBA0: MBR present
GPT: valid signature, header crc32=0xde33e5c4
GPT: ESP partition at LBA 2048, 67024 sectors
FAT: boot sig ok, label='VIRELAIOS', 512-byte sectors, 1 sector/cluster, 32 reserved, 2 FATs x 516 sectors, root cluster 2
FAT: directory tree:
  EFI/
    BOOT/
      BOOTAA64.EFI  (174592 bytes)
  KERNEL.BIN  (8806096 bytes)
make-image: done.

── virtio_file host tests (G1–G12) ──
1/56 virtio_file.test.virtio_file: G1 — pattern generator parity is pinned (fixture class)...OK
2/56 virtio_file.test.virtio_file: G2 — reply_len clamp math — over-cap dlen never reads OOB...OK
3/56 virtio_file.test.virtio_file: G3 — probe request shape + the raw 32 KiB pattern reply...OK
4/56 virtio_file.test.virtio_file: G4 — hostile envelopes (bad status, truncated rows) are honest...OK
5/56 virtio_file.test.virtio_file: G5 — entry row round trip + read payload + streaming cksum...OK
6/56 virtio_file.test.virtio_file: G6 — request encode bounds (over-long payload, small out)...OK
7/56 virtio_file.test.virtio_file: G7 — HF3 op/status constants + 8-handle parity with file_table.zig...OK
8/56 virtio_file.test.virtio_file: G8 — open request flags + reply handle decode...OK
9/56 virtio_file.test.virtio_file: G9 — write payload shape + written-cursor reply...OK
10/56 virtio_file.test.virtio_file: G10 — truncate/close/fsync payloads (handle + size)...OK
11/56 virtio_file.test.virtio_file: G11 — rename NUL-framed payload + bounds...OK
12/56 virtio_file.test.virtio_file: G12 — pattern chunk plan for the mutation gate...OK
13/56 virtio_file.test.virtio_file: G13 — HF7 clone op: 0x0c, NUL frame, bounds, honest refusal...OK
14/56 virtio_file.test.virtio_file: read_chunk and read_into copy-out under test_share...OK
15/56 virtio_file.test.virtio_file: clean_path strips leading slashes...OK
16/56 virtio_custom.test.virtio_custom: payload is the 16-byte known string, reply cap 64, big payload 12340...OK
17/56 virtio_custom.test.virtio_custom: ring shapes match the split-ring spec...OK
18/56 virtio_custom.test.virtio_custom: feature bits are the spec's ANY_LAYOUT / VERSION_1 / NOTIFICATION_DATA...OK
19/56 virtio_custom.test.virtio_custom: allocator hands out chains, recycles freed indices, and exhausts...OK
20/56 virtio_custom.test.virtio_custom: post_avail builds the spec-correct chain (read-then-write)...OK
21/56 virtio_custom.test.virtio_custom: post_avail builds an ANY_LAYOUT chain (write first) with a 3-part scatter...OK
22/56 virtio_custom.test.virtio_custom: scan_used matches by id, handles out-of-order completion, wraps...OK
23/56 virtio_custom.test.virtio_custom: park_chain keeps a timed-out head out of the free list until reap_parked sees its reply...OK
24/56 virtio_custom.test.virtio_custom: the reply read is length-driven, clamped to the buffer...OK
25/56 virtio_custom.test.virtio_custom: fresh transport reports no-device honestly...OK
26/56 virtio_custom.test.virtio_custom: note_irq records the first INTID and count...OK
27/56 virtio_custom.test.virtio_custom: push-echo shapes (claim 3141) — queue index, buffer sizes...OK
28/56 virtio_custom.test.virtio_custom: input-channel shapes (claim 9588) — queue index, envelope, pool...OK
29/56 virtio_custom.test.virtio_custom: dispatch_input_msg validates the envelope and counts honestly...OK
30/56 virtio_custom.test.virtio_custom: kind-2 pointer messages dispatch through the pointer hook (claim 9367)...OK
31/56 virtio_custom.test.virtio_custom: checksum1071 matches RFC 1071 semantics...OK
32/56 virtio_custom.test.virtio_custom: snapshot framing builders produce the documented wire shapes (claim 0680)...OK
33/56 virtio_custom.test.virtio_custom: kind-3 console control arms and disarms the tee (claim 0680)...OK
34/56 virtio_custom.test.virtio_custom: kind-4 snapshot request pends for the idle seam (claim 0680)...OK
35/56 virtio_custom.test.virtio_custom: console tee accumulator buffers, splits, and drops (claim 0680)...OK
36/56 spinlock.test.spinlock: basic uncontended lock and unlock...OK
37/56 spinlock.test.spinlock: try_lock behavior...OK
38/56 spinlock.test.spinlock: concurrent multi-threaded stress test...OK
39/56 mmu.test.mmu: build_user_root returns a fresh root per call (per-process roots)...OK
40/56 mmu.test.mmu: user leaves are page-local W^X and reject Device mappings...OK
41/56 mmu.test.mmu: map_user_page and unmap_user_page dynamic lifecycle...OK
42/56 mmu.test.mmu: map_user_cow_page and set_user_leaf_writable...OK
43/56 userspace.test.userspace: two sequenced pings preserve the claim-8215 round-trip...OK
44/56 console.test.console: mock captures writes in order...OK
45/56 console.test.console: reset clears capture and flags...OK
46/56 console.test.console: overflow truncates, flags, and never wraps...OK
47/56 console.test.console: zero-capacity mock flags every write...OK
48/56 console.test.console: print_hex prints fixed 16 lowercase digits...OK
49/56 console.test.console: print_hex_min prints minimal lowercase hex...OK
50/56 console.test.console: print_u64 prints decimal without leading zeros...OK
51/56 console.test.console: mock readByte returns scripted input in order...OK
52/56 console.test.console: mock feed overflow is refused and flagged, never wraps...OK
53/56 console.test.console: reset clears the scripted input queue too...OK
54/56 virtio_gpu.test.virtio_gpu: spec constants, wire shapes, and the fill are the spec shapes...OK
55/56 virtio_gpu.test.virtio_gpu: fill writes the B8G8R8X8 little-endian byte order...OK
56/56 virtio_gpu.test.virtio_gpu: display-info response parse takes pmodes[0]...OK
All 56 tests passed.

── verify-unit-tests.sh (all monitor modules incl. virtio_file) ──
=== verify-unit-tests: running unified parallel test suite (zig build test) ===
Build Summary: 160/160 steps succeeded; 3274/3274 tests passed
test success
+- run test 4 pass (4 total) 84ms MaxRSS:2M
|  +- compile test Debug native success 2s MaxRSS:234M
|     +- options cached
|     +- options (reused)
|     +- options (reused)
|     +- options (reused)
|     +- options (reused)
|     +- options (reused)
|     +- options (reused)
|     +- options (reused)
|     +- options (reused)
|     +- options (reused)
|     +- options (reused)
|     +- options (reused)
|     +- options (reused)
+- run test success 71ms MaxRSS:2M
|  +- compile test Debug native success 1s MaxRSS:261M
|     +- options (reused)
|     +- options (reused)
|     +- options (reused)
|     +- options (reused)
|     +- options (reused)
|     +- options (reused)
|     +- options (reused)
|     +- options (reused)
|     +- options (reused)
|     +- options (reused)
|     +- options (reused)
|     +- options (reused)
|     +- options (reused)
+- run test 33 pass (33 total) 73ms MaxRSS:3M
|  +- compile test Debug native success 2s MaxRSS:291M
|     +- options (reused)
|     +- options (reused)
|     +- options (reused)
|     +- options (reused)
|     +- options (reused)
|     +- options (reused)
|     +- options (reused)
|     +- options (reused)
|     +- options (reused)
|     +- options (reused)
|     +- options (reused)
|     +- options (reused)
|     +- options (reused)
+- run test 6 pass (6 total) 112ms MaxRSS:2M
|  +- compile test Debug native success 1s MaxRSS:278M
|     +- options (reused)
|     +- options (reused)
|     +- options (reused)
|     +- options (reused)
|     +- options (reused)
|     +- options (reused)
|     +- options (reused)
|     +- options (reused)
|     +- options (reused)
|     +- options (reused)
|     +- options (reused)
|     +- options (reused)
|     +- options (reused)
+- run test 10 pass (10 total) 70ms MaxRSS:2M
|  +- compile test Debug native success 2s MaxRSS:225M
|     +- options (reused)
|     +- options (reused)
|     +- options (reused)
|     +- options (reused)
|     +- options (reused)
|     +- options (reused)
|     +- options (reused)
|     +- options (reused)
|     +- options (reused)
|     +- options (reused)
|     +- options (reused)
|     +- options (reused)
|     +- options (reused)
+- run test 10 pass (10 total) 103ms MaxRSS:2M
|  +- compile test Debug native success 2s MaxRSS:238M
|     +- options (reused)
|     +- options (reused)
|     +- options (reused)
|     +- options (reused)
|     +- options (reused)
|     +- options (reused)
|     +- options (reused)
|     +- options (reused)
|     +- options (reused)
|     +- options (reused)
|     +- options (reused)
|     +- options (reused)
|     +- options (reused)
+- run test success 120ms MaxRSS:2M
|  +- compile test Debug native success 2s MaxRSS:220M
|     +- options (reused)
|     +- options (reused)
|     +- options (reused)
|     +- options (reused)
|     +- options (reused)
|     +- options (reused)
|     +- options (reused)
|     +- options (reused)
|     +- options (reused)
|     +- options (reused)
|     +- options (reused)
|     +- options (reused)
|     +- options (reused)
+- run test 3 pass (3 total) 261ms MaxRSS:2M
|  +- compile test Debug native success 3s MaxRSS:215M
|     +- options (reused)
|     +- options (reused)
|     +- options (reused)
|     +- options (reused)
|     +- options (reused)
|     +- options (reused)
|     +- options (reused)
|     +- options (reused)
|     +- options (reused)
|     +- options (reused)
|     +- options (reused)
|     +- options (reused)
|     +- options (reused)
+- run test success 79ms MaxRSS:2M
|  +- compile test Debug native success 2s MaxRSS:217M
|     +- options (reused)
|     +- options (reused)
|     +- options (reused)
|     +- options (reused)
|     +- options (reused)
|     +- options (reused)
|     +- options (reused)
|     +- options (reused)
|     +- options (reused)
|     +- options (reused)
|     +- options (reused)
|     +- options (reused)
|     +- options (reused)
+- run test 28 pass (28 total) 184ms MaxRSS:3M
|  +- compile test Debug native success 1s MaxRSS:291M
|     +- options (reused)
|     +- options (reused)
|     +- options (reused)
|     +- options (reused)
|     +- options (reused)
|     +- options (reused)
|     +- options (reused)
|     +- options (reused)
|     +- options (reused)
|     +- options (reused)
|     +- options (reused)
|     +- options (reused)
|     +- options (reused)
+- run test 369 pass (369 total) 144ms MaxRSS:12M
|  +- compile test Debug native success 4s MaxRSS:409M
|     +- options (reused)
|     +- options (reused)
|     +- options (reused)
|     +- options (reused)
|     +- options (reused)
|     +- options (reused)
|     +- options (reused)
|     +- options (reused)
|     +- options (reused)
|     +- options (reused)
|     +- options (reused)
|     +- options (reused)
|     +- options (reused)
+- run test 71 pass (71 total) 221ms MaxRSS:3M
|  +- compile test Debug native success 2s MaxRSS:239M
|     +- options (reused)
|     +- options (reused)
|     +- options (reused)
|     +- options (reused)
|     +- options (reused)
|     +- options (reused)
|     +- options (reused)
|     +- options (reused)
|     +- options (reused)
|     +- options (reused)
|     +- options (reused)
|     +- options (reused)
|     +- options (reused)
+- run test 4 pass (4 total) 74ms MaxRSS:2M
|  +- compile test Debug native success 2s MaxRSS:234M
|     +- options (reused)
|     +- options (reused)
|     +- options (reused)
|     +- options (reused)
|     +- options (reused)
|     +- options (reused)
|     +- options (reused)
|     +- options (reused)
|     +- options (reused)
|     +- options (reused)
|     +- options (reused)
|     +- options (reused)
|     +- options (reused)
+- run test 25 pass (25 total) 204ms MaxRSS:2M
|  +- compile test Debug native success 2s MaxRSS:283M
|     +- options (reused)
|     +- options (reused)
|     +- options (reused)
|     +- options (reused)
|     +- options (reused)
|     +- options (reused)
|     +- options (reused)
|     +- options (reused)
|     +- options (reused)
|     +- options (reused)
|     +- options (reused)
|     +- options (reused)
|     +- options (reused)
+- run test 4 pass (4 total) 152ms MaxRSS:2M
|  +- compile test Debug native success 2s MaxRSS:222M
|     +- options (reused)
|     +- options (reused)
|     +- options (reused)
|     +- options (reused)
|     +- options (reused)
|     +- options (reused)
|     +- options (reused)
|     +- options (reused)
|     +- options (reused)
|     +- options (reused)
|     +- options (reused)
|     +- options (reused)
|     +- options (reused)
+- run test 163 pass (163 total) 89ms MaxRSS:7M
|  +- compile test Debug native success 2s MaxRSS:331M
|     +- options (reused)
|     +- options (reused)
|     +- options (reused)
|     +- options (reused)
|     +- options (reused)
|     +- options (reused)
|     +- options (reused)
|     +- options (reused)
|     +- options (reused)
|     +- options (reused)
|     +- options (reused)
|     +- options (reused)
|     +- options (reused)
+- run test 20 pass (20 total) 63ms MaxRSS:2M
|  +- compile test Debug native success 2s MaxRSS:228M
|     +- options (reused)
|     +- options (reused)
|     +- options (reused)
|     +- options (reused)
|     +- options (reused)
|     +- options (reused)
|     +- options (reused)
|     +- options (reused)
|     +- options (reused)
|     +- options (reused)
|     +- options (reused)
|     +- options (reused)
|     +- options (reused)
+- run test 33 pass (33 total) 115ms MaxRSS:2M
|  +- compile test Debug native success 2s MaxRSS:248M
|     +- options (reused)
|     +- options (reused)
|     +- options (reused)
|     +- options (reused)
|     +- options (reused)
|     +- options (reused)
|     +- options (reused)
|     +- options (reused)
|     +- options (reused)
|     +- options (reused)
|     +- options (reused)
|     +- options (reused)
|     +- options (reused)
+- run test 20 pass (20 total) 88ms MaxRSS:2M
|  +- compile test Debug native success 3s MaxRSS:217M
|     +- options (reused)
|     +- options (reused)
|     +- options (reused)
|     +- options (reused)
|     +- options (reused)
|     +- options (reused)
|     +- options (reused)
|     +- options (reused)
|     +- options (reused)
|     +- options (reused)
|     +- options (reused)
|     +- options (reused)
|     +- options (reused)
+- run test 28 pass (28 total) 83ms MaxRSS:3M
|  +- compile test Debug native success 2s MaxRSS:280M
|     +- options (reused)
|     +- options (reused)
|     +- options (reused)
|     +- options (reused)
|     +- options (reused)
|     +- options (reused)
|     +- options (reused)
|     +- options (reused)
|     +- options (reused)
|     +- options (reused)
|     +- options (reused)
|     +- options (reused)
|     +- options (reused)
+- run test 5 pass (5 total) 69ms MaxRSS:2M
|  +- compile test Debug native success 2s MaxRSS:236M
|     +- options (reused)
|     +- options (reused)
|     +- options (reused)
|     +- options (reused)
|     +- options (reused)
|     +- options (reused)
|     +- options (reused)
|     +- options (reused)
|     +- options (reused)
|     +- options (reused)
|     +- options (reused)
|     +- options (reused)
|     +- options (reused)
+- run test 15 pass (15 total) 64ms MaxRSS:2M
|  +- compile test Debug native success 2s MaxRSS:240M
|     +- options (reused)
|     +- options (reused)
|     +- options (reused)
|     +- options (reused)
|     +- options (reused)
|     +- options (reused)
|     +- options (reused)
|     +- options (reused)
|     +- options (reused)
|     +- options (reused)
|     +- options (reused)
|     +- options (reused)
|     +- options (reused)
+- run test success 144ms MaxRSS:2M
|  +- compile test Debug native success 2s MaxRSS:217M
|     +- options (reused)
|     +- options (reused)
|     +- options (reused)
|     +- options (reused)
|     +- options (reused)
|     +- options (reused)
|     +- options (reused)
|     +- options (reused)
|     +- options (reused)
|     +- options (reused)
|     +- options (reused)
|     +- options (reused)
|     +- options (reused)
+- run test 22 pass (22 total) 66ms MaxRSS:3M
|  +- compile test Debug native success 2s MaxRSS:237M
|     +- options (reused)
|     +- options (reused)
|     +- options (reused)
|     +- options (reused)
|     +- options (reused)
|     +- options (reused)
|     +- options (reused)
|     +- options (reused)
|     +- options (reused)
|     +- options (reused)
|     +- options (reused)
|     +- options (reused)
|     +- options (reused)
+- run test 23 pass (23 total) 96ms MaxRSS:3M
|  +- compile test Debug native success 2s MaxRSS:243M
|     +- options (reused)
|     +- options (reused)
|     +- options (reused)
|     +- options (reused)
|     +- options (reused)
|     +- options (reused)
|     +- options (reused)
|     +- options (reused)
|     +- options (reused)
|     +- options (reused)
|     +- options (reused)
|     +- options (reused)
|     +- options (reused)
+- run test 2 pass (2 total) 99ms MaxRSS:2M
|  +- compile test Debug native success 3s MaxRSS:217M
|     +- options (reused)
|     +- options (reused)
|     +- options (reused)
|     +- options (reused)
|     +- options (reused)
|     +- options (reused)
|     +- options (reused)
|     +- options (reused)
|     +- options (reused)
|     +- options (reused)
|     +- options (reused)
|     +- options (reused)
|     +- options (reused)
+- run test 16 pass (16 total) 79ms MaxRSS:2M
|  +- compile test Debug native success 3s MaxRSS:216M
|     +- options (reused)
|     +- options (reused)
|     +- options (reused)
|     +- options (reused)
|     +- options (reused)
|     +- options (reused)
|     +- options (reused)
|     +- options (reused)
|     +- options (reused)
|     +- options (reused)
|     +- options (reused)
|     +- options (reused)
|     +- options (reused)
+- run test 19 pass (19 total) 78ms MaxRSS:2M
|  +- compile test Debug native success 2s MaxRSS:240M
|     +- options (reused)
|     +- options (reused)
|     +- options (reused)
|     +- options (reused)
|     +- options (reused)
|     +- options (reused)
|     +- options (reused)
|     +- options (reused)
|     +- options (reused)
|     +- options (reused)
|     +- options (reused)
|     +- options (reused)
|     +- options (reused)
+- run test success 129ms MaxRSS:2M
|  +- compile test Debug native success 2s MaxRSS:265M
|     +- options (reused)
|     +- options (reused)
|     +- options (reused)
|     +- options (reused)
|     +- options (reused)
|     +- options (reused)
|     +- options (reused)
|     +- options (reused)
|     +- options (reused)
|     +- options (reused)
|     +- options (reused)
|     +- options (reused)
|     +- options (reused)
+- run test 4 pass (4 total) 69ms MaxRSS:2M
|  +- compile test Debug native success 2s MaxRSS:241M
|     +- options (reused)
|     +- options (reused)
|     +- options (reused)
|     +- options (reused)
|     +- options (reused)
|     +- options (reused)
|     +- options (reused)
|     +- options (reused)
|     +- options (reused)
|     +- options (reused)
|     +- options (reused)
|     +- options (reused)
|     +- options (reused)
+- run test 29 pass (29 total) 78ms MaxRSS:3M
|  +- compile test Debug native success 3s MaxRSS:224M
|     +- options (reused)
|     +- options (reused)
|     +- options (reused)
|     +- options (reused)
|     +- options (reused)
|     +- options (reused)
|     +- options (reused)
|     +- options (reused)
|     +- options (reused)
|     +- options (reused)
|     +- options (reused)
|     +- options (reused)
|     +- options (reused)
+- run test 83 pass (83 total) 108ms MaxRSS:6M
|  +- compile test Debug native success 3s MaxRSS:260M
|     +- options (reused)
|     +- options (reused)
|     +- options (reused)
|     +- options (reused)
|     +- options (reused)
|     +- options (reused)
|     +- options (reused)
|     +- options (reused)
|     +- options (reused)
|     +- options (reused)
|     +- options (reused)
|     +- options (reused)
|     +- options (reused)
+- run test 7 pass (7 total) 111ms MaxRSS:2M
|  +- compile test Debug native success 1s MaxRSS:278M
|     +- options (reused)
|     +- options (reused)
|     +- options (reused)
|     +- options (reused)
|     +- options (reused)
|     +- options (reused)
|     +- options (reused)
|     +- options (reused)
|     +- options (reused)
|     +- options (reused)
|     +- options (reused)
|     +- options (reused)
|     +- options (reused)
+- run test 478 pass (478 total) 280ms MaxRSS:13M
|  +- compile test Debug native success 4s MaxRSS:539M
|     +- options (reused)
|     +- options (reused)
|     +- options (reused)
|     +- options (reused)
|     +- options (reused)
|     +- options (reused)
|     +- options (reused)
|     +- options (reused)
|     +- options (reused)
|     +- options (reused)
|     +- options (reused)
|     +- options (reused)
|     +- options (reused)
+- run test 2 pass (2 total) 147ms MaxRSS:2M
|  +- compile test Debug native success 2s MaxRSS:260M
|     +- options (reused)
|     +- options (reused)
|     +- options (reused)
|     +- options (reused)
|     +- options (reused)
|     +- options (reused)
|     +- options (reused)
|     +- options (reused)
|     +- options (reused)
|     +- options (reused)
|     +- options (reused)
|     +- options (reused)
|     +- options (reused)
+- run test 3 pass (3 total) 163ms MaxRSS:2M
|  +- compile test Debug native success 2s MaxRSS:263M
|     +- options (reused)
|     +- options (reused)
|     +- options (reused)
|     +- options (reused)
|     +- options (reused)
|     +- options (reused)
|     +- options (reused)
|     +- options (reused)
|     +- options (reused)
|     +- options (reused)
|     +- options (reused)
|     +- options (reused)
|     +- options (reused)
+- run test 10 pass (10 total) 106ms MaxRSS:2M
|  +- compile test Debug native success 1s MaxRSS:277M
|     +- options (reused)
|     +- options (reused)
|     +- options (reused)
|     +- options (reused)
|     +- options (reused)
|     +- options (reused)
|     +- options (reused)
|     +- options (reused)
|     +- options (reused)
|     +- options (reused)
|     +- options (reused)
|     +- options (reused)
|     +- options (reused)
+- run test success 75ms MaxRSS:2M
|  +- compile test Debug native success 2s MaxRSS:223M
|     +- options (reused)
|     +- options (reused)
|     +- options (reused)
|     +- options (reused)
|     +- options (reused)
|     +- options (reused)
|     +- options (reused)
|     +- options (reused)
|     +- options (reused)
|     +- options (reused)
|     +- options (reused)
|     +- options (reused)
|     +- options (reused)
+- run test success 171ms MaxRSS:2M
|  +- compile test Debug native success 2s MaxRSS:270M
|     +- options (reused)
|     +- options (reused)
|     +- options (reused)
|     +- options (reused)
|     +- options (reused)
|     +- options (reused)
|     +- options (reused)
|     +- options (reused)
|     +- options (reused)
|     +- options (reused)
|     +- options (reused)
|     +- options (reused)
|     +- options (reused)
+- run test 88 pass (88 total) 83ms MaxRSS:3M
|  +- compile test Debug native success 2s MaxRSS:309M
|     +- options (reused)
|     +- options (reused)
|     +- options (reused)
|     +- options (reused)
|     +- options (reused)
|     +- options (reused)
|     +- options (reused)
|     +- options (reused)
|     +- options (reused)
|     +- options (reused)
|     +- options (reused)
|     +- options (reused)
|     +- options (reused)
+- run test 202 pass (202 total) 267ms MaxRSS:8M
|  +- compile test Debug native success 5s MaxRSS:332M
|     +- options (reused)
|     +- options (reused)
|     +- options (reused)
|     +- options (reused)
|     +- options (reused)
|     +- options (reused)
|     +- options (reused)
|     +- options (reused)
|     +- options (reused)
|     +- options (reused)
|     +- options (reused)
|     +- options (reused)
|     +- options (reused)
+- run test 72 pass (72 total) 97ms MaxRSS:6M
|  +- compile test Debug native success 3s MaxRSS:256M
|     +- options (reused)
|     +- options (reused)
|     +- options (reused)
|     +- options (reused)
|     +- options (reused)
|     +- options (reused)
|     +- options (reused)
|     +- options (reused)
|     +- options (reused)
|     +- options (reused)
|     +- options (reused)
|     +- options (reused)
|     +- options (reused)
+- run test 22 pass (22 total) 80ms MaxRSS:2M
|  +- compile test Debug native success 2s MaxRSS:272M
|     +- options (reused)
|     +- options (reused)
|     +- options (reused)
|     +- options (reused)
|     +- options (reused)
|     +- options (reused)
|     +- options (reused)
|     +- options (reused)
|     +- options (reused)
|     +- options (reused)
|     +- options (reused)
|     +- options (reused)
|     +- options (reused)
+- run test 17 pass (17 total) 92ms MaxRSS:2M
|  +- compile test Debug native success 2s MaxRSS:226M
|     +- options (reused)
|     +- options (reused)
|     +- options (reused)
|     +- options (reused)
|     +- options (reused)
|     +- options (reused)
|     +- options (reused)
|     +- options (reused)
|     +- options (reused)
|     +- options (reused)
|     +- options (reused)
|     +- options (reused)
|     +- options (reused)
+- run test 24 pass (24 total) 69ms MaxRSS:2M
|  +- compile test Debug native success 3s MaxRSS:216M
|     +- options (reused)
|     +- options (reused)
|     +- options (reused)
|     +- options (reused)
|     +- options (reused)
|     +- options (reused)
|     +- options (reused)
|     +- options (reused)
|     +- options (reused)
|     +- options (reused)
|     +- options (reused)
|     +- options (reused)
|     +- options (reused)
+- run test 14 pass (14 total) 73ms MaxRSS:2M
|  +- compile test Debug native success 2s MaxRSS:238M
|     +- options (reused)
|     +- options (reused)
|     +- options (reused)
|     +- options (reused)
|     +- options (reused)
|     +- options (reused)
|     +- options (reused)
|     +- options (reused)
|     +- options (reused)
|     +- options (reused)
|     +- options (reused)
|     +- options (reused)
|     +- options (reused)
+- run test 11 pass (11 total) 117ms MaxRSS:2M
|  +- compile test Debug native success 2s MaxRSS:224M
|     +- options (reused)
|     +- options (reused)
|     +- options (reused)
|     +- options (reused)
|     +- options (reused)
|     +- options (reused)
|     +- options (reused)
|     +- options (reused)
|     +- options (reused)
|     +- options (reused)
|     +- options (reused)
|     +- options (reused)
|     +- options (reused)
+- run test 41 pass (41 total) 90ms MaxRSS:6M
|  +- compile test Debug native success 2s MaxRSS:243M
|     +- options (reused)
|     +- options (reused)
|     +- options (reused)
|     +- options (reused)
|     +- options (reused)
|     +- options (reused)
|     +- options (reused)
|     +- options (reused)
|     +- options (reused)
|     +- options (reused)
|     +- options (reused)
|     +- options (reused)
|     +- options (reused)
+- run test 16 pass (16 total) 74ms MaxRSS:2M
|  +- compile test Debug native success 2s MaxRSS:271M
|     +- options (reused)
|     +- options (reused)
|     +- options (reused)
|     +- options (reused)
|     +- options (reused)
|     +- options (reused)
|     +- options (reused)
|     +- options (reused)
|     +- options (reused)
|     +- options (reused)
|     +- options (reused)
|     +- options (reused)
|     +- options (reused)
+- run test 56 pass (56 total) 90ms MaxRSS:7M
|  +- compile test Debug native success 3s MaxRSS:255M
|     +- options (reused)
|     +- options (reused)
|     +- options (reused)
|     +- options (reused)
|     +- options (reused)
|     +- options (reused)
|     +- options (reused)
|     +- options (reused)
|     +- options (reused)
|     +- options (reused)
|     +- options (reused)
|     +- options (reused)
|     +- options (reused)
+- run test 18 pass (18 total) 87ms MaxRSS:6M
|  +- compile test Debug native success 2s MaxRSS:277M
|     +- options (reused)
|     +- options (reused)
|     +- options (reused)
|     +- options (reused)
|     +- options (reused)
|     +- options (reused)
|     +- options (reused)
|     +- options (reused)
|     +- options (reused)
|     +- options (reused)
|     +- options (reused)
|     +- options (reused)
|     +- options (reused)
+- run test 47 pass (47 total) 84ms MaxRSS:3M
|  +- compile test Debug native success 2s MaxRSS:259M
|     +- options (reused)
|     +- options (reused)
|     +- options (reused)
|     +- options (reused)
|     +- options (reused)
|     +- options (reused)
|     +- options (reused)
|     +- options (reused)
|     +- options (reused)
|     +- options (reused)
|     +- options (reused)
|     +- options (reused)
|     +- options (reused)
+- run test 204 pass (204 total) 213ms MaxRSS:8M
|  +- compile test Debug native success 2s MaxRSS:364M
|     +- options (reused)
|     +- options (reused)
|     +- options (reused)
|     +- options (reused)
|     +- options (reused)
|     +- options (reused)
|     +- options (reused)
|     +- options (reused)
|     +- options (reused)
|     +- options (reused)
|     +- options (reused)
|     +- options (reused)
|     +- options (reused)
+- run test 15 pass (15 total) 132ms MaxRSS:2M
|  +- compile test Debug native success 2s MaxRSS:229M
|     +- options (reused)
|     +- options (reused)
|     +- options (reused)
|     +- options (reused)
|     +- options (reused)
|     +- options (reused)
|     +- options (reused)
|     +- options (reused)
|     +- options (reused)
|     +- options (reused)
|     +- options (reused)
|     +- options (reused)
|     +- options (reused)
+- run test 26 pass (26 total) 69ms MaxRSS:3M
|  +- compile test Debug native success 2s MaxRSS:289M
|     +- options (reused)
|     +- options (reused)
|     +- options (reused)
|     +- options (reused)
|     +- options (reused)
|     +- options (reused)
|     +- options (reused)
|     +- options (reused)
|     +- options (reused)
|     +- options (reused)
|     +- options (reused)
|     +- options (reused)
|     +- options (reused)
+- run test success 89ms MaxRSS:2M
|  +- compile test Debug native success 2s MaxRSS:221M
|     +- options (reused)
|     +- options (reused)
|     +- options (reused)
|     +- options (reused)
|     +- options (reused)
|     +- options (reused)
|     +- options (reused)
|     +- options (reused)
|     +- options (reused)
|     +- options (reused)
|     +- options (reused)
|     +- options (reused)
|     +- options (reused)
+- run test 29 pass (29 total) 126ms MaxRSS:3M
|  +- compile test Debug native success 2s MaxRSS:276M
|     +- options (reused)
|     +- options (reused)
|     +- options (reused)
|     +- options (reused)
|     +- options (reused)
|     +- options (reused)
|     +- options (reused)
|     +- options (reused)
|     +- options (reused)
|     +- options (reused)
|     +- options (reused)
|     +- options (reused)
|     +- options (reused)
+- run test 61 pass (61 total) 90ms MaxRSS:3M
|  +- compile test Debug native success 2s MaxRSS:309M
|     +- options (reused)
|     +- options (reused)
|     +- options (reused)
|     +- options (reused)
|     +- options (reused)
|     +- options (reused)
|     +- options (reused)
|     +- options (reused)
|     +- options (reused)
|     +- options (reused)
|     +- options (reused)
|     +- options (reused)
|     +- options (reused)
+- run test 6 pass (6 total) 70ms MaxRSS:2M
|  +- compile test Debug native success 2s MaxRSS:262M
|     +- options (reused)
|     +- options (reused)
|     +- options (reused)
|     +- options (reused)
|     +- options (reused)
|     +- options (reused)
|     +- options (reused)
|     +- options (reused)
|     +- options (reused)
|     +- options (reused)
|     +- options (reused)
|     +- options (reused)
|     +- options (reused)
+- run test 13 pass (13 total) 62ms MaxRSS:2M
|  +- compile test Debug native success 3s MaxRSS:215M
|     +- options (reused)
|     +- options (reused)
|     +- options (reused)
|     +- options (reused)
|     +- options (reused)
|     +- options (reused)
|     +- options (reused)
|     +- options (reused)
|     +- options (reused)
|     +- options (reused)
|     +- options (reused)
|     +- options (reused)
|     +- options (reused)
+- run test 4 pass (4 total) 119ms MaxRSS:2M
|  +- compile test Debug native success 2s MaxRSS:241M
|     +- options (reused)
|     +- options (reused)
|     +- options (reused)
|     +- options (reused)
|     +- options (reused)
|     +- options (reused)
|     +- options (reused)
|     +- options (reused)
|     +- options (reused)
|     +- options (reused)
|     +- options (reused)
|     +- options (reused)
|     +- options (reused)
+- run test 16 pass (16 total) 220ms MaxRSS:2M
|  +- compile test Debug native success 3s MaxRSS:237M
|     +- options (reused)
|     +- options (reused)
|     +- options (reused)
|     +- options (reused)
|     +- options (reused)
|     +- options (reused)
|     +- options (reused)
|     +- options (reused)
|     +- options (reused)
|     +- options (reused)
|     +- options (reused)
|     +- options (reused)
|     +- options (reused)
+- run test 42 pass (42 total) 113ms MaxRSS:3M
|  +- compile test Debug native success 2s MaxRSS:278M
|     +- options (reused)
|     +- options (reused)
|     +- options (reused)
|     +- options (reused)
|     +- options (reused)
|     +- options (reused)
|     +- options (reused)
|     +- options (reused)
|     +- options (reused)
|     +- options (reused)
|     +- options (reused)
|     +- options (reused)
|     +- options (reused)
+- run test 61 pass (61 total) 417ms MaxRSS:3M
|  +- compile test Debug native success 2s MaxRSS:278M
|     +- options (reused)
|     +- options (reused)
|     +- options (reused)
|     +- options (reused)
|     +- options (reused)
|     +- options (reused)
|     +- options (reused)
|     +- options (reused)
|     +- options (reused)
|     +- options (reused)
|     +- options (reused)
|     +- options (reused)
|     +- options (reused)
+- run test 9 pass (9 total) 276ms MaxRSS:2M
|  +- compile test Debug native success 2s MaxRSS:221M
|     +- options (reused)
|     +- options (reused)
|     +- options (reused)
|     +- options (reused)
|     +- options (reused)
|     +- options (reused)
|     +- options (reused)
|     +- options (reused)
|     +- options (reused)
|     +- options (reused)
|     +- options (reused)
|     +- options (reused)
|     +- options (reused)
+- run test 4 pass (4 total) 80ms MaxRSS:2M
|  +- compile test Debug native success 2s MaxRSS:266M
|     +- options (reused)
|     +- options (reused)
|     +- options (reused)
|     +- options (reused)
|     +- options (reused)
|     +- options (reused)
|     +- options (reused)
|     +- options (reused)
|     +- options (reused)
|     +- options (reused)
|     +- options (reused)
|     +- options (reused)
|     +- options (reused)
+- run test 13 pass (13 total) 90ms MaxRSS:2M
|  +- compile test Debug native success 2s MaxRSS:282M
|     +- options (reused)
|     +- options (reused)
|     +- options (reused)
|     +- options (reused)
|     +- options (reused)
|     +- options (reused)
|     +- options (reused)
|     +- options (reused)
|     +- options (reused)
|     +- options (reused)
|     +- options (reused)
|     +- options (reused)
|     +- options (reused)
+- run test 36 pass (36 total) 94ms MaxRSS:3M
|  +- compile test Debug native success 3s MaxRSS:236M
|     +- options (reused)
|     +- options (reused)
|     +- options (reused)
|     +- options (reused)
|     +- options (reused)
|     +- options (reused)
|     +- options (reused)
|     +- options (reused)
|     +- options (reused)
|     +- options (reused)
|     +- options (reused)
|     +- options (reused)
|     +- options (reused)
+- run test 25 pass (25 total) 93ms MaxRSS:3M
|  +- compile test Debug native success 2s MaxRSS:256M
|     +- options (reused)
|     +- options (reused)
|     +- options (reused)
|     +- options (reused)
|     +- options (reused)
|     +- options (reused)
|     +- options (reused)
|     +- options (reused)
|     +- options (reused)
|     +- options (reused)
|     +- options (reused)
|     +- options (reused)
|     +- options (reused)
+- run test 64 pass (64 total) 75ms MaxRSS:3M
|  +- compile test Debug native success 2s MaxRSS:295M
|     +- options (reused)
|     +- options (reused)
|     +- options (reused)
|     +- options (reused)
|     +- options (reused)
|     +- options (reused)
|     +- options (reused)
|     +- options (reused)
|     +- options (reused)
|     +- options (reused)
|     +- options (reused)
|     +- options (reused)
|     +- options (reused)
+- run test 33 pass (33 total) 93ms MaxRSS:3M
|  +- compile test Debug native success 2s MaxRSS:318M
|     +- options (reused)
|     +- options (reused)
|     +- options (reused)
|     +- options (reused)
|     +- options (reused)
|     +- options (reused)
|     +- options (reused)
|     +- options (reused)
|     +- options (reused)
|     +- options (reused)
|     +- options (reused)
|     +- options (reused)
|     +- options (reused)
+- run test 72 pass (72 total) 99ms MaxRSS:7M
|  +- compile test Debug native success 3s MaxRSS:349M
|     +- options (reused)
|     +- options (reused)
|     +- options (reused)
|     +- options (reused)
|     +- options (reused)
|     +- options (reused)
|     +- options (reused)
|     +- options (reused)
|     +- options (reused)
|     +- options (reused)
|     +- options (reused)
|     +- options (reused)
|     +- options (reused)
+- run test 73 pass (73 total) 95ms MaxRSS:4M
|  +- compile test Debug native success 4s MaxRSS:362M
|     +- options (reused)
|     +- options (reused)
|     +- options (reused)
|     +- options (reused)
|     +- options (reused)
|     +- options (reused)
|     +- options (reused)
|     +- options (reused)
|     +- options (reused)
|     +- options (reused)
|     +- options (reused)
|     +- options (reused)
|     +- options (reused)
+- run test 161 pass (161 total) 165ms MaxRSS:4M
|  +- compile test Debug native success 3s MaxRSS:405M
|     +- options (reused)
|     +- options (reused)
|     +- options (reused)
|     +- options (reused)
|     +- options (reused)
|     +- options (reused)
|     +- options (reused)
|     +- options (reused)
|     +- options (reused)
|     +- options (reused)
|     +- options (reused)
|     +- options (reused)
|     +- options (reused)
+- run test 26 pass (26 total) 212ms MaxRSS:3M
|  +- compile test Debug native success 2s MaxRSS:218M
|     +- options (reused)
|     +- options (reused)
|     +- options (reused)
|     +- options (reused)
|     +- options (reused)
|     +- options (reused)
|     +- options (reused)
|     +- options (reused)
|     +- options (reused)
|     +- options (reused)
|     +- options (reused)
|     +- options (reused)
|     +- options (reused)
+- run test 16 pass (16 total) 77ms MaxRSS:2M
|  +- compile test Debug native success 2s MaxRSS:283M
|     +- options (reused)
|     +- options (reused)
|     +- options (reused)
|     +- options (reused)
|     +- options (reused)
|     +- options (reused)
|     +- options (reused)
|     +- options (reused)
|     +- options (reused)
|     +- options (reused)
|     +- options (reused)
|     +- options (reused)
|     +- options (reused)
+- run test 14 pass (14 total) 73ms MaxRSS:2M
|  +- compile test Debug native success 2s MaxRSS:271M
|     +- options (reused)
|     +- options (reused)
|     +- options (reused)
|     +- options (reused)
|     +- options (reused)
|     +- options (reused)
|     +- options (reused)
|     +- options (reused)
|     +- options (reused)
|     +- options (reused)
|     +- options (reused)
|     +- options (reused)
|     +- options (reused)
+- run test 64 pass (64 total) 347ms MaxRSS:15M
|  +- compile test Debug native success 2s MaxRSS:277M
|     +- options (reused)
|     +- options (reused)
|     +- options (reused)
|     +- options (reused)
|     +- options (reused)
|     +- options (reused)
|     +- options (reused)
|     +- options (reused)
|     +- options (reused)
|     +- options (reused)
|     +- options (reused)
|     +- options (reused)
|     +- options (reused)
+- run test 10 pass (10 total) 131ms MaxRSS:2M
   +- compile test Debug native success 2s MaxRSS:230M
      +- options (reused)
      +- options (reused)
      +- options (reused)
      +- options (reused)
      +- options (reused)
      +- options (reused)
      +- options (reused)
      +- options (reused)
      +- options (reused)
      +- options (reused)
      +- options (reused)
      +- options (reused)
      +- options (reused)

=== verify-unit-tests: app-level test roots (direct zig test) ===
1/35 tabapp.test.tabapp: dispatch classifies WM lifecycle events and tracks the canvas...OK
2/35 tabapp.test.tabapp: scale is the identity at the native canvas (zero-regression fixed point)...OK
3/35 tabapp.test.tabapp: scale maps a fixed layout into the full viewport...OK
4/35 tabapp.test.tabapp: scale never produces zero-size rects...OK
5/35 tabapp.test.tabapp: nav declare/poll are best-effort with no WM seat (M48/BT5)...OK
6/35 ui.abi.test.WMS7 Gate B: the toolkit WM_RPC wire mirror matches the frozen wnd_core ABI...OK
7/35 ui.draw.test.draw: draw_image_buf source-over into a raw buffer...OK
8/35 ui.draw.test.draw: draw_image_buf clips to buffer and stride...OK
9/35 image.test.image: pixel_at bounds checking...OK
10/35 image.test.image: sub_image view and zero-sized handling...OK
11/35 image.test.image: blit Porter-Duff alpha blending...OK
12/35 image.test.image: format dispatch with QOI...OK
13/35 image.test.image: format dispatch with PNG...OK
14/35 qoi.test.qoi: reject header magic and truncated headers...OK
15/35 qoi.test.qoi: decode solid red 4x4 fixture...OK
16/35 qoi.test.qoi: decode gradient rgba 8x8 fixture...OK
17/35 qoi.test.qoi: decode non-square 12x4 fixture...OK
18/35 qoi.test.qoi: buffer too small rejection...OK
19/35 qoi.test.qoi: corrupt end marker rejection...OK
20/35 png.test.png: reject invalid signature and corrupt crc...OK
21/35 png.test.png: decode solid rgb 4x4 fixture...OK
22/35 png.test.png: decode gradient rgba 8x8 fixture...OK
23/35 png.test.png: decode non-square 12x4 fixture...OK
24/35 png.test.png: scan sizes the multi-chunk viewer fixture exactly...OK
25/35 png.test.png: workspace decode of the split-IDAT viewer fixture...OK
26/35 png.test.png: scan rejects bad signature and bad crc...OK
27/35 png.test.png: workspace decode covers images past the convenience caps...OK
28/35 png.test.png: decode grayscale 8x8 fixture...OK
29/35 crc32.test.crc32: standard vectors...OK
30/35 flate.test.flate: uncompressed block...OK
31/35 flate.test.flate: zlib wrapped hello...OK
32/35 flate.test.flate: raw deflate hello...OK
33/35 flate.test.flate: zlib large repetitive dynamic Huffman and LZ77...OK
34/35 flate.test.flate: buffer too small rejection...OK
35/35 flate.test.flate: invalid zlib header and adler mismatch...OK
All 35 tests passed.
1/100 tabwm.test.tabwm: tab manager allocation and lifecycle...OK
2/100 tabwm.test.tabwm: tab manager active index adjustment on removal...OK
3/100 tabwm.test.tabwm: tab cycle forward and backward...OK
4/100 tabwm.test.tabwm: keyboard shortcuts routing...OK
5/100 tabwm.test.tabwm: pointer hit testing and tab selection / close button...OK
6/100 tabwm.test.tabwm: wnd_mail_apply RPC commands...OK
7/100 tabwm.test.tabwm: geometry constants respect M39 tokens...OK
8/100 tabwm.test.tabwm: compute_tab_viewport centering and full bleed...OK
9/100 tabwm.test.tabwm: draw_viewport_backdrop writes canvas outside window...OK
10/100 tabwm.test.tabwm: proper mascot emblem decodes at 28x28 (M42 SX1)...OK
11/100 tabwm.test.tabwm: draw_sidebar blits the raster emblem into the scanout (M42 SX1)...OK
12/100 tabwm.test.tabwm: tab-aware fixed app takes the full viewport (M42 SX2)...OK
13/100 tabwm.test.tabwm: viewport_change_needed idempotence (M42 SX2)...OK
14/100 tabwm.test.tabwm: declare_fullscreen RPC registers and applies the full viewport (M42 SX2)...OK
15/100 tabwm.test.tabwm: declare_fullscreen on an inactive tab defers the proposal (M42 SX2)...OK
16/100 tabwm.test.tabwm: god-menu overlay filters the manifest (M42 SX5)...OK
17/100 tabwm.test.tabwm: god-menu overlay keys — filter, select, launch, dismiss (M42 SX5)...OK
18/100 tabwm.test.tabwm: overlay keys are consumed only while open (M42 SX5)...OK
19/100 tabwm.test.tabwm: god-menu overlay accepts digits, minus, period in the filter (M42 SX5)...OK
20/100 tabwm.test.tabwm: released mirror removes the tab and activates the next (M42 UX)...OK
21/100 tabwm.test.tabwm: released mirror for an unknown id is a no-op (M42 UX)...OK
22/100 tabwm.test.tabwm: hide mirror without released does NOT remove a tab (M42 UX)...OK
23/100 tabwm.test.tabwm: visible mirror upserts geometry (M42 UX)...OK
24/100 tabwm.test.tabwm: the 17th window is ignored, tab 0 not hijacked (M42 UX)...OK
25/100 tabwm.test.tabwm: + New tab affordance and Ctrl+T trigger the new-tab path (M42 UX)...OK
26/100 tabwm.test.tabwm: overlay empty vs filtered-empty messages are distinguishable (M42 UX)...OK
27/100 tabwm.test.tabwm: close_tab removes the tab and activates the next (M42 UX)...OK
28/100 tabwm.test.tabwm: unsaved bit-12 mirror sets, clears, and still releases (M42 UX r2)...OK
29/100 tabwm.test.tabwm: request_close_tab intercepts a dirty tab with the dialog (M42 UX r2)...OK
30/100 tabwm.test.tabwm: unsaved choices — save closes, cancel keeps, discard defers to the mirror (M42 UX r2)...OK
31/100 tabwm.test.tabwm: wnd_core dialog hit-test maps the three buttons (M42 UX r2)...OK
32/100 tabwm.test.tabwm: alt_tab_next policy — null, cycle, invert, 0-start (M42 UX r2)...OK
33/100 tabwm.test.tabwm: Alt+Tab chord moves the active tab, Alt+Shift+Tab inverts (M42 UX r2)...OK
34/100 tabwm.test.tabwm: close_flash_active lives for the tick window then expires (M42 UX r2)...OK
35/100 tabwm.test.tabwm: dialog modal keys — Enter saves, Escape cancels, chords swallowed (M42 UX r2)...OK
36/100 tabwm.test.tabwm: dialog modal pointer — clicks route to the buttons, tabs are safe (M42 UX r2)...OK
37/100 tabwm.test.tabwm: the Sexiburger overlay cannot summon over the modal dialog (M42 UX r2)...OK
38/100 tabwm.test.tabwm: unsaved + alt-tab markers are pinned (M42 UX r2)...OK
39/100 tabwm.test.tabwm: tab_index_at only reaches DRAWN rows (the shared row rule)...OK
40/100 tabwm.test.tabwm: RPC upserts refuse a full manager instead of aliasing tab 0...OK
41/100 tabwm.test.tabwm: parse_clock_epoch accepts seconds-since-midnight, rejects junk...OK
42/100 tabwm.test.tabwm: clock_hms shows wall time with an epoch, uptime without...OK
43/100 tabwm.test.tabwm: resetForTest restores every mutated global to cold-boot...OK
44/100 tabwm.test.tabwm: overflow scroll moves the list window and the hit-test follows...OK
45/100 tabwm.test.tabwm: overflow_label reports the visible window with arrows...OK
46/100 tabwm.test.tabwm: keyboard nav moves the selection, scrolls, and activates...OK
47/100 tabwm.test.tabwm: serialize_tabs/parse_tabs round-trip order and active...OK
48/100 tabwm.test.tabwm: persisted order re-applies by title and sets the active tab...OK
49/100 tabwm.test.tabwm: new-tab pill tracks the visible window...OK
50/100 tabwm.test.tabwm: tick_clock_face prefers the host epoch, else uptime on the host...OK
51/100 tabwm.test.tabwm: middle-click closes the tab under the pointer (#1064)...OK
52/100 tabwm.test.tabwm: keyboard reorder moves the active tab (#1064)...OK
53/100 tabwm.test.tabwm: reopen-closed re-execs a TABWM-launched app (#1064)...OK
54/100 tabwm.test.tabwm: M48 markers are pinned (BT1–BT6)...OK
55/100 tabwm.test.tabwm: duplicate active tab re-execs its recorded bin (M48/BT1)...OK
56/100 tabwm.test.tabwm: move_tab shifts, keeps active, and reorder persists (M48/BT2)...OK
57/100 tabwm.test.tabwm: pointer drag reorders tabs (M48/BT2)...OK
58/100 tabwm.test.tabwm: pinning sorts pinned tabs first (M48/BT3)...OK
59/100 tabwm.test.tabwm: manifest group parsing + dock pin adoption (M48/BT3)...OK
60/100 tabwm.test.tabwm: START surface summons, shares the catalog, and launches (M48/BT4)...OK
61/100 tabwm.test.tabwm: per-tab navigation history records, dedupes, truncates, bounds (M48/BT5)...OK
62/100 tabwm.test.tabwm: back/forward queue the target for the owning app (M48/BT5)...OK
63/100 tabwm.test.tabwm: hover preview dwell, frozen badge, and tab search (M48/BT6)...OK
64/100 lib.ui.draw.test.draw: draw_image_buf source-over into a raw buffer...OK
65/100 lib.ui.draw.test.draw: draw_image_buf clips to buffer and stride...OK
66/100 lib.ui.abi.test.WMS7 Gate B: the toolkit WM_RPC wire mirror matches the frozen wnd_core ABI...OK
67/100 lib.image.test.image: pixel_at bounds checking...OK
68/100 lib.image.test.image: sub_image view and zero-sized handling...OK
69/100 lib.image.test.image: blit Porter-Duff alpha blending...OK
70/100 lib.image.test.image: format dispatch with QOI...OK
71/100 lib.image.test.image: format dispatch with PNG...OK
72/100 lib.qoi.test.qoi: reject header magic and truncated headers...OK
73/100 lib.qoi.test.qoi: decode solid red 4x4 fixture...OK
74/100 lib.qoi.test.qoi: decode gradient rgba 8x8 fixture...OK
75/100 lib.qoi.test.qoi: decode non-square 12x4 fixture...OK
76/100 lib.qoi.test.qoi: buffer too small rejection...OK
77/100 lib.qoi.test.qoi: corrupt end marker rejection...OK
78/100 lib.png.test.png: reject invalid signature and corrupt crc...OK
79/100 lib.png.test.png: decode solid rgb 4x4 fixture...OK
80/100 lib.png.test.png: decode gradient rgba 8x8 fixture...OK
81/100 lib.png.test.png: decode non-square 12x4 fixture...OK
82/100 lib.png.test.png: scan sizes the multi-chunk viewer fixture exactly...OK
83/100 lib.png.test.png: workspace decode of the split-IDAT viewer fixture...OK
84/100 lib.png.test.png: scan rejects bad signature and bad crc...OK
85/100 lib.png.test.png: workspace decode covers images past the convenience caps...OK
86/100 lib.png.test.png: decode grayscale 8x8 fixture...OK
87/100 lib.crc32.test.crc32: standard vectors...OK
88/100 lib.flate.test.flate: uncompressed block...OK
89/100 lib.flate.test.flate: zlib wrapped hello...OK
90/100 lib.flate.test.flate: raw deflate hello...OK
91/100 lib.flate.test.flate: zlib large repetitive dynamic Huffman and LZ77...OK
92/100 lib.flate.test.flate: buffer too small rejection...OK
93/100 lib.flate.test.flate: invalid zlib header and adler mismatch...OK
94/100 lib.font_ttf.test.TrueTypeFace parses Fira Code and Inter headers and cmap...OK
95/100 lib.font_ttf.test.TrueTypeFace loads simple glyph outlines...OK
96/100 lib.font_ttf.test.TrueTypeFace rasterizes anti-aliased glyphs with subpixel coverage...
--- Rasterized Inter 'O' (16px, 12x13, advance=12px) ---
  =%@@%=    
 #@+::+@+   
-%:    -@:  
#+      #+  
@-      -%  
@:      :@: 
@:      :@. 
@-      =#  
#*      #+  
:@+    +@.  
 +@#++#@-   
  .****.    
            

--- Rasterized Fira Code 'A' (14px, 10x11) ---
  :@#     
  +*@.    
  #.#-    
 .% +#    
 =+ .@.   
 #-  #-   
.@#**%#   
-#:::-@.  
*-    @-  
*     ++  
          
OK
97/100 lib.font_ttf.test.TrueTypeFace loads and rasterizes composite glyphs (accented é)...OK
98/100 lib.font_ttf.test.GlyphCache and blend_glyph_bgra render text into 32-bpp BGRA buffer...OK
99/100 lib.font8x8.test.user font8x8: source rows are LSB-first with bit zero at the left...OK
100/100 lib.font8x8.test.user font8x8: the 760-byte table is pinned...OK
All 100 tests passed.
1/55 sexiburger.test.sexiburger app: initial state and button trigger...OK
2/55 sexiburger.test.sexiburger app: chord trigger opens menu...OK
3/55 sexiburger.test.sexiburger app: command invocation updates last action...OK
4/55 sexiburger.test.sexiburger app: proper 24x24 and 64x64 mascot rasters decode...OK
5/55 lib.image.test.image: pixel_at bounds checking...OK
6/55 lib.image.test.image: sub_image view and zero-sized handling...OK
7/55 lib.image.test.image: blit Porter-Duff alpha blending...OK
8/55 lib.image.test.image: format dispatch with QOI...OK
9/55 lib.image.test.image: format dispatch with PNG...OK
10/55 lib.qoi.test.qoi: reject header magic and truncated headers...OK
11/55 lib.qoi.test.qoi: decode solid red 4x4 fixture...OK
12/55 lib.qoi.test.qoi: decode gradient rgba 8x8 fixture...OK
13/55 lib.qoi.test.qoi: decode non-square 12x4 fixture...OK
14/55 lib.qoi.test.qoi: buffer too small rejection...OK
15/55 lib.qoi.test.qoi: corrupt end marker rejection...OK
16/55 lib.sexiburger.test.sexiburger menu: zero-pixel idle footprint until summoned...OK
17/55 lib.sexiburger.test.sexiburger menu: chord open and dismiss...OK
18/55 lib.sexiburger.test.sexiburger menu: six sections at invariant positions...OK
19/55 lib.sexiburger.test.sexiburger menu: type-to-filter interaction...OK
20/55 lib.sexiburger.test.sexiburger menu: raster mascot emblem integration...OK
21/55 lib.sexiburger.test.sexiburger manifest: parses apps, skips comments/blanks/malformed...OK
22/55 lib.sexiburger.test.sexiburger manifest: empty text yields zero, overlong input caps at out.len...OK
23/55 lib.ui.draw.test.draw: draw_image_buf source-over into a raw buffer...OK
24/55 lib.ui.draw.test.draw: draw_image_buf clips to buffer and stride...OK
25/55 lib.action_registry.test.covenant of six: exactly six canonical sections...OK
26/55 lib.action_registry.test.covenant of six: seventh section registration strictly rejected with citation...OK
27/55 lib.action_registry.test.action registry: command registration and section isolation...OK
28/55 lib.action_registry.test.action registry: shell verb lookup (M19 synergy)...OK
29/55 lib.action_registry.test.action registry: active app contextual scoping...OK
30/55 lib.action_registry.test.action registry: type-to-filter with abbreviation and fuzzy matching...OK
31/55 lib.action_registry.test.mascot diagnostics: deterministic 6-layer 6-tentacle accounting...OK
32/55 lib.ui.abi.test.WMS7 Gate B: the toolkit WM_RPC wire mirror matches the frozen wnd_core ABI...OK
33/55 lib.png.test.png: reject invalid signature and corrupt crc...OK
34/55 lib.png.test.png: decode solid rgb 4x4 fixture...OK
35/55 lib.png.test.png: decode gradient rgba 8x8 fixture...OK
36/55 lib.png.test.png: decode non-square 12x4 fixture...OK
37/55 lib.png.test.png: scan sizes the multi-chunk viewer fixture exactly...OK
38/55 lib.png.test.png: workspace decode of the split-IDAT viewer fixture...OK
39/55 lib.png.test.png: scan rejects bad signature and bad crc...OK
40/55 lib.png.test.png: workspace decode covers images past the convenience caps...OK
41/55 lib.png.test.png: decode grayscale 8x8 fixture...OK
42/55 lib.crc32.test.crc32: standard vectors...OK
43/55 lib.flate.test.flate: uncompressed block...OK
44/55 lib.flate.test.flate: zlib wrapped hello...OK
45/55 lib.flate.test.flate: raw deflate hello...OK
46/55 lib.flate.test.flate: zlib large repetitive dynamic Huffman and LZ77...OK
47/55 lib.flate.test.flate: buffer too small rejection...OK
48/55 lib.flate.test.flate: invalid zlib header and adler mismatch...OK
49/55 lib.font_ttf.test.TrueTypeFace parses Fira Code and Inter headers and cmap...OK
50/55 lib.font_ttf.test.TrueTypeFace loads simple glyph outlines...OK
51/55 lib.font_ttf.test.TrueTypeFace rasterizes anti-aliased glyphs with subpixel coverage...
--- Rasterized Inter 'O' (16px, 12x13, advance=12px) ---
  =%@@%=    
 #@+::+@+   
-%:    -@:  
#+      #+  
@-      -%  
@:      :@: 
@:      :@. 
@-      =#  
#*      #+  
:@+    +@.  
 +@#++#@-   
  .****.    
            

--- Rasterized Fira Code 'A' (14px, 10x11) ---
  :@#     
  +*@.    
  #.#-    
 .% +#    
 =+ .@.   
 #-  #-   
.@#**%#   
-#:::-@.  
*-    @-  
*     ++  
          
OK
52/55 lib.font_ttf.test.TrueTypeFace loads and rasterizes composite glyphs (accented é)...OK
53/55 lib.font_ttf.test.GlyphCache and blend_glyph_bgra render text into 32-bpp BGRA buffer...OK
54/55 lib.font8x8.test.user font8x8: source rows are LSB-first with bit zero at the left...OK
55/55 lib.font8x8.test.user font8x8: the 760-byte table is pinned...OK
All 55 tests passed.
verify-unit-tests: all unit tests passed

── swift test (VFWire S1–S10) ──
Building for debugging...
[1 / 12]
Build complete! (0.29 sec)
Test Suite 'All tests' started at 2026-09-12 12:21:56.325.
Test Suite 'VMRunnerTests.xctest' started at 2026-09-12 12:21:56.327.
Test Suite 'VFWireTests' started at 2026-09-12 12:21:56.327.
Test Case '-[VMRunnerTests.VFWireTests testProbeChecksumStable]' started.
Test Case '-[VMRunnerTests.VFWireTests testProbeChecksumStable]' passed (0.005 seconds).
Test Case '-[VMRunnerTests.VFWireTests testS10HandleTableCap]' started.
Test Case '-[VMRunnerTests.VFWireTests testS10HandleTableCap]' passed (0.003 seconds).
Test Case '-[VMRunnerTests.VFWireTests testS11CloneOpAndFraming]' started.
Test Case '-[VMRunnerTests.VFWireTests testS11CloneOpAndFraming]' passed (0.000 seconds).
Test Case '-[VMRunnerTests.VFWireTests testS1PatternGeneratorParity]' started.
Test Case '-[VMRunnerTests.VFWireTests testS1PatternGeneratorParity]' passed (0.010 seconds).
Test Case '-[VMRunnerTests.VFWireTests testS2RequestEncodeParity]' started.
Test Case '-[VMRunnerTests.VFWireTests testS2RequestEncodeParity]' passed (0.000 seconds).
Test Case '-[VMRunnerTests.VFWireTests testS3ReplyDecodeParity]' started.
Test Case '-[VMRunnerTests.VFWireTests testS3ReplyDecodeParity]' passed (0.001 seconds).
Test Case '-[VMRunnerTests.VFWireTests testS4PathDefense]' started.
Test Case '-[VMRunnerTests.VFWireTests testS4PathDefense]' passed (0.001 seconds).
Test Case '-[VMRunnerTests.VFWireTests testS5Hf3ConstantsParity]' started.
Test Case '-[VMRunnerTests.VFWireTests testS5Hf3ConstantsParity]' passed (0.000 seconds).
Test Case '-[VMRunnerTests.VFWireTests testS6PayloadBuildersAndReplyEncoders]' started.
Test Case '-[VMRunnerTests.VFWireTests testS6PayloadBuildersAndReplyEncoders]' passed (0.000 seconds).
Test Case '-[VMRunnerTests.VFWireTests testS7RenameFraming]' started.
Test Case '-[VMRunnerTests.VFWireTests testS7RenameFraming]' passed (0.000 seconds).
Test Case '-[VMRunnerTests.VFWireTests testS8HandleTableCursorAndTruncate]' started.
Test Case '-[VMRunnerTests.VFWireTests testS8HandleTableCursorAndTruncate]' passed (0.001 seconds).
Test Case '-[VMRunnerTests.VFWireTests testS9HandleTableAppend]' started.
Test Case '-[VMRunnerTests.VFWireTests testS9HandleTableAppend]' passed (0.000 seconds).
Test Suite 'VFWireTests' passed at 2026-09-12 12:21:56.351.
	 Executed 12 tests, with 0 failures (0 unexpected) in 0.023 (0.024) seconds
Test Suite 'VMRunnerTests.xctest' passed at 2026-09-12 12:21:56.351.
	 Executed 12 tests, with 0 failures (0 unexpected) in 0.023 (0.024) seconds
Test Suite 'All tests' passed at 2026-09-12 12:21:56.351.
	 Executed 12 tests, with 0 failures (0 unexpected) in 0.023 (0.026) seconds
VF-CKSUM-32K: 0x0000
􀟈  Test run started.
􀄵  Testing Library Version: 2084
􀄵  Target Platform: arm64e-apple-macos14.0
􁁛  Test run with 0 tests in 0 suites passed after 0.001 seconds.

── fixture sha256 pins + python generator cross-check ──
vf-pattern-32k.bin: 32768 B sha256=8b16fec9d2a8c48be47789a462c2d4b3d9be75ec91310607ec5fb5e180982ed5 OK
vf-req-read.bin: 23 B sha256=605f3306e9b608dcf763e7b8498438cbb3b4b160620160eed35c984627a14724 OK
vf-reply-read.bin: 8 B sha256=c018a33ef9fe2bb21707201011270883aa7dc3da2b5ab368687255da5197e3ce OK
vf-reply-list.bin: 83 B sha256=710a1372b7a64e14c53105774e37ccfb5cb9e6a93e889a4c76b6039acd83e909 OK
vf-pattern-32k.bin: python generator reproduces the fixture byte-for-byte
pattern cksum1071 = 0x0000

── verify-bss-budget.sh ──
=== verify-bss-budget: ADR 0013 D3.1 CI gate — kernel .bss ceiling (class A, deterministic, no VM) ===
budget source: docs/decisions/0013-post-m14-abi-amendment.md D3.1
budget:        11534336 B (11.0 MiB)

-- building kernel --
elf2bin: ./.zig-cache/o/e2611ab6f2d094cf240753f17d900e76/virelai-kernel -> /Users/tbuddy/t3/zig/virelaios-buffy-argv/.zig-cache/o/cdbb48ba7e860afe077323ff7966f01c/KERNEL.BIN: entry_offset=0x28 image_size=8806096 (4 PT_LOAD segment(s), 114 absolute reloc(s))

-- kernel ELF section sizes --
  .bss:           8176632 B  (0x7cc3f8)
  .data:          107704 B  (0x01a4b8)
  .userbss:       36864 B  (0x009000)

-- budget check --
  measured:       8176632 B
  budget:         11534336 B
  remaining:      3357704 B
  over budget:    0 B
  status:         PASS

-- known large .bss contributors (sourced from kernel/src; informational) --
  mmu.table_storage (kernel/src/mmu.zig):     2,097,152 B (2.0 MiB; page-table carve-out, ADR 0006, doubled in M16 C4)
  virtio_gpu.gpu_fb (kernel/src/virtio_gpu.zig): 3,686,400 B (3.52 MiB; 1280x720x4 scanout, align 4096)
  post-M14 reservations (ADR 0013 D3):           1,737 B (~1.7 KiB; planned, not yet landed)
  other (font, console, scheduler, virtio rings, process table, mailbox, evidence, etc.): the remainder

verify-bss-budget: PASS — kernel .bss = 8176632 B / 11534336 B (3357704 B headroom).

── verify-issue-coordination.sh ──
verify-issue-coordination: ok — 3 open claim issue(s) checked, no file overlaps

verify-vf-class-a: PASS — wire parity locked on both sides, budgets green.
