zig fmt --check boot/src/*.zig kernel/src/*.zig build.zig
bash tools/verify-unit-tests.sh
=== verify-unit-tests: running unified parallel test suite (zig build test) ===
Build Summary: 166/166 steps succeeded; 3324/3324 tests passed
test success
+- run test 4 pass (4 total) 81ms MaxRSS:2M
|  +- compile test Debug native success 2s MaxRSS:238M
|     +- options success
|     +- options (reused)
|     +- options (reused)
|     +- options (reused)
|     +- options (reused)
|     +- options (reused)
|     +- options (reused)
|     +- options (reused)
|     +- options (reused)
|     +- options (reused)
|     +- options (reused)
|     +- options (reused)
|     +- options (reused)
+- run test success 71ms MaxRSS:2M
|  +- compile test Debug native success 1s MaxRSS:272M
|     +- options (reused)
|     +- options (reused)
|     +- options (reused)
|     +- options (reused)
|     +- options (reused)
|     +- options (reused)
|     +- options (reused)
|     +- options (reused)
|     +- options (reused)
|     +- options (reused)
|     +- options (reused)
|     +- options (reused)
|     +- options (reused)
+- run test 33 pass (33 total) 92ms MaxRSS:4M
|  +- compile test Debug native success 1s MaxRSS:291M
|     +- options (reused)
|     +- options (reused)
|     +- options (reused)
|     +- options (reused)
|     +- options (reused)
|     +- options (reused)
|     +- options (reused)
|     +- options (reused)
|     +- options (reused)
|     +- options (reused)
|     +- options (reused)
|     +- options (reused)
|     +- options (reused)
+- run test 6 pass (6 total) 95ms MaxRSS:2M
|  +- compile test Debug native success 2s MaxRSS:238M
|     +- options (reused)
|     +- options (reused)
|     +- options (reused)
|     +- options (reused)
|     +- options (reused)
|     +- options (reused)
|     +- options (reused)
|     +- options (reused)
|     +- options (reused)
|     +- options (reused)
|     +- options (reused)
|     +- options (reused)
|     +- options (reused)
+- run test 10 pass (10 total) 69ms MaxRSS:2M
|  +- compile test Debug native success 2s MaxRSS:237M
|     +- options (reused)
|     +- options (reused)
|     +- options (reused)
|     +- options (reused)
|     +- options (reused)
|     +- options (reused)
|     +- options (reused)
|     +- options (reused)
|     +- options (reused)
|     +- options (reused)
|     +- options (reused)
|     +- options (reused)
|     +- options (reused)
+- run test 10 pass (10 total) 79ms MaxRSS:2M
|  +- compile test Debug native success 1s MaxRSS:283M
|     +- options (reused)
|     +- options (reused)
|     +- options (reused)
|     +- options (reused)
|     +- options (reused)
|     +- options (reused)
|     +- options (reused)
|     +- options (reused)
|     +- options (reused)
|     +- options (reused)
|     +- options (reused)
|     +- options (reused)
|     +- options (reused)
+- run test success 84ms MaxRSS:2M
|  +- compile test Debug native success 1s MaxRSS:276M
|     +- options (reused)
|     +- options (reused)
|     +- options (reused)
|     +- options (reused)
|     +- options (reused)
|     +- options (reused)
|     +- options (reused)
|     +- options (reused)
|     +- options (reused)
|     +- options (reused)
|     +- options (reused)
|     +- options (reused)
|     +- options (reused)
+- run test 3 pass (3 total) 72ms MaxRSS:2M
|  +- compile test Debug native success 3s MaxRSS:240M
|     +- options (reused)
|     +- options (reused)
|     +- options (reused)
|     +- options (reused)
|     +- options (reused)
|     +- options (reused)
|     +- options (reused)
|     +- options (reused)
|     +- options (reused)
|     +- options (reused)
|     +- options (reused)
|     +- options (reused)
|     +- options (reused)
+- run test success 75ms MaxRSS:2M
|  +- compile test Debug native success 1s MaxRSS:273M
|     +- options (reused)
|     +- options (reused)
|     +- options (reused)
|     +- options (reused)
|     +- options (reused)
|     +- options (reused)
|     +- options (reused)
|     +- options (reused)
|     +- options (reused)
|     +- options (reused)
|     +- options (reused)
|     +- options (reused)
|     +- options (reused)
+- run test 28 pass (28 total) 73ms MaxRSS:4M
|  +- compile test Debug native success 3s MaxRSS:246M
|     +- options (reused)
|     +- options (reused)
|     +- options (reused)
|     +- options (reused)
|     +- options (reused)
|     +- options (reused)
|     +- options (reused)
|     +- options (reused)
|     +- options (reused)
|     +- options (reused)
|     +- options (reused)
|     +- options (reused)
|     +- options (reused)
+- run test 370 pass (370 total) 244ms MaxRSS:14M
|  +- compile test Debug native success 3s MaxRSS:438M
|     +- options (reused)
|     +- options (reused)
|     +- options (reused)
|     +- options (reused)
|     +- options (reused)
|     +- options (reused)
|     +- options (reused)
|     +- options (reused)
|     +- options (reused)
|     +- options (reused)
|     +- options (reused)
|     +- options (reused)
|     +- options (reused)
+- run test 71 pass (71 total) 86ms MaxRSS:4M
|  +- compile test Debug native success 2s MaxRSS:302M
|     +- options (reused)
|     +- options (reused)
|     +- options (reused)
|     +- options (reused)
|     +- options (reused)
|     +- options (reused)
|     +- options (reused)
|     +- options (reused)
|     +- options (reused)
|     +- options (reused)
|     +- options (reused)
|     +- options (reused)
|     +- options (reused)
+- run test 4 pass (4 total) 66ms MaxRSS:2M
|  +- compile test Debug native success 1s MaxRSS:278M
|     +- options (reused)
|     +- options (reused)
|     +- options (reused)
|     +- options (reused)
|     +- options (reused)
|     +- options (reused)
|     +- options (reused)
|     +- options (reused)
|     +- options (reused)
|     +- options (reused)
|     +- options (reused)
|     +- options (reused)
|     +- options (reused)
+- run test 25 pass (25 total) 124ms MaxRSS:2M
|  +- compile test Debug native success 1s MaxRSS:284M
|     +- options (reused)
|     +- options (reused)
|     +- options (reused)
|     +- options (reused)
|     +- options (reused)
|     +- options (reused)
|     +- options (reused)
|     +- options (reused)
|     +- options (reused)
|     +- options (reused)
|     +- options (reused)
|     +- options (reused)
|     +- options (reused)
+- run test 4 pass (4 total) 66ms MaxRSS:2M
|  +- compile test Debug native success 2s MaxRSS:240M
|     +- options (reused)
|     +- options (reused)
|     +- options (reused)
|     +- options (reused)
|     +- options (reused)
|     +- options (reused)
|     +- options (reused)
|     +- options (reused)
|     +- options (reused)
|     +- options (reused)
|     +- options (reused)
|     +- options (reused)
|     +- options (reused)
+- run test 163 pass (163 total) 106ms MaxRSS:8M
|  +- compile test Debug native success 2s MaxRSS:347M
|     +- options (reused)
|     +- options (reused)
|     +- options (reused)
|     +- options (reused)
|     +- options (reused)
|     +- options (reused)
|     +- options (reused)
|     +- options (reused)
|     +- options (reused)
|     +- options (reused)
|     +- options (reused)
|     +- options (reused)
|     +- options (reused)
+- run test 20 pass (20 total) 89ms MaxRSS:2M
|  +- compile test Debug native success 1s MaxRSS:288M
|     +- options (reused)
|     +- options (reused)
|     +- options (reused)
|     +- options (reused)
|     +- options (reused)
|     +- options (reused)
|     +- options (reused)
|     +- options (reused)
|     +- options (reused)
|     +- options (reused)
|     +- options (reused)
|     +- options (reused)
|     +- options (reused)
+- run test 33 pass (33 total) 94ms MaxRSS:3M
|  +- compile test Debug native success 1s MaxRSS:285M
|     +- options (reused)
|     +- options (reused)
|     +- options (reused)
|     +- options (reused)
|     +- options (reused)
|     +- options (reused)
|     +- options (reused)
|     +- options (reused)
|     +- options (reused)
|     +- options (reused)
|     +- options (reused)
|     +- options (reused)
|     +- options (reused)
+- run test 20 pass (20 total) 62ms MaxRSS:2M
|  +- compile test Debug native success 2s MaxRSS:248M
|     +- options (reused)
|     +- options (reused)
|     +- options (reused)
|     +- options (reused)
|     +- options (reused)
|     +- options (reused)
|     +- options (reused)
|     +- options (reused)
|     +- options (reused)
|     +- options (reused)
|     +- options (reused)
|     +- options (reused)
|     +- options (reused)
+- run test 28 pass (28 total) 85ms MaxRSS:4M
|  +- compile test Debug native success 1s MaxRSS:289M
|     +- options (reused)
|     +- options (reused)
|     +- options (reused)
|     +- options (reused)
|     +- options (reused)
|     +- options (reused)
|     +- options (reused)
|     +- options (reused)
|     +- options (reused)
|     +- options (reused)
|     +- options (reused)
|     +- options (reused)
|     +- options (reused)
+- run test 5 pass (5 total) 85ms MaxRSS:2M
|  +- compile test Debug native success 1s MaxRSS:277M
|     +- options (reused)
|     +- options (reused)
|     +- options (reused)
|     +- options (reused)
|     +- options (reused)
|     +- options (reused)
|     +- options (reused)
|     +- options (reused)
|     +- options (reused)
|     +- options (reused)
|     +- options (reused)
|     +- options (reused)
|     +- options (reused)
+- run test 15 pass (15 total) 68ms MaxRSS:2M
|  +- compile test Debug native success 1s MaxRSS:282M
|     +- options (reused)
|     +- options (reused)
|     +- options (reused)
|     +- options (reused)
|     +- options (reused)
|     +- options (reused)
|     +- options (reused)
|     +- options (reused)
|     +- options (reused)
|     +- options (reused)
|     +- options (reused)
|     +- options (reused)
|     +- options (reused)
+- run test success 74ms MaxRSS:2M
|  +- compile test Debug native success 1s MaxRSS:273M
|     +- options (reused)
|     +- options (reused)
|     +- options (reused)
|     +- options (reused)
|     +- options (reused)
|     +- options (reused)
|     +- options (reused)
|     +- options (reused)
|     +- options (reused)
|     +- options (reused)
|     +- options (reused)
|     +- options (reused)
|     +- options (reused)
+- run test 22 pass (22 total) 77ms MaxRSS:3M
|  +- compile test Debug native success 1s MaxRSS:284M
|     +- options (reused)
|     +- options (reused)
|     +- options (reused)
|     +- options (reused)
|     +- options (reused)
|     +- options (reused)
|     +- options (reused)
|     +- options (reused)
|     +- options (reused)
|     +- options (reused)
|     +- options (reused)
|     +- options (reused)
|     +- options (reused)
+- run test 23 pass (23 total) 74ms MaxRSS:4M
|  +- compile test Debug native success 1s MaxRSS:287M
|     +- options (reused)
|     +- options (reused)
|     +- options (reused)
|     +- options (reused)
|     +- options (reused)
|     +- options (reused)
|     +- options (reused)
|     +- options (reused)
|     +- options (reused)
|     +- options (reused)
|     +- options (reused)
|     +- options (reused)
|     +- options (reused)
+- run test 2 pass (2 total) 84ms MaxRSS:2M
|  +- compile test Debug native success 1s MaxRSS:276M
|     +- options (reused)
|     +- options (reused)
|     +- options (reused)
|     +- options (reused)
|     +- options (reused)
|     +- options (reused)
|     +- options (reused)
|     +- options (reused)
|     +- options (reused)
|     +- options (reused)
|     +- options (reused)
|     +- options (reused)
|     +- options (reused)
+- run test 16 pass (16 total) 68ms MaxRSS:2M
|  +- compile test Debug native success 2s MaxRSS:240M
|     +- options (reused)
|     +- options (reused)
|     +- options (reused)
|     +- options (reused)
|     +- options (reused)
|     +- options (reused)
|     +- options (reused)
|     +- options (reused)
|     +- options (reused)
|     +- options (reused)
|     +- options (reused)
|     +- options (reused)
|     +- options (reused)
+- run test 19 pass (19 total) 73ms MaxRSS:2M
|  +- compile test Debug native success 1s MaxRSS:280M
|     +- options (reused)
|     +- options (reused)
|     +- options (reused)
|     +- options (reused)
|     +- options (reused)
|     +- options (reused)
|     +- options (reused)
|     +- options (reused)
|     +- options (reused)
|     +- options (reused)
|     +- options (reused)
|     +- options (reused)
|     +- options (reused)
+- run test success 83ms MaxRSS:2M
|  +- compile test Debug native success 1s MaxRSS:274M
|     +- options (reused)
|     +- options (reused)
|     +- options (reused)
|     +- options (reused)
|     +- options (reused)
|     +- options (reused)
|     +- options (reused)
|     +- options (reused)
|     +- options (reused)
|     +- options (reused)
|     +- options (reused)
|     +- options (reused)
|     +- options (reused)
+- run test 4 pass (4 total) 91ms MaxRSS:2M
|  +- compile test Debug native success 1s MaxRSS:277M
|     +- options (reused)
|     +- options (reused)
|     +- options (reused)
|     +- options (reused)
|     +- options (reused)
|     +- options (reused)
|     +- options (reused)
|     +- options (reused)
|     +- options (reused)
|     +- options (reused)
|     +- options (reused)
|     +- options (reused)
|     +- options (reused)
+- run test 29 pass (29 total) 74ms MaxRSS:4M
|  +- compile test Debug native success 2s MaxRSS:252M
|     +- options (reused)
|     +- options (reused)
|     +- options (reused)
|     +- options (reused)
|     +- options (reused)
|     +- options (reused)
|     +- options (reused)
|     +- options (reused)
|     +- options (reused)
|     +- options (reused)
|     +- options (reused)
|     +- options (reused)
|     +- options (reused)
+- run test 83 pass (83 total) 95ms MaxRSS:6M
|  +- compile test Debug native success 2s MaxRSS:304M
|     +- options (reused)
|     +- options (reused)
|     +- options (reused)
|     +- options (reused)
|     +- options (reused)
|     +- options (reused)
|     +- options (reused)
|     +- options (reused)
|     +- options (reused)
|     +- options (reused)
|     +- options (reused)
|     +- options (reused)
|     +- options (reused)
+- run test 7 pass (7 total) 73ms MaxRSS:2M
|  +- compile test Debug native success 1s MaxRSS:276M
|     +- options (reused)
|     +- options (reused)
|     +- options (reused)
|     +- options (reused)
|     +- options (reused)
|     +- options (reused)
|     +- options (reused)
|     +- options (reused)
|     +- options (reused)
|     +- options (reused)
|     +- options (reused)
|     +- options (reused)
|     +- options (reused)
+- run test 479 pass (479 total) 239ms MaxRSS:15M
|  +- compile test Debug native success 2s MaxRSS:545M
|     +- options (reused)
|     +- options (reused)
|     +- options (reused)
|     +- options (reused)
|     +- options (reused)
|     +- options (reused)
|     +- options (reused)
|     +- options (reused)
|     +- options (reused)
|     +- options (reused)
|     +- options (reused)
|     +- options (reused)
|     +- options (reused)
+- run test 2 pass (2 total) 144ms MaxRSS:2M
|  +- compile test Debug native success 1s MaxRSS:275M
|     +- options (reused)
|     +- options (reused)
|     +- options (reused)
|     +- options (reused)
|     +- options (reused)
|     +- options (reused)
|     +- options (reused)
|     +- options (reused)
|     +- options (reused)
|     +- options (reused)
|     +- options (reused)
|     +- options (reused)
|     +- options (reused)
+- run test 3 pass (3 total) 74ms MaxRSS:2M
|  +- compile test Debug native success 1s MaxRSS:277M
|     +- options (reused)
|     +- options (reused)
|     +- options (reused)
|     +- options (reused)
|     +- options (reused)
|     +- options (reused)
|     +- options (reused)
|     +- options (reused)
|     +- options (reused)
|     +- options (reused)
|     +- options (reused)
|     +- options (reused)
|     +- options (reused)
+- run test 10 pass (10 total) 90ms MaxRSS:2M
|  +- compile test Debug native success 1s MaxRSS:277M
|     +- options (reused)
|     +- options (reused)
|     +- options (reused)
|     +- options (reused)
|     +- options (reused)
|     +- options (reused)
|     +- options (reused)
|     +- options (reused)
|     +- options (reused)
|     +- options (reused)
|     +- options (reused)
|     +- options (reused)
|     +- options (reused)
+- run test success 79ms MaxRSS:2M
|  +- compile test Debug native success 2s MaxRSS:231M
|     +- options (reused)
|     +- options (reused)
|     +- options (reused)
|     +- options (reused)
|     +- options (reused)
|     +- options (reused)
|     +- options (reused)
|     +- options (reused)
|     +- options (reused)
|     +- options (reused)
|     +- options (reused)
|     +- options (reused)
|     +- options (reused)
+- run test success 72ms MaxRSS:2M
|  +- compile test Debug native success 1s MaxRSS:271M
|     +- options (reused)
|     +- options (reused)
|     +- options (reused)
|     +- options (reused)
|     +- options (reused)
|     +- options (reused)
|     +- options (reused)
|     +- options (reused)
|     +- options (reused)
|     +- options (reused)
|     +- options (reused)
|     +- options (reused)
|     +- options (reused)
+- run test 88 pass (88 total) 127ms MaxRSS:3M
|  +- compile test Debug native success 1s MaxRSS:320M
|     +- options (reused)
|     +- options (reused)
|     +- options (reused)
|     +- options (reused)
|     +- options (reused)
|     +- options (reused)
|     +- options (reused)
|     +- options (reused)
|     +- options (reused)
|     +- options (reused)
|     +- options (reused)
|     +- options (reused)
|     +- options (reused)
+- run test 202 pass (202 total) 95ms MaxRSS:8M
|  +- compile test Debug native success 3s MaxRSS:292M
|     +- options (reused)
|     +- options (reused)
|     +- options (reused)
|     +- options (reused)
|     +- options (reused)
|     +- options (reused)
|     +- options (reused)
|     +- options (reused)
|     +- options (reused)
|     +- options (reused)
|     +- options (reused)
|     +- options (reused)
|     +- options (reused)
+- run test 72 pass (72 total) 90ms MaxRSS:6M
|  +- compile test Debug native success 1s MaxRSS:300M
|     +- options (reused)
|     +- options (reused)
|     +- options (reused)
|     +- options (reused)
|     +- options (reused)
|     +- options (reused)
|     +- options (reused)
|     +- options (reused)
|     +- options (reused)
|     +- options (reused)
|     +- options (reused)
|     +- options (reused)
|     +- options (reused)
+- run test 22 pass (22 total) 67ms MaxRSS:2M
|  +- compile test Debug native success 1s MaxRSS:284M
|     +- options (reused)
|     +- options (reused)
|     +- options (reused)
|     +- options (reused)
|     +- options (reused)
|     +- options (reused)
|     +- options (reused)
|     +- options (reused)
|     +- options (reused)
|     +- options (reused)
|     +- options (reused)
|     +- options (reused)
|     +- options (reused)
+- run test 17 pass (17 total) 112ms MaxRSS:2M
|  +- compile test Debug native success 1s MaxRSS:280M
|     +- options (reused)
|     +- options (reused)
|     +- options (reused)
|     +- options (reused)
|     +- options (reused)
|     +- options (reused)
|     +- options (reused)
|     +- options (reused)
|     +- options (reused)
|     +- options (reused)
|     +- options (reused)
|     +- options (reused)
|     +- options (reused)
+- run test 24 pass (24 total) 106ms MaxRSS:2M
|  +- compile test Debug native success 1s MaxRSS:281M
|     +- options (reused)
|     +- options (reused)
|     +- options (reused)
|     +- options (reused)
|     +- options (reused)
|     +- options (reused)
|     +- options (reused)
|     +- options (reused)
|     +- options (reused)
|     +- options (reused)
|     +- options (reused)
|     +- options (reused)
|     +- options (reused)
+- run test 14 pass (14 total) 75ms MaxRSS:2M
|  +- compile test Debug native success 1s MaxRSS:282M
|     +- options (reused)
|     +- options (reused)
|     +- options (reused)
|     +- options (reused)
|     +- options (reused)
|     +- options (reused)
|     +- options (reused)
|     +- options (reused)
|     +- options (reused)
|     +- options (reused)
|     +- options (reused)
|     +- options (reused)
|     +- options (reused)
+- run test 11 pass (11 total) 84ms MaxRSS:2M
|  +- compile test Debug native success 1s MaxRSS:279M
|     +- options (reused)
|     +- options (reused)
|     +- options (reused)
|     +- options (reused)
|     +- options (reused)
|     +- options (reused)
|     +- options (reused)
|     +- options (reused)
|     +- options (reused)
|     +- options (reused)
|     +- options (reused)
|     +- options (reused)
|     +- options (reused)
+- run test 41 pass (41 total) 164ms MaxRSS:6M
|  +- compile test Debug native success 1s MaxRSS:295M
|     +- options (reused)
|     +- options (reused)
|     +- options (reused)
|     +- options (reused)
|     +- options (reused)
|     +- options (reused)
|     +- options (reused)
|     +- options (reused)
|     +- options (reused)
|     +- options (reused)
|     +- options (reused)
|     +- options (reused)
|     +- options (reused)
+- run test 16 pass (16 total) 80ms MaxRSS:2M
|  +- compile test Debug native success 1s MaxRSS:282M
|     +- options (reused)
|     +- options (reused)
|     +- options (reused)
|     +- options (reused)
|     +- options (reused)
|     +- options (reused)
|     +- options (reused)
|     +- options (reused)
|     +- options (reused)
|     +- options (reused)
|     +- options (reused)
|     +- options (reused)
|     +- options (reused)
+- run test 56 pass (56 total) 161ms MaxRSS:7M
|  +- compile test Debug native success 1s MaxRSS:300M
|     +- options (reused)
|     +- options (reused)
|     +- options (reused)
|     +- options (reused)
|     +- options (reused)
|     +- options (reused)
|     +- options (reused)
|     +- options (reused)
|     +- options (reused)
|     +- options (reused)
|     +- options (reused)
|     +- options (reused)
|     +- options (reused)
+- run test 18 pass (18 total) 73ms MaxRSS:6M
|  +- compile test Debug native success 1s MaxRSS:285M
|     +- options (reused)
|     +- options (reused)
|     +- options (reused)
|     +- options (reused)
|     +- options (reused)
|     +- options (reused)
|     +- options (reused)
|     +- options (reused)
|     +- options (reused)
|     +- options (reused)
|     +- options (reused)
|     +- options (reused)
|     +- options (reused)
+- run test 47 pass (47 total) 70ms MaxRSS:3M
|  +- compile test Debug native success 2s MaxRSS:266M
|     +- options (reused)
|     +- options (reused)
|     +- options (reused)
|     +- options (reused)
|     +- options (reused)
|     +- options (reused)
|     +- options (reused)
|     +- options (reused)
|     +- options (reused)
|     +- options (reused)
|     +- options (reused)
|     +- options (reused)
|     +- options (reused)
+- run test 204 pass (204 total) 226ms MaxRSS:8M
|  +- compile test Debug native success 2s MaxRSS:360M
|     +- options (reused)
|     +- options (reused)
|     +- options (reused)
|     +- options (reused)
|     +- options (reused)
|     +- options (reused)
|     +- options (reused)
|     +- options (reused)
|     +- options (reused)
|     +- options (reused)
|     +- options (reused)
|     +- options (reused)
|     +- options (reused)
+- run test 15 pass (15 total) 166ms MaxRSS:2M
|  +- compile test Debug native success 1s MaxRSS:281M
|     +- options (reused)
|     +- options (reused)
|     +- options (reused)
|     +- options (reused)
|     +- options (reused)
|     +- options (reused)
|     +- options (reused)
|     +- options (reused)
|     +- options (reused)
|     +- options (reused)
|     +- options (reused)
|     +- options (reused)
|     +- options (reused)
+- run test 26 pass (26 total) 66ms MaxRSS:2M
|  +- compile test Debug native success 1s MaxRSS:288M
|     +- options (reused)
|     +- options (reused)
|     +- options (reused)
|     +- options (reused)
|     +- options (reused)
|     +- options (reused)
|     +- options (reused)
|     +- options (reused)
|     +- options (reused)
|     +- options (reused)
|     +- options (reused)
|     +- options (reused)
|     +- options (reused)
+- run test success 78ms MaxRSS:2M
|  +- compile test Debug native success 2s MaxRSS:230M
|     +- options (reused)
|     +- options (reused)
|     +- options (reused)
|     +- options (reused)
|     +- options (reused)
|     +- options (reused)
|     +- options (reused)
|     +- options (reused)
|     +- options (reused)
|     +- options (reused)
|     +- options (reused)
|     +- options (reused)
|     +- options (reused)
+- run test 29 pass (29 total) 66ms MaxRSS:3M
|  +- compile test Debug native success 1s MaxRSS:291M
|     +- options (reused)
|     +- options (reused)
|     +- options (reused)
|     +- options (reused)
|     +- options (reused)
|     +- options (reused)
|     +- options (reused)
|     +- options (reused)
|     +- options (reused)
|     +- options (reused)
|     +- options (reused)
|     +- options (reused)
|     +- options (reused)
+- run test 61 pass (61 total) 79ms MaxRSS:3M
|  +- compile test Debug native success 1s MaxRSS:312M
|     +- options (reused)
|     +- options (reused)
|     +- options (reused)
|     +- options (reused)
|     +- options (reused)
|     +- options (reused)
|     +- options (reused)
|     +- options (reused)
|     +- options (reused)
|     +- options (reused)
|     +- options (reused)
|     +- options (reused)
|     +- options (reused)
+- run test 6 pass (6 total) 128ms MaxRSS:2M
|  +- compile test Debug native success 1s MaxRSS:278M
|     +- options (reused)
|     +- options (reused)
|     +- options (reused)
|     +- options (reused)
|     +- options (reused)
|     +- options (reused)
|     +- options (reused)
|     +- options (reused)
|     +- options (reused)
|     +- options (reused)
|     +- options (reused)
|     +- options (reused)
|     +- options (reused)
+- run test 13 pass (13 total) 71ms MaxRSS:2M
|  +- compile test Debug native success 1s MaxRSS:281M
|     +- options (reused)
|     +- options (reused)
|     +- options (reused)
|     +- options (reused)
|     +- options (reused)
|     +- options (reused)
|     +- options (reused)
|     +- options (reused)
|     +- options (reused)
|     +- options (reused)
|     +- options (reused)
|     +- options (reused)
|     +- options (reused)
+- run test 4 pass (4 total) 78ms MaxRSS:2M
|  +- compile test Debug native success 3s MaxRSS:237M
|     +- options (reused)
|     +- options (reused)
|     +- options (reused)
|     +- options (reused)
|     +- options (reused)
|     +- options (reused)
|     +- options (reused)
|     +- options (reused)
|     +- options (reused)
|     +- options (reused)
|     +- options (reused)
|     +- options (reused)
|     +- options (reused)
+- run test 16 pass (16 total) 70ms MaxRSS:2M
|  +- compile test Debug native success 3s MaxRSS:248M
|     +- options (reused)
|     +- options (reused)
|     +- options (reused)
|     +- options (reused)
|     +- options (reused)
|     +- options (reused)
|     +- options (reused)
|     +- options (reused)
|     +- options (reused)
|     +- options (reused)
|     +- options (reused)
|     +- options (reused)
|     +- options (reused)
+- run test 42 pass (42 total) 129ms MaxRSS:3M
|  +- compile test Debug native success 1s MaxRSS:290M
|     +- options (reused)
|     +- options (reused)
|     +- options (reused)
|     +- options (reused)
|     +- options (reused)
|     +- options (reused)
|     +- options (reused)
|     +- options (reused)
|     +- options (reused)
|     +- options (reused)
|     +- options (reused)
|     +- options (reused)
|     +- options (reused)
+- run test 61 pass (61 total) 326ms MaxRSS:3M
|  +- compile test Debug native success 1s MaxRSS:295M
|     +- options (reused)
|     +- options (reused)
|     +- options (reused)
|     +- options (reused)
|     +- options (reused)
|     +- options (reused)
|     +- options (reused)
|     +- options (reused)
|     +- options (reused)
|     +- options (reused)
|     +- options (reused)
|     +- options (reused)
|     +- options (reused)
+- run test 9 pass (9 total) 66ms MaxRSS:2M
|  +- compile test Debug native success 1s MaxRSS:282M
|     +- options (reused)
|     +- options (reused)
|     +- options (reused)
|     +- options (reused)
|     +- options (reused)
|     +- options (reused)
|     +- options (reused)
|     +- options (reused)
|     +- options (reused)
|     +- options (reused)
|     +- options (reused)
|     +- options (reused)
|     +- options (reused)
+- run test 4 pass (4 total) 115ms MaxRSS:2M
|  +- compile test Debug native success 1s MaxRSS:280M
|     +- options (reused)
|     +- options (reused)
|     +- options (reused)
|     +- options (reused)
|     +- options (reused)
|     +- options (reused)
|     +- options (reused)
|     +- options (reused)
|     +- options (reused)
|     +- options (reused)
|     +- options (reused)
|     +- options (reused)
|     +- options (reused)
+- run test 13 pass (13 total) 85ms MaxRSS:2M
|  +- compile test Debug native success 1s MaxRSS:282M
|     +- options (reused)
|     +- options (reused)
|     +- options (reused)
|     +- options (reused)
|     +- options (reused)
|     +- options (reused)
|     +- options (reused)
|     +- options (reused)
|     +- options (reused)
|     +- options (reused)
|     +- options (reused)
|     +- options (reused)
|     +- options (reused)
+- run test 36 pass (36 total) 94ms MaxRSS:3M
|  +- compile test Debug native success 1s MaxRSS:301M
|     +- options (reused)
|     +- options (reused)
|     +- options (reused)
|     +- options (reused)
|     +- options (reused)
|     +- options (reused)
|     +- options (reused)
|     +- options (reused)
|     +- options (reused)
|     +- options (reused)
|     +- options (reused)
|     +- options (reused)
|     +- options (reused)
+- run test 25 pass (25 total) 89ms MaxRSS:3M
|  +- compile test Debug native success 1s MaxRSS:298M
|     +- options (reused)
|     +- options (reused)
|     +- options (reused)
|     +- options (reused)
|     +- options (reused)
|     +- options (reused)
|     +- options (reused)
|     +- options (reused)
|     +- options (reused)
|     +- options (reused)
|     +- options (reused)
|     +- options (reused)
|     +- options (reused)
+- run test 21 pass (21 total) 79ms MaxRSS:3M
|  +- compile test Debug native success 1s MaxRSS:290M
|     +- options (reused)
|     +- options (reused)
|     +- options (reused)
|     +- options (reused)
|     +- options (reused)
|     +- options (reused)
|     +- options (reused)
|     +- options (reused)
|     +- options (reused)
|     +- options (reused)
|     +- options (reused)
|     +- options (reused)
|     +- options (reused)
+- run test 22 pass (22 total) 69ms MaxRSS:3M
|  +- compile test Debug native success 1s MaxRSS:295M
|     +- options (reused)
|     +- options (reused)
|     +- options (reused)
|     +- options (reused)
|     +- options (reused)
|     +- options (reused)
|     +- options (reused)
|     +- options (reused)
|     +- options (reused)
|     +- options (reused)
|     +- options (reused)
|     +- options (reused)
|     +- options (reused)
+- run test 4 pass (4 total) 111ms MaxRSS:2M
|  +- compile test Debug native success 1s MaxRSS:281M
|     +- options (reused)
|     +- options (reused)
|     +- options (reused)
|     +- options (reused)
|     +- options (reused)
|     +- options (reused)
|     +- options (reused)
|     +- options (reused)
|     +- options (reused)
|     +- options (reused)
|     +- options (reused)
|     +- options (reused)
|     +- options (reused)
+- run test 64 pass (64 total) 80ms MaxRSS:3M
|  +- compile test Debug native success 1s MaxRSS:313M
|     +- options (reused)
|     +- options (reused)
|     +- options (reused)
|     +- options (reused)
|     +- options (reused)
|     +- options (reused)
|     +- options (reused)
|     +- options (reused)
|     +- options (reused)
|     +- options (reused)
|     +- options (reused)
|     +- options (reused)
|     +- options (reused)
+- run test 33 pass (33 total) 82ms MaxRSS:4M
|  +- compile test Debug native success 3s MaxRSS:259M
|     +- options (reused)
|     +- options (reused)
|     +- options (reused)
|     +- options (reused)
|     +- options (reused)
|     +- options (reused)
|     +- options (reused)
|     +- options (reused)
|     +- options (reused)
|     +- options (reused)
|     +- options (reused)
|     +- options (reused)
|     +- options (reused)
+- run test 72 pass (72 total) 100ms MaxRSS:7M
|  +- compile test Debug native success 2s MaxRSS:389M
|     +- options (reused)
|     +- options (reused)
|     +- options (reused)
|     +- options (reused)
|     +- options (reused)
|     +- options (reused)
|     +- options (reused)
|     +- options (reused)
|     +- options (reused)
|     +- options (reused)
|     +- options (reused)
|     +- options (reused)
|     +- options (reused)
+- run test 74 pass (74 total) 100ms MaxRSS:7M
|  +- compile test Debug native success 3s MaxRSS:417M
|     +- options (reused)
|     +- options (reused)
|     +- options (reused)
|     +- options (reused)
|     +- options (reused)
|     +- options (reused)
|     +- options (reused)
|     +- options (reused)
|     +- options (reused)
|     +- options (reused)
|     +- options (reused)
|     +- options (reused)
|     +- options (reused)
+- run test 161 pass (161 total) 267ms MaxRSS:5M
|  +- compile test Debug native success 3s MaxRSS:438M
|     +- options (reused)
|     +- options (reused)
|     +- options (reused)
|     +- options (reused)
|     +- options (reused)
|     +- options (reused)
|     +- options (reused)
|     +- options (reused)
|     +- options (reused)
|     +- options (reused)
|     +- options (reused)
|     +- options (reused)
|     +- options (reused)
+- run test 26 pass (26 total) 90ms MaxRSS:3M
|  +- compile test Debug native success 1s MaxRSS:281M
|     +- options (reused)
|     +- options (reused)
|     +- options (reused)
|     +- options (reused)
|     +- options (reused)
|     +- options (reused)
|     +- options (reused)
|     +- options (reused)
|     +- options (reused)
|     +- options (reused)
|     +- options (reused)
|     +- options (reused)
|     +- options (reused)
+- run test 16 pass (16 total) 83ms MaxRSS:2M
|  +- compile test Debug native success 1s MaxRSS:287M
|     +- options (reused)
|     +- options (reused)
|     +- options (reused)
|     +- options (reused)
|     +- options (reused)
|     +- options (reused)
|     +- options (reused)
|     +- options (reused)
|     +- options (reused)
|     +- options (reused)
|     +- options (reused)
|     +- options (reused)
|     +- options (reused)
+- run test 14 pass (14 total) 70ms MaxRSS:2M
|  +- compile test Debug native success 1s MaxRSS:285M
|     +- options (reused)
|     +- options (reused)
|     +- options (reused)
|     +- options (reused)
|     +- options (reused)
|     +- options (reused)
|     +- options (reused)
|     +- options (reused)
|     +- options (reused)
|     +- options (reused)
|     +- options (reused)
|     +- options (reused)
|     +- options (reused)
+- run test 64 pass (64 total) 254ms MaxRSS:15M
|  +- compile test Debug native success 2s MaxRSS:318M
|     +- options (reused)
|     +- options (reused)
|     +- options (reused)
|     +- options (reused)
|     +- options (reused)
|     +- options (reused)
|     +- options (reused)
|     +- options (reused)
|     +- options (reused)
|     +- options (reused)
|     +- options (reused)
|     +- options (reused)
|     +- options (reused)
+- run test 10 pass (10 total) 95ms MaxRSS:2M
   +- compile test Debug native success 3s MaxRSS:239M
      +- options (reused)
      +- options (reused)
      +- options (reused)
      +- options (reused)
      +- options (reused)
      +- options (reused)
      +- options (reused)
      +- options (reused)
      +- options (reused)
      +- options (reused)
      +- options (reused)
      +- options (reused)
      +- options (reused)

=== verify-unit-tests: app-level test roots (direct zig test) ===
1/35 tabapp.test.tabapp: dispatch classifies WM lifecycle events and tracks the canvas...OK
2/35 tabapp.test.tabapp: scale is the identity at the native canvas (zero-regression fixed point)...OK
3/35 tabapp.test.tabapp: scale maps a fixed layout into the full viewport...OK
4/35 tabapp.test.tabapp: scale never produces zero-size rects...OK
5/35 tabapp.test.tabapp: nav declare/poll are best-effort with no WM seat (M48/BT5)...OK
6/35 ui.abi.test.WMS7 Gate B: the toolkit WM_RPC wire mirror matches the frozen wnd_core ABI...OK
7/35 ui.draw.test.draw: draw_image_buf source-over into a raw buffer...OK
8/35 ui.draw.test.draw: draw_image_buf clips to buffer and stride...OK
9/35 image.test.image: pixel_at bounds checking...OK
10/35 image.test.image: sub_image view and zero-sized handling...OK
11/35 image.test.image: blit Porter-Duff alpha blending...OK
12/35 image.test.image: format dispatch with QOI...OK
13/35 image.test.image: format dispatch with PNG...OK
14/35 qoi.test.qoi: reject header magic and truncated headers...OK
15/35 qoi.test.qoi: decode solid red 4x4 fixture...OK
16/35 qoi.test.qoi: decode gradient rgba 8x8 fixture...OK
17/35 qoi.test.qoi: decode non-square 12x4 fixture...OK
18/35 qoi.test.qoi: buffer too small rejection...OK
19/35 qoi.test.qoi: corrupt end marker rejection...OK
20/35 png.test.png: reject invalid signature and corrupt crc...OK
21/35 png.test.png: decode solid rgb 4x4 fixture...OK
22/35 png.test.png: decode gradient rgba 8x8 fixture...OK
23/35 png.test.png: decode non-square 12x4 fixture...OK
24/35 png.test.png: scan sizes the multi-chunk viewer fixture exactly...OK
25/35 png.test.png: workspace decode of the split-IDAT viewer fixture...OK
26/35 png.test.png: scan rejects bad signature and bad crc...OK
27/35 png.test.png: workspace decode covers images past the convenience caps...OK
28/35 png.test.png: decode grayscale 8x8 fixture...OK
29/35 crc32.test.crc32: standard vectors...OK
30/35 flate.test.flate: uncompressed block...OK
31/35 flate.test.flate: zlib wrapped hello...OK
32/35 flate.test.flate: raw deflate hello...OK
33/35 flate.test.flate: zlib large repetitive dynamic Huffman and LZ77...OK
34/35 flate.test.flate: buffer too small rejection...OK
35/35 flate.test.flate: invalid zlib header and adler mismatch...OK
All 35 tests passed.
1/100 tabwm.test.tabwm: tab manager allocation and lifecycle...OK
2/100 tabwm.test.tabwm: tab manager active index adjustment on removal...OK
3/100 tabwm.test.tabwm: tab cycle forward and backward...OK
4/100 tabwm.test.tabwm: keyboard shortcuts routing...OK
5/100 tabwm.test.tabwm: pointer hit testing and tab selection / close button...OK
6/100 tabwm.test.tabwm: wnd_mail_apply RPC commands...OK
7/100 tabwm.test.tabwm: geometry constants respect M39 tokens...OK
8/100 tabwm.test.tabwm: compute_tab_viewport centering and full bleed...OK
9/100 tabwm.test.tabwm: draw_viewport_backdrop writes canvas outside window...OK
10/100 tabwm.test.tabwm: proper mascot emblem decodes at 28x28 (M42 SX1)...OK
11/100 tabwm.test.tabwm: draw_sidebar blits the raster emblem into the scanout (M42 SX1)...OK
12/100 tabwm.test.tabwm: tab-aware fixed app takes the full viewport (M42 SX2)...OK
13/100 tabwm.test.tabwm: viewport_change_needed idempotence (M42 SX2)...OK
14/100 tabwm.test.tabwm: declare_fullscreen RPC registers and applies the full viewport (M42 SX2)...OK
15/100 tabwm.test.tabwm: declare_fullscreen on an inactive tab defers the proposal (M42 SX2)...OK
16/100 tabwm.test.tabwm: god-menu overlay filters the manifest (M42 SX5)...OK
17/100 tabwm.test.tabwm: god-menu overlay keys — filter, select, launch, dismiss (M42 SX5)...OK
18/100 tabwm.test.tabwm: overlay keys are consumed only while open (M42 SX5)...OK
19/100 tabwm.test.tabwm: god-menu overlay accepts digits, minus, period in the filter (M42 SX5)...OK
20/100 tabwm.test.tabwm: released mirror removes the tab and activates the next (M42 UX)...OK
21/100 tabwm.test.tabwm: released mirror for an unknown id is a no-op (M42 UX)...OK
22/100 tabwm.test.tabwm: hide mirror without released does NOT remove a tab (M42 UX)...OK
23/100 tabwm.test.tabwm: visible mirror upserts geometry (M42 UX)...OK
24/100 tabwm.test.tabwm: the 17th window is ignored, tab 0 not hijacked (M42 UX)...OK
25/100 tabwm.test.tabwm: + New tab affordance and Ctrl+T trigger the new-tab path (M42 UX)...OK
26/100 tabwm.test.tabwm: overlay empty vs filtered-empty messages are distinguishable (M42 UX)...OK
27/100 tabwm.test.tabwm: close_tab removes the tab and activates the next (M42 UX)...OK
28/100 tabwm.test.tabwm: unsaved bit-12 mirror sets, clears, and still releases (M42 UX r2)...OK
29/100 tabwm.test.tabwm: request_close_tab intercepts a dirty tab with the dialog (M42 UX r2)...OK
30/100 tabwm.test.tabwm: unsaved choices — save closes, cancel keeps, discard defers to the mirror (M42 UX r2)...OK
31/100 tabwm.test.tabwm: wnd_core dialog hit-test maps the three buttons (M42 UX r2)...OK
32/100 tabwm.test.tabwm: alt_tab_next policy — null, cycle, invert, 0-start (M42 UX r2)...OK
33/100 tabwm.test.tabwm: Alt+Tab chord moves the active tab, Alt+Shift+Tab inverts (M42 UX r2)...OK
34/100 tabwm.test.tabwm: close_flash_active lives for the tick window then expires (M42 UX r2)...OK
35/100 tabwm.test.tabwm: dialog modal keys — Enter saves, Escape cancels, chords swallowed (M42 UX r2)...OK
36/100 tabwm.test.tabwm: dialog modal pointer — clicks route to the buttons, tabs are safe (M42 UX r2)...OK
37/100 tabwm.test.tabwm: the Sexiburger overlay cannot summon over the modal dialog (M42 UX r2)...OK
38/100 tabwm.test.tabwm: unsaved + alt-tab markers are pinned (M42 UX r2)...OK
39/100 tabwm.test.tabwm: tab_index_at only reaches DRAWN rows (the shared row rule)...OK
40/100 tabwm.test.tabwm: RPC upserts refuse a full manager instead of aliasing tab 0...OK
41/100 tabwm.test.tabwm: parse_clock_epoch accepts seconds-since-midnight, rejects junk...OK
42/100 tabwm.test.tabwm: clock_hms shows wall time with an epoch, uptime without...OK
43/100 tabwm.test.tabwm: resetForTest restores every mutated global to cold-boot...OK
44/100 tabwm.test.tabwm: overflow scroll moves the list window and the hit-test follows...OK
45/100 tabwm.test.tabwm: overflow_label reports the visible window with arrows...OK
46/100 tabwm.test.tabwm: keyboard nav moves the selection, scrolls, and activates...OK
47/100 tabwm.test.tabwm: serialize_tabs/parse_tabs round-trip order and active...OK
48/100 tabwm.test.tabwm: persisted order re-applies by title and sets the active tab...OK
49/100 tabwm.test.tabwm: new-tab pill tracks the visible window...OK
50/100 tabwm.test.tabwm: tick_clock_face prefers the host epoch, else uptime on the host...OK
51/100 tabwm.test.tabwm: middle-click closes the tab under the pointer (#1064)...OK
52/100 tabwm.test.tabwm: keyboard reorder moves the active tab (#1064)...OK
53/100 tabwm.test.tabwm: reopen-closed re-execs a TABWM-launched app (#1064)...OK
54/100 tabwm.test.tabwm: M48 markers are pinned (BT1–BT6)...OK
55/100 tabwm.test.tabwm: duplicate active tab re-execs its recorded bin (M48/BT1)...OK
56/100 tabwm.test.tabwm: move_tab shifts, keeps active, and reorder persists (M48/BT2)...OK
57/100 tabwm.test.tabwm: pointer drag reorders tabs (M48/BT2)...OK
58/100 tabwm.test.tabwm: pinning sorts pinned tabs first (M48/BT3)...OK
59/100 tabwm.test.tabwm: manifest group parsing + dock pin adoption (M48/BT3)...OK
60/100 tabwm.test.tabwm: START surface summons, shares the catalog, and launches (M48/BT4)...OK
61/100 tabwm.test.tabwm: per-tab navigation history records, dedupes, truncates, bounds (M48/BT5)...OK
62/100 tabwm.test.tabwm: back/forward queue the target for the owning app (M48/BT5)...OK
63/100 tabwm.test.tabwm: hover preview dwell, frozen badge, and tab search (M48/BT6)...OK
64/100 lib.ui.draw.test.draw: draw_image_buf source-over into a raw buffer...OK
65/100 lib.ui.draw.test.draw: draw_image_buf clips to buffer and stride...OK
66/100 lib.ui.abi.test.WMS7 Gate B: the toolkit WM_RPC wire mirror matches the frozen wnd_core ABI...OK
67/100 lib.image.test.image: pixel_at bounds checking...OK
68/100 lib.image.test.image: sub_image view and zero-sized handling...OK
69/100 lib.image.test.image: blit Porter-Duff alpha blending...OK
70/100 lib.image.test.image: format dispatch with QOI...OK
71/100 lib.image.test.image: format dispatch with PNG...OK
72/100 lib.qoi.test.qoi: reject header magic and truncated headers...OK
73/100 lib.qoi.test.qoi: decode solid red 4x4 fixture...OK
74/100 lib.qoi.test.qoi: decode gradient rgba 8x8 fixture...OK
75/100 lib.qoi.test.qoi: decode non-square 12x4 fixture...OK
76/100 lib.qoi.test.qoi: buffer too small rejection...OK
77/100 lib.qoi.test.qoi: corrupt end marker rejection...OK
78/100 lib.png.test.png: reject invalid signature and corrupt crc...OK
79/100 lib.png.test.png: decode solid rgb 4x4 fixture...OK
80/100 lib.png.test.png: decode gradient rgba 8x8 fixture...OK
81/100 lib.png.test.png: decode non-square 12x4 fixture...OK
82/100 lib.png.test.png: scan sizes the multi-chunk viewer fixture exactly...OK
83/100 lib.png.test.png: workspace decode of the split-IDAT viewer fixture...OK
84/100 lib.png.test.png: scan rejects bad signature and bad crc...OK
85/100 lib.png.test.png: workspace decode covers images past the convenience caps...OK
86/100 lib.png.test.png: decode grayscale 8x8 fixture...OK
87/100 lib.crc32.test.crc32: standard vectors...OK
88/100 lib.flate.test.flate: uncompressed block...OK
89/100 lib.flate.test.flate: zlib wrapped hello...OK
90/100 lib.flate.test.flate: raw deflate hello...OK
91/100 lib.flate.test.flate: zlib large repetitive dynamic Huffman and LZ77...OK
92/100 lib.flate.test.flate: buffer too small rejection...OK
93/100 lib.flate.test.flate: invalid zlib header and adler mismatch...OK
94/100 lib.font_ttf.test.TrueTypeFace parses Fira Code and Inter headers and cmap...OK
95/100 lib.font_ttf.test.TrueTypeFace loads simple glyph outlines...OK
96/100 lib.font_ttf.test.TrueTypeFace rasterizes anti-aliased glyphs with subpixel coverage...
--- Rasterized Inter 'O' (16px, 12x13, advance=12px) ---
  =%@@%=    
 #@+::+@+   
-%:    -@:  
#+      #+  
@-      -%  
@:      :@: 
@:      :@. 
@-      =#  
#*      #+  
:@+    +@.  
 +@#++#@-   
  .****.    
            

--- Rasterized Fira Code 'A' (14px, 10x11) ---
  :@#     
  +*@.    
  #.#-    
 .% +#    
 =+ .@.   
 #-  #-   
.@#**%#   
-#:::-@.  
*-    @-  
*     ++  
          
OK
97/100 lib.font_ttf.test.TrueTypeFace loads and rasterizes composite glyphs (accented é)...OK
98/100 lib.font_ttf.test.GlyphCache and blend_glyph_bgra render text into 32-bpp BGRA buffer...OK
99/100 lib.font8x8.test.user font8x8: source rows are LSB-first with bit zero at the left...OK
100/100 lib.font8x8.test.user font8x8: the 760-byte table is pinned...OK
All 100 tests passed.
1/55 sexiburger.test.sexiburger app: initial state and button trigger...OK
2/55 sexiburger.test.sexiburger app: chord trigger opens menu...OK
3/55 sexiburger.test.sexiburger app: command invocation updates last action...OK
4/55 sexiburger.test.sexiburger app: proper 24x24 and 64x64 mascot rasters decode...OK
5/55 lib.image.test.image: pixel_at bounds checking...OK
6/55 lib.image.test.image: sub_image view and zero-sized handling...OK
7/55 lib.image.test.image: blit Porter-Duff alpha blending...OK
8/55 lib.image.test.image: format dispatch with QOI...OK
9/55 lib.image.test.image: format dispatch with PNG...OK
10/55 lib.qoi.test.qoi: reject header magic and truncated headers...OK
11/55 lib.qoi.test.qoi: decode solid red 4x4 fixture...OK
12/55 lib.qoi.test.qoi: decode gradient rgba 8x8 fixture...OK
13/55 lib.qoi.test.qoi: decode non-square 12x4 fixture...OK
14/55 lib.qoi.test.qoi: buffer too small rejection...OK
15/55 lib.qoi.test.qoi: corrupt end marker rejection...OK
16/55 lib.sexiburger.test.sexiburger menu: zero-pixel idle footprint until summoned...OK
17/55 lib.sexiburger.test.sexiburger menu: chord open and dismiss...OK
18/55 lib.sexiburger.test.sexiburger menu: six sections at invariant positions...OK
19/55 lib.sexiburger.test.sexiburger menu: type-to-filter interaction...OK
20/55 lib.sexiburger.test.sexiburger menu: raster mascot emblem integration...OK
21/55 lib.sexiburger.test.sexiburger manifest: parses apps, skips comments/blanks/malformed...OK
22/55 lib.sexiburger.test.sexiburger manifest: empty text yields zero, overlong input caps at out.len...OK
23/55 lib.ui.draw.test.draw: draw_image_buf source-over into a raw buffer...OK
24/55 lib.ui.draw.test.draw: draw_image_buf clips to buffer and stride...OK
25/55 lib.action_registry.test.covenant of six: exactly six canonical sections...OK
26/55 lib.action_registry.test.covenant of six: seventh section registration strictly rejected with citation...OK
27/55 lib.action_registry.test.action registry: command registration and section isolation...OK
28/55 lib.action_registry.test.action registry: shell verb lookup (M19 synergy)...OK
29/55 lib.action_registry.test.action registry: active app contextual scoping...OK
30/55 lib.action_registry.test.action registry: type-to-filter with abbreviation and fuzzy matching...OK
31/55 lib.action_registry.test.mascot diagnostics: deterministic 6-layer 6-tentacle accounting...OK
32/55 lib.ui.abi.test.WMS7 Gate B: the toolkit WM_RPC wire mirror matches the frozen wnd_core ABI...OK
33/55 lib.png.test.png: reject invalid signature and corrupt crc...OK
34/55 lib.png.test.png: decode solid rgb 4x4 fixture...OK
35/55 lib.png.test.png: decode gradient rgba 8x8 fixture...OK
36/55 lib.png.test.png: decode non-square 12x4 fixture...OK
37/55 lib.png.test.png: scan sizes the multi-chunk viewer fixture exactly...OK
38/55 lib.png.test.png: workspace decode of the split-IDAT viewer fixture...OK
39/55 lib.png.test.png: scan rejects bad signature and bad crc...OK
40/55 lib.png.test.png: workspace decode covers images past the convenience caps...OK
41/55 lib.png.test.png: decode grayscale 8x8 fixture...OK
42/55 lib.crc32.test.crc32: standard vectors...OK
43/55 lib.flate.test.flate: uncompressed block...OK
44/55 lib.flate.test.flate: zlib wrapped hello...OK
45/55 lib.flate.test.flate: raw deflate hello...OK
46/55 lib.flate.test.flate: zlib large repetitive dynamic Huffman and LZ77...OK
47/55 lib.flate.test.flate: buffer too small rejection...OK
48/55 lib.flate.test.flate: invalid zlib header and adler mismatch...OK
49/55 lib.font_ttf.test.TrueTypeFace parses Fira Code and Inter headers and cmap...OK
50/55 lib.font_ttf.test.TrueTypeFace loads simple glyph outlines...OK
51/55 lib.font_ttf.test.TrueTypeFace rasterizes anti-aliased glyphs with subpixel coverage...
--- Rasterized Inter 'O' (16px, 12x13, advance=12px) ---
  =%@@%=    
 #@+::+@+   
-%:    -@:  
#+      #+  
@-      -%  
@:      :@: 
@:      :@. 
@-      =#  
#*      #+  
:@+    +@.  
 +@#++#@-   
  .****.    
            

--- Rasterized Fira Code 'A' (14px, 10x11) ---
  :@#     
  +*@.    
  #.#-    
 .% +#    
 =+ .@.   
 #-  #-   
.@#**%#   
-#:::-@.  
*-    @-  
*     ++  
          
OK
52/55 lib.font_ttf.test.TrueTypeFace loads and rasterizes composite glyphs (accented é)...OK
53/55 lib.font_ttf.test.GlyphCache and blend_glyph_bgra render text into 32-bpp BGRA buffer...OK
54/55 lib.font8x8.test.user font8x8: source rows are LSB-first with bit zero at the left...OK
55/55 lib.font8x8.test.user font8x8: the 760-byte table is pinned...OK
All 55 tests passed.
verify-unit-tests: all unit tests passed
zig build test-console
=== transcript gate 1: shell module tests (zig test kernel/src/shell.zig) ===
1/479 shell.test.shell: mock-fed end-to-end session produces the exact transcript...OK
2/479 console.test.console: mock captures writes in order...OK
3/479 console.test.console: reset clears capture and flags...OK
4/479 console.test.console: overflow truncates, flags, and never wraps...OK
5/479 console.test.console: zero-capacity mock flags every write...OK
6/479 console.test.console: print_hex prints fixed 16 lowercase digits...OK
7/479 console.test.console: print_hex_min prints minimal lowercase hex...OK
8/479 console.test.console: print_u64 prints decimal without leading zeros...OK
9/479 console.test.console: mock readByte returns scripted input in order...OK
10/479 console.test.console: mock feed overflow is refused and flagged, never wraps...OK
11/479 console.test.console: reset clears the scripted input queue too...OK
12/479 memmap.test.memmap: dense-stride view round-trips descriptors...OK
13/479 memmap.test.memmap: sparse-stride view reads past padding...OK
14/479 memmap.test.memmap: init clamps count and rejects zero stride...OK
15/479 memmap.test.memmap: summarize totals match the fixture...OK
16/479 memmap.test.memmap: bytes_of converts pages to bytes...OK
17/479 lineedit.test.lineedit: empty line submits immediately on LF...OK
18/479 lineedit.test.lineedit: CR alone submits (no LF required)...OK
19/479 lineedit.test.lineedit: CRLF pair submits exactly one line...OK
20/479 lineedit.test.lineedit: backspace deletes and erases...OK
21/479 lineedit.test.lineedit: backspace at start is refused with a bell...OK
22/479 lineedit.test.lineedit: 255 and 256 chars fit exactly and submit...OK
23/479 lineedit.test.lineedit: the 257th char is refused, never truncated mid-word...OK
24/479 lineedit.test.lineedit: ctrl-c cancels and clears...OK
25/479 lineedit.test.lineedit: tab with no completion source bells; stray control bytes are no-ops...OK
26/479 lineedit.test.lineedit: cursor movement tracks the logical cursor...OK
27/479 lineedit.test.lineedit: mid-line insert shifts and redraws...OK
28/479 lineedit.test.lineedit: mid-line backspace and forward delete redraw...OK
29/479 lineedit.test.lineedit: an unhandled CSI key is swallowed whole, tilde and all...OK
30/479 lineedit.test.lineedit: a lone ESC does not eat the next keystroke...OK
31/479 lineedit.test.lineedit: kill chords truncate toward the cursor...OK
32/479 lineedit.test.lineedit: history recall walks up/down and returns to the draft...OK
33/479 lineedit.test.lineedit: consecutive duplicate submissions are collapsed in history...OK
34/479 lineedit.test.lineedit: history ring never overflows past capacity (card U3 regression)...OK
35/479 lineedit.test.lineedit: tab completion inserts the unique suffix; ambiguity bells...OK
36/479 lineedit.test.lineedit: ctrl-l clears the screen and requests a repaint...OK
37/479 lineedit.test.lineedit: completer single match inserts text and trailing space...OK
38/479 lineedit.test.lineedit: completer multi-match cycles candidates on repeated tab...OK
39/479 lineedit.test.lineedit: completer mid-line preserves tail and shifts correctly...OK
40/479 scrollback.test.scrollback: append lines and retrieve...OK
41/479 scrollback.test.scrollback: overflow wraps and drops oldest...OK
42/479 scrollback.test.scrollback: long lines are truncated...OK
43/479 scrollback.test.scrollback: carriage return resets column but keeps line...OK
44/479 handoff.test.handoff: valid fixture passes...OK
45/479 handoff.test.handoff: each corruption is rejected with a specific reason...OK
46/479 handoff.test.handoff: error_name returns deterministic strings...OK
47/479 handoff.test.handoff: v3 carries the boot epoch after the frozen v2 layout (#1058)...OK
48/479 userspace.test.userspace: two sequenced pings preserve the claim-8215 round-trip...OK
49/479 virtio_file.test.virtio_file: G1 — pattern generator parity is pinned (fixture class)...OK
50/479 virtio_file.test.virtio_file: G2 — reply_len clamp math — over-cap dlen never reads OOB...OK
51/479 virtio_file.test.virtio_file: G3 — probe request shape + the raw 32 KiB pattern reply...OK
52/479 virtio_file.test.virtio_file: G4 — hostile envelopes (bad status, truncated rows) are honest...OK
53/479 virtio_file.test.virtio_file: G5 — entry row round trip + read payload + streaming cksum...OK
54/479 virtio_file.test.virtio_file: G6 — request encode bounds (over-long payload, small out)...OK
55/479 virtio_file.test.virtio_file: G7 — HF3 op/status constants + 8-handle parity with file_table.zig...OK
56/479 virtio_file.test.virtio_file: G8 — open request flags + reply handle decode...OK
57/479 virtio_file.test.virtio_file: G9 — write payload shape + written-cursor reply...OK
58/479 virtio_file.test.virtio_file: G10 — truncate/close/fsync payloads (handle + size)...OK
59/479 virtio_file.test.virtio_file: G11 — rename NUL-framed payload + bounds...OK
60/479 virtio_file.test.virtio_file: G12 — pattern chunk plan for the mutation gate...OK
61/479 virtio_file.test.virtio_file: G13 — HF7 clone op: 0x0c, NUL frame, bounds, honest refusal...OK
62/479 virtio_file.test.virtio_file: read_chunk and read_into copy-out under test_share...OK
63/479 virtio_file.test.virtio_file: clean_path strips leading slashes...OK
64/479 terminal.test.terminal: output round-trips FIFO from owner to front-end...OK
65/479 terminal.test.terminal: output ring wraps and preserves order across fill/drain cycles...OK
66/479 terminal.test.terminal: output overflow drops the OLDEST byte and counts it...OK
67/479 terminal.test.terminal: input round-trips FIFO from front-end to owner...OK
68/479 terminal.test.terminal: input overflow drops the NEWEST byte (never evicts unread keys)...OK
69/479 terminal.test.terminal: front-end attach is exclusive and detach re-opens it...OK
70/479 terminal.test.terminal: flush clears buffers and counters without detaching the owner...OK
71/479 terminal.test.terminal: registry creates, looks up, and releases bounded slots...OK
72/479 terminal.test.terminal: serial pump round-trips console input/output through an attached terminal...OK
73/479 terminal.test.terminal: screen lays out CR/LF/BS/TAB and wraps at the column bound...OK
74/479 terminal.test.terminal: screen scrolls past the line bound and clears on CSI 2J...OK
75/479 terminal.test.terminal: window binding is exclusive per terminal and per window...OK
76/479 terminal.test.terminal: window pump drains the output ring into the grid and screenOf finds it...OK
77/479 terminal.test.terminal: net binding is exclusive and single-session (SH7 B2)...OK
78/479 terminal.test.terminal: net pump mints a fresh challenge and gates delivery on the verdict (TS4)...OK
79/479 terminal.test.terminal: ED25519 net auth accepts the 128-hex reply (TS4 class-A framing)...OK
80/479 terminal.test.terminal: net auth deadline trips to a failed connection, never a bypass (TS4)...OK
81/479 terminal.test.terminal: the TS4 auth framing fits one bounded TCP segment (bounds audit)...OK
82/479 terminal.test.terminal: explicit open mode reproduces SH7 byte flow (TS4)...OK
83/479 terminal.test.terminal: net pump ends a half-open accept on its timeout (M46 #1105)...OK
84/479 terminal.test.terminal: setCols reflows long lines to the narrower width...OK
85/479 terminal.test.terminal: reflow overflow drops whole oldest lines...OK
86/479 terminal.test.terminal: setCols to the same value is a no-op; growth keeps lines...OK
87/479 terminal.test.terminal: scrollback view clamps to the stored range...OK
88/479 terminal.test.terminal: selection copies across lines and normalizes direction...OK
89/479 terminal.test.terminal: selection coordinates clamp to the grid...OK
90/479 terminal.test.terminal: copySelectionToClipboard is a no-op without a window binding...OK
91/479 redirect.test.redirect: capture console captures writes...OK
92/479 redirect.test.redirect: capture console overflow is dropped...OK
93/479 redirect.test.redirect: reset clears capture buffer...OK
94/479 redirect.test.redirect: feed console feeds data as stdin...OK
95/479 redirect.test.redirect: feed console passes writes through...OK
96/479 redirect.test.redirect: feed console exhausts input then returns null...OK
97/479 trust.test.trust: default policy — regular file 0644, dir 0755, usb 0444, tty allow...OK
98/479 trust.test.trust: owner vs other mode bits (read/write) from OWNERS...OK
99/479 trust.test.trust: create/delete/list/rename-class matrix...OK
100/479 trust.test.trust: secret class denies read/list/delete/create for every actor (D8)...OK
101/479 trust.test.trust: ensure_secret_file makes SECRETS.TXT secret-class by construction (D8)...OK
102/479 trust.test.trust: malformed + unknown-schema lines fail closed on the named path...OK
103/479 trust.test.trust: group triplet is reserved and normalized to zero...OK
104/479 trust.test.trust: table-full is ENOSPC on chmod, never silent eviction...OK
105/479 trust.test.trust: chmod is owner-only or CAP_FS_ANY (no chown)...OK
106/479 trust.test.trust: OWNERS.TXT round-trip parse/serialize...OK
107/479 trust.test.trust: case-insensitive host-share keys cannot bypass an entry (D4 risk)...OK
108/479 trust.test.trust: remove and rename_meta keep the table consistent...OK
109/479 trust.test.trust: over-long paths never falsely match a short entry...OK
110/479 file_table.test.file_table: path parsing and volume routing...OK
111/479 file_table.test.file_table: the usb volume is read-only and absent without a device...OK
112/479 file_table.test.file_table: handle allocation, bounds, and lifecycle reset...OK
113/479 file_table.test.file_table: wire DirEntry size is exactly 40 bytes...OK
114/479 file_table.test.file_table: mutating ops validate pids, paths, and volumes (claim 5801)...OK
115/479 file_table.test.file_table: /dev/tty routes to the process's terminal device (#1072)...OK
116/479 svclock.test.svclock: acquire/release round-trips and held() tracks the core...OK
117/479 svclock.test.svclock: each domain lock is independent...OK
118/479 svclock.test.svclock: try_acquire refuses a same-core reentry...OK
119/479 svclock.test.svclock: acquire_set/release_set take the canonical order...OK
120/479 svclock.test.svclock: try_take fails cleanly on contention and releases...OK
121/479 svclock.test.svclock: try_take skips bits this core already holds...OK
122/479 svclock.test.svclock: acquire_missing leaves an outer hold intact...OK
123/479 spinlock.test.spinlock: basic uncontended lock and unlock...OK
124/479 spinlock.test.spinlock: try_lock behavior...OK
125/479 spinlock.test.spinlock: concurrent multi-threaded stress test...OK
126/479 virtio_custom.test.virtio_custom: payload is the 16-byte known string, reply cap 64, big payload 12340...OK
127/479 virtio_custom.test.virtio_custom: ring shapes match the split-ring spec...OK
128/479 virtio_custom.test.virtio_custom: feature bits are the spec's ANY_LAYOUT / VERSION_1 / NOTIFICATION_DATA...OK
129/479 virtio_custom.test.virtio_custom: allocator hands out chains, recycles freed indices, and exhausts...OK
130/479 virtio_custom.test.virtio_custom: post_avail builds the spec-correct chain (read-then-write)...OK
131/479 virtio_custom.test.virtio_custom: post_avail builds an ANY_LAYOUT chain (write first) with a 3-part scatter...OK
132/479 virtio_custom.test.virtio_custom: scan_used matches by id, handles out-of-order completion, wraps...OK
133/479 virtio_custom.test.virtio_custom: park_chain keeps a timed-out head out of the free list until reap_parked sees its reply...OK
134/479 virtio_custom.test.virtio_custom: the reply read is length-driven, clamped to the buffer...OK
135/479 virtio_custom.test.virtio_custom: fresh transport reports no-device honestly...OK
136/479 virtio_custom.test.virtio_custom: note_irq records the first INTID and count...OK
137/479 virtio_custom.test.virtio_custom: push-echo shapes (claim 3141) — queue index, buffer sizes...OK
138/479 virtio_custom.test.virtio_custom: input-channel shapes (claim 9588) — queue index, envelope, pool...OK
139/479 virtio_custom.test.virtio_custom: dispatch_input_msg validates the envelope and counts honestly...OK
140/479 virtio_custom.test.virtio_custom: kind-2 pointer messages dispatch through the pointer hook (claim 9367)...OK
141/479 virtio_custom.test.virtio_custom: checksum1071 matches RFC 1071 semantics...OK
142/479 virtio_custom.test.virtio_custom: snapshot framing builders produce the documented wire shapes (claim 0680)...OK
143/479 virtio_custom.test.virtio_custom: kind-3 console control arms and disarms the tee (claim 0680)...OK
144/479 virtio_custom.test.virtio_custom: kind-4 snapshot request pends for the idle seam (claim 0680)...OK
145/479 virtio_custom.test.virtio_custom: console tee accumulator buffers, splits, and drops (claim 0680)...OK
146/479 mmu.test.mmu: build_user_root returns a fresh root per call (per-process roots)...OK
147/479 mmu.test.mmu: user leaves are page-local W^X and reject Device mappings...OK
148/479 mmu.test.mmu: map_user_page and unmap_user_page dynamic lifecycle...OK
149/479 mmu.test.mmu: map_user_cow_page and set_user_leaf_writable...OK
150/479 process.test.process: init starts empty and create binds a full descriptor...OK
151/479 process.test.process: lifecycle created -> running -> exited -> reaped...OK
152/479 process.test.process: exit status survives the executor task's reuse...OK
153/479 process.test.process: bounded registry recycles the oldest exited, never a live one...OK
154/479 process.test.process: on_task_exit is a no-op for unbound slots and find_by_task...OK
155/479 process.test.process: reap guards and name truncation...OK
156/479 process.test.process: allocator-backed resources are freed at reap and recycle...OK
157/479 process.test.process: exited pages return at the lifecycle reap; the procs row stays...OK
158/479 process.test.process: exit reports are a FIFO — two exits print two lines in order...OK
159/479 process.test.process: exit report FIFO overflow drops the OLDEST...OK
160/479 process.test.process: the static boot payload owns no allocator pages...OK
161/479 process.test.process: snapshot marshals non-free rows in id order with the fixed 40-byte shape...OK
162/479 process.test.process: mmap regions and dynamic page tracking...OK
163/479 process.test.process: principal defaults to uid_user/no caps and create_as assigns explicitly...OK
164/479 process.test.process: sys_procs snapshot row is byte-frozen across principals...OK
165/479 tokenizer.test.tokenizer: quoted and unquoted arguments...OK
166/479 tokenizer.test.tokenizer: leading, trailing and repeated spaces collapse...OK
167/479 tokenizer.test.tokenizer: tabs separate tokens...OK
168/479 tokenizer.test.tokenizer: empty quotes yield an empty argument...OK
169/479 tokenizer.test.tokenizer: empty single quotes yield an empty argument...OK
170/479 tokenizer.test.tokenizer: mid-token double quotes join fragments...OK
171/479 tokenizer.test.tokenizer: single quotes are fully literal...OK
172/479 tokenizer.test.tokenizer: embedded single quote via outside-quote escape...OK
173/479 tokenizer.test.tokenizer: quotes of the other kind are literal inside single/double...OK
174/479 tokenizer.test.tokenizer: outside-quote backslash escapes the next byte...OK
175/479 tokenizer.test.tokenizer: double-quote backslash escapes per the issue spec...OK
176/479 tokenizer.test.tokenizer: unbalanced single quote takes the rest as literal...OK
177/479 tokenizer.test.tokenizer: unbalanced quote takes the rest of the line as literal...OK
178/479 tokenizer.test.tokenizer: empty line yields no tokens...OK
179/479 tokenizer.test.tokenizer: exactly max_tokens tokens fit...OK
180/479 tokenizer.test.tokenizer: the max_tokens+1th token sets too_many...OK
181/479 tokenizer.test.tokenizer: arg_glob marks unquoted wildcards only...OK
182/479 settings.test.settings: default initialization and getters...OK
183/479 settings.test.settings: login shell defaults to monitor and accepts sh (M45 SH8)...OK
184/479 settings.test.settings: debug_font applies to the text layer (M20-U11)...OK
185/479 settings.test.settings: set and update existing keys...OK
186/479 settings.test.settings: line parser...OK
187/479 settings.test.settings: serialization round trip...OK
188/479 settings.test.settings: version header is present...OK
189/479 settings.test.settings: current_version constant...OK
190/479 settings.test.settings: theme colors and IDs (M27 G20)...OK
191/479 settings.test.settings: drop-shadow flag (M37 DQ4)...OK
192/479 settings.test.settings: font size getters and setters (M27 G21)...OK
193/479 exec.test.exec: DSK1 header parse rejects bad magic, entry, and oversize images...OK
194/479 exec.test.exec: no disk is reported honestly...OK
195/479 exec.test.exec: DSK3 header validation pins the segment bounds (claim 3805)...OK
196/479 exec.test.exec: ok path loads, validates, builds the root, and spawns the task...OK
197/479 exec.test.exec: exec_file_as assigns an explicit principal (M50 TS1)...OK
198/479 exec.test.exec: pinned exec routes the spawned task to exactly one core...OK
199/479 exec.test.exec: a second program loads and runs while the first is alive...OK
200/479 exec.test.exec: a live user task does not block a second exec (gate is gone)...OK
201/479 exec.test.exec: COUNTER.BIN loads by name with its own marker and process...OK
202/479 exec.test.exec: a valid AArch64 ELF32 loads through the magic-sniff path...OK
203/479 exec.test.exec: PEER.BIN loads by name — counter + peer fill the 11-slot pool...OK
204/479 exec.test.exec: permanent occupant + recycle — one spare slot, pool_full, then the re-exec lands...OK
205/479 exec.test.exec: kill reaps a permanent occupant — pages return, the slot is re-exec'd...OK
206/479 exec.test.exec: argv packing shape, per-arg truncation, and block VA...OK
207/479 exec.test.exec: more than 8 args is refused honestly (too_many_args)...OK
208/479 exec.test.exec: the argv-block room guard is exact at the 4 KiB page boundary...OK
209/479 exec.test.exec: argv block is a read-only leaf — uaccess reads it, writes fault, per-exec distinct...OK
210/479 text.test.text: asymmetric C raster is LSB-first in B8G8R8X8...OK
211/479 text.test.text: the full 95-glyph table rasters LSB-first — every pixel matches the raw source bits (issue 125)...OK
212/479 text.test.text: line wrap starts a new line at the region width...OK
213/479 text.test.text: backspace and carriage return move the cursor (U2)...OK
214/479 text.test.text: the scrollback ring is bounded and drops the oldest line...OK
215/479 text.test.text: clear resets the ring and cursor...OK
216/479 text.test.text: Ctrl-L's erase-in-display clears the layer instead of drawing '[2J'...OK
217/479 text.test.text: render never writes outside the canvas...OK
218/479 text.test.text: tab advances to the next multiple of the stop and fills spaces (U10)...OK
219/479 text.test.text: tab stops land on successive multiples (U10)...OK
220/479 text.test.text: tab width is configurable (4-stop editor style) and clamped (U10)...OK
221/479 text.test.text: tab near the region edge clamps without wrapping (U10)...OK
222/479 text.test.text: monospace guarantee — narrow and wide glyphs occupy exactly one cell (U10)...OK
223/479 text.test.text: char_width categories (U4)...OK
224/479 text.test.text: char_width is comptime-evaluable...OK
225/479 text.test.text: UTF-8 é decodes and stores the Latin-1 literal cell (U2)...OK
226/479 text.test.text: rendered é paints the accent-composed glyph, not blank (U2)...OK
227/479 text.test.text: a width-2 codepoint takes exactly two cells (U2/U4)...OK
228/479 text.test.text: broken UTF-8 becomes U+FFFD, not garbage cells (U2)...OK
229/479 text.test.text: DEL and unknown control bytes stay invisible blanks (U2)...OK
230/479 text.test.text: missing glyph falls back to the replacement character (U11)...OK
231/479 text.test.text: Ext-A Š decodes, stores literal, and paints its caron (U3)...OK
232/479 text.test.text: debug_font counts and reports misses through the hook (U11)...OK
233/479 text.test.text: e + combining acute is ONE cell and one cursor step (U5/U6)...OK
234/479 text.test.text: stacked marks stay one cell; identical clusters share a pool slot (U6)...OK
235/479 text.test.text: leading combining mark gets a dotted-circle base (U6)...OK
236/479 text.test.text: ignorable zero-width codepoints vanish without advancing (U6)...OK
237/479 text.test.text: backspace deletes a whole cluster — composed or wide (U5)...OK
238/479 text.test.text: font sizes — same glyph, exact nearest-neighbor cells (U1)...OK
239/479 text.test.text: visible geometry follows the font size and wrap respects it (U1)...OK
240/479 text.test.text: emoji render two cells wide with real art (U7)...OK
241/479 text.test.text: unknown wide codepoints stay double-wide fallback (U7)...OK
242/479 text.test.text: measure_text — exact monospace arithmetic (U12)...OK
243/479 text.test.text: wrap_line segment contents pin the issue's examples (U15)...OK
244/479 text.test.text: wrap_line reports truncation on a small out-buffer (U15)...OK
245/479 text.test.text: glyph cache hits, sizes, and LRU eviction (U13)...OK
246/479 text.test.text: cached rows are pixel-identical to the direct path (U13)...OK
247/479 text.test.text: Unicode torture document renders deterministically (U14)...OK
248/479 text.test.text: an exhausted cluster pool degrades to ignoring new marks (U6)...OK
249/479 timer.test.timer: GTDT fixture yields the EL1 physical timer GSIV...OK
250/479 timer.test.timer: GTDT with zero GSIV keeps the conventional PPI...OK
251/479 timer.test.timer: heartbeat cadence is every 5 ticks and prints once...OK
252/479 timer.test.timer: first IRQ is reported separately from heartbeat cadence...OK
253/479 timer.test.timer: ppi matching is exact...OK
254/479 timer.test.timer: period math for a 1 s tick...OK
255/479 timer.test.timer: wall_epoch tracks the boot epoch and local_time_of_day wraps (#1058)...OK
256/479 serial_ring.test.serial_ring: append and snapshot...OK
257/479 serial_ring.test.serial_ring: overflow wraps...OK
258/479 serial_ring.test.serial_ring: empty snapshot...OK
259/479 csprng.test.csprng: RFC 7539 §2.2.1 quarter-round state vector...OK
260/479 csprng.test.csprng: RFC 7539 §2.3.2 block-function vector...OK
261/479 csprng.test.csprng: RFC 7539 §2.4.2 114-byte ciphertext vector...OK
262/479 csprng.test.csprng: stream is continuous across block boundaries and seed-deterministic...OK
263/479 csprng.test.csprng: fallback leaves the module honestly unseeded...OK
264/479 csprng.test.csprng: ASLR stack placement stays in band, aligned, clear of text_va...OK
265/479 csprng.test.csprng: unseeded ASLR returns the fixed default...OK
266/479 virtio_gpu.test.virtio_gpu: spec constants, wire shapes, and the fill are the spec shapes...OK
267/479 virtio_gpu.test.virtio_gpu: fill writes the B8G8R8X8 little-endian byte order...OK
268/479 virtio_gpu.test.virtio_gpu: display-info response parse takes pmodes[0]...OK
269/479 wnd_core.test.wnd_core: hit_test returns the topmost visible interactive window...OK
270/479 wnd_core.test.wnd_core: hit_test honours workspace and visibility...OK
271/479 wnd_core.test.wnd_core: resize clamps are the on-scanout bounds...OK
272/479 wnd_core.test.wnd_core: workspace visibility rule (fixed layers always visible)...OK
273/479 wnd_core.test.wnd_core: WMS5 title-bar drag-grab rule (single source)...OK
274/479 wnd_core.test.wnd_core: chrome title layout (the shared truncation rule)...OK
275/479 wnd_core.test.wnd_core: z_rank reports registry order (0 = bottom)...OK
276/479 wnd_core.test.wnd_core: chrome descriptor validity refuses unknown kind/flags and zero kind...OK
277/479 wnd_core.test.wnd_core: WMS5 Gate 2 geometry rules are pinned (tile/snap/max — the WM's rect math)...OK
278/479 wnd_core.test.wnd_core: chrome descriptor is a flat number struct (the frozen ABI, v2 backward-compatible)...OK
279/479 wnd_core.test.wnd_core: tab item layout and cycle rules...OK
280/479 wnd_core.test.wnd_core: DQ2 tab-strip chrome geometry (strip row, title truncation, close box, hit-test)...OK
281/479 wnd_core.test.wnd_core: WM3 taskbar entry layout — rects, hit-test, tray clamp, title slice...OK
282/479 wnd_core.test.wnd_core: WM2 overview grid layout is pinned (shared kernel/WM rule)...OK
283/479 wnd_core.test.wnd_core: WM2 overview hit-testing (cards + workspace buttons)...OK
284/479 events.test.events: wire format layout and size is exactly 16 bytes...OK
285/479 events.test.events: push/peek/pop/drop FIFO sequence and monotonicity...OK
286/479 events.test.events: drop-oldest overflow discipline and wrap...OK
287/479 events.test.events: process isolation and lifecycle reset...OK
288/479 events.test.events: out-of-range PIDs and invalid kinds are defensive no-ops...OK
289/479 virtio_snd.test.virtio_snd: spec shapes — config layout, queue size, DID constants...OK
290/479 virtio_snd.test.virtio_snd: unarmed transport reports honestly...OK
291/479 virtio_snd.test.virtio_snd: stream-state setters are bounded and honest...OK
292/479 virtio_snd.test.virtio_snd: apply_stream_gain scales in place, zeroes when muted, and is bit-exact at 100%...OK
293/479 virtio_snd.test.virtio_snd: format/rate/channel math is deterministic...OK
294/479 virtio_snd.test.virtio_snd: pick_params prefers FLOAT then S16/S32, stereo when offered...OK
295/479 virtio_snd.test.virtio_snd: sine synthesis produces a bounded, non-silent buffer...OK
296/479 clipboard.test.clipboard: set/get round-trips bytes without consuming...OK
297/479 clipboard.test.clipboard: set truncates at the bound and a shorter set shrinks...OK
298/479 clipboard.test.clipboard: get truncates to a smaller destination...OK
299/479 clipboard.test.clipboard: init resets the buffer and the set counter...OK
300/479 font8x8.test.font8x8: source rows are LSB-first with bit zero at the left...OK
301/479 font8x8.test.font8x8: the 760-byte table is pinned — no row bits ever reverse (issue 125)...OK
302/479 font8x8.test.font8x8: the table is overwhelmingly horizontally asymmetric...OK
303/479 font8x8.test.font8x8: glyphs_16 is a correct 2x vertical stretch of glyphs...OK
304/479 font_emoji.test.font_emoji: every entry has ink and unique codepoints...OK
305/479 font_emoji.test.font_emoji: lookup finds knowns and rejects unknowns...OK
306/479 font_emoji.test.font_emoji: the smile is carved into the filled face...OK
307/479 font_emoji.test.font_emoji: thumbsdown is the vertical flip of thumbsup...OK
308/479 font_unicode.test.font_unicode: combining overlays exist for the common marks...OK
309/479 font_unicode.test.font_unicode: scaling is exact nearest-neighbor doubling/tripling...OK
310/479 font_unicode.test.font_unicode: é composes e with an acute overlay in the top rows...OK
311/479 font_unicode.test.font_unicode: ¡ and ¿ are vertical flips of ! and ?...OK
312/479 font_unicode.test.font_unicode: NBSP is blank, lookup rejects untabled ranges...OK
313/479 font_unicode.test.font_unicode: Ext-A covers the whole block with real art (M20-U3)...OK
314/479 font_unicode.test.font_unicode: FFFD is the diamond-with-question-mark silhouette...OK
315/479 xhci.test.xhci: HCSPARAMS1/HCCPARAMS1 field accessors...OK
316/479 xhci.test.xhci: TRB + ERST wire layouts are the spec shapes...OK
317/479 xhci.test.xhci: intr report-buffer slot wraps at the Link TRB boundary...OK
318/479 xhci.test.xhci: issue #118 — the armed TRB length is the device maxpkt, never clamped to 8...OK
319/479 xhci.test.xhci: issue #117 — the multi-TRB top-up keeps the armed depth constant across ring wraps...OK
320/479 xhci.test.xhci: ring geometry — the link TRB holds the wrap boundary...OK
321/479 xhci.test.xhci: I2 context wire layouts are the spec shapes...OK
322/479 xhci.test.xhci: hid_interval converts bInterval to the xHCI interval field...OK
323/479 xhci.test.xhci: control-transfer TRB control fields pack to the spec encodings...OK
324/479 xhci.test.xhci: U4 detach quiesces the registry so every consumer fails clean...OK
325/479 xhci.test.xhci: U4 rescan without a controller is a counted no-op...OK
326/479 uaccess.test.uaccess: copy_in copies exact bytes from a readable region...OK
327/479 uaccess.test.uaccess: copy_out writes exact bytes to a writable region...OK
328/479 uaccess.test.uaccess: boundary — range ending exactly at the region end is ok, one past faults...OK
329/479 uaccess.test.uaccess: overflow and zero length...OK
330/479 uaccess.test.uaccess: out-of-region kernel/MMIO/blanket addresses fault...OK
331/479 uaccess.test.uaccess: copy_out to the read-only text aperture is a permission fault...OK
332/479 uaccess.test.uaccess: a fault inside the window aborts the copy with EFAULT...OK
333/479 uaccess.test.uaccess: try_recover consumes only data aborts inside the window...OK
334/479 uaccess.test.uaccess: raw_copy_in is host-gated and diag is honest off-hardware...OK
335/479 usb_msc.test.usb_msc: CBW encodes signature/tag/len/dir/lun/cdb...OK
336/479 usb_msc.test.usb_msc: CSW parses signature/tag/residue/status...OK
337/479 usb_msc.test.usb_msc: SCSI CDB shapes (opcodes + big-endian LBA/length)...OK
338/479 usb_msc.test.usb_msc: INQUIRY/CAPACITY parsers...OK
339/479 gic.test.gic: MADT v3 fixture parses distributor + redistributor + gicc...OK
340/479 gic.test.gic: MADT v2 fixture parses GICC and picks the MMIO path...OK
341/479 gic.test.gic: unversioned MADT infers v3 from GICR presence...OK
342/479 gic.test.gic: unknown entry types are skipped; malformed lengths stop the walk...OK
343/479 gic.test.gic: absent/non-conformant MADT falls back to the VZ layout...OK
344/479 gic.test.gic: incomplete v2 MADT without a CPU interface falls back...OK
345/479 gic.test.gic: spurious sentinel is 1023 on both paths...OK
346/479 gic.test.gic: redistributor private-interrupt offsets include the SGI frame...OK
347/479 gic.test.gic: private interrupt trigger fields use ICFGR bit one...OK
348/479 gic.test.gic: SPI window register offsets match the distributor layout...OK
349/479 smp.test.smp: initial state and core tracking...OK
350/479 smp.test.smp: IPI counting...OK
351/479 wm_server.test.wm_server: register is one-seat and teardown falls back to the shim...OK
352/479 wm_server.test.wm_server: WMS5 raw-pointer and window-mirror fan-out is WM-only (kind 19/20 routing)...OK
353/479 wm_server.test.wm_server: remove_user_at fans a RELEASED mirror to the WM (M42 UX, flags bit 13)...OK
354/479 wm_server.test.wm_server: SET_STATE counter + keyboard fan-out (claim 4278, WMS5 Gate 2)...OK
355/479 wm_server.test.wm_server: OVERVIEW counter + opcode freeze (WM2, issue #707 card 2)...OK
356/479 wm_server.test.wm_server: COMPOSITE_TICK is delivered only to the registered WM with the present sequence...OK
357/479 wm_server.test.wm_server: the scanout grant is WM-seat-only; teardown clears the seat (claim 7397)...OK
358/479 wm_server.test.wm_server: REQUEST_PRESENT advances the present sequence and count...OK
359/479 elf.test.elf: minimal valid ELF32 parses with correct entry...OK
360/479 elf.test.elf: rejects bad magic, classes, endianness, and machine...OK
361/479 elf.test.elf: rejects truncated headers and tables...OK
362/479 elf.test.elf: rejects out-of-range and oversized segments...OK
363/479 elf.test.elf: enforces W^X segment flags and placement contract...OK
364/479 elf.test.elf: ELF64 parses and reports entry_rel correctly...OK
365/479 elf.test.elf: two-segment layout validates the data-base contract...OK
366/479 elf.test.elf: three-segment gap layout (Go linker shape) parses with declared vaddrs...OK
367/479 elf.test.elf: collect_symbols reads a hand-built symtab...OK
368/479 elf.test.elf: PT_INTERP and PT_DYNAMIC program headers are parsed...OK
369/479 elf.test.elf: auxv encoding and decoding...OK
370/479 elf.test.elf: dynamic tags parsing and relocation resolution...OK
371/479 symbol.test.symbol: add, count, get, and truncation...OK
372/479 symbol.test.symbol: lookup resolves the covering range and offset...OK
373/479 symbol.test.symbol: reset clears between programs...OK
374/479 symbol.test.symbol: full table refuses adds...OK
375/479 mailbox.test.mailbox: send/peek/drop round-trips a message FIFO...OK
376/479 mailbox.test.mailbox: ring wraps and a full ring refuses without losing bytes...OK
377/479 mailbox.test.mailbox: send/peek respect the 64-byte slot bound and truncate...OK
378/479 mailbox.test.mailbox: reset clears a ring and its counters (recycled process ids)...OK
379/479 mailbox.test.mailbox: out-of-range pids are defensive no-ops...OK
380/479 app_timers.test.app_timers: set/cancel/fire countdown round-trips a TIMER event...OK
381/479 app_timers.test.app_timers: clamping — 0 clamps to 1 tick, over-long truncates at max...OK
382/479 app_timers.test.app_timers: cancel disarms; re-arm replaces a pending timer...OK
383/479 app_timers.test.app_timers: per-process isolation, out-of-range pids, and reset...OK
384/479 app_timers.test.app_timers: a fired event wakes a blocked sys_wait_event task through the hook...OK
385/479 exceptions.test.exceptions: ec_name decodes known and unknown classes...OK
386/479 exceptions.test.exceptions: mode_name decodes SPSR M field...OK
387/479 exceptions.test.exceptions: vector-frame helpers match the reverse stp layout...OK
388/479 exceptions.test.exceptions: only AArch64 SVC from EL0t reaches the SVC seam...OK
389/479 exceptions.test.exceptions: is_from_el0 matches SPSR M field 0x0 only...OK
390/479 exceptions.test.exceptions: an EL0 sync fault reaches the fault dispatcher and resumes its frame...OK
391/479 exceptions.test.exceptions: SVC dispatcher mutates x0 and resumes the same EL0 frame...OK
392/479 exceptions.test.exceptions: handled SVC may select another existing scheduler frame...OK
393/479 exceptions.test.exceptions: kind_name is stable...OK
394/479 exceptions.test.exceptions: resume decision is sync-and-armed only...OK
395/479 exceptions.test.exceptions: format_report is deterministic (resume path)...OK
396/479 exceptions.test.exceptions: format_report is deterministic (park path, irq)...OK
397/479 exceptions.test.exceptions: install and trigger never execute in a host test process...OK
398/479 exceptions.test.exceptions: report buffer is bounded (max-size fields never overflow)...OK
399/479 exceptions.test.exceptions: try_handle_page_fault demand zero-fill and COW splitting...OK
400/479 virtio_net.test.virtio_net: feature selection negotiates VER1 + MAC only...OK
401/479 virtio_net.test.virtio_net: MAC read — feature path vs fixed fallback...OK
402/479 virtio_net.test.virtio_net: known-frame build is byte-exact against the fixture...OK
403/479 virtio_net.test.virtio_net: staging bounds — payload truncation is honest...OK
404/479 virtio_net.test.virtio_net: used-ring drain accounting is exact...OK
405/479 virtio_net.test.virtio_net: full TX submit + drain over a mock transport...OK
406/479 virtio_net.test.virtio_net: MAC filter — own MAC + broadcast accepted, other dropped...OK
407/479 virtio_net.test.virtio_net: bounded frame FIFO — push, pop, occupancy, drop-oldest...OK
408/479 virtio_net.test.virtio_net: RX supply + used-ring drain + filter + FIFO over a mock...OK
409/479 virtio_net.test.virtio_net: RX MAC filter drops a foreign frame (counter, not FIFO)...OK
410/479 virtio_net.test.virtio_net: RX ARP request is answered — byte-exact reply on TX over a mock...OK
411/479 virtio_net.test.virtio_net: RX ARP reply is learned into the bounded table...OK
412/479 arp.test.arp: dotted-quad parse — valid, malformed, out-of-range...OK
413/479 arp.test.arp: build_request is byte-exact against the fixture...OK
414/479 arp.test.arp: build_reply is byte-exact against the fixture...OK
415/479 arp.test.arp: classify — request-for-us, not-for-us, reply, non-ARP, malformed...OK
416/479 arp.test.arp: bounded table — lookup, upsert in place, first-free, drop-oldest...OK
417/479 arp.test.arp: handle_rx — answer for us, learn a reply, drop the rest...OK
418/479 secret.test.secret: defaults and the two principals...OK
419/479 secret.test.secret: set/parse bounds — 32/64 field caps and 8-entry store cap...OK
420/479 secret.test.secret: round-trip parse/serialize preserves values per uid...OK
421/479 secret.test.secret: sys_secret_get wire records are fixed-size and value-carrying...OK
422/479 secret.test.secret: malformed lines are skipped; unknown schema refuses the file...OK
423/479 secret.test.secret: the 8-entry cap counts the table, not one principal...OK
424/479 shared_region.test.shared_region: capacity bound...OK
425/479 shared_region.test.shared_region: owner always granted; a peer is WM-only...OK
426/479 shared_region.test.shared_region: no WM registered means no peer reads at all...OK
427/479 shared_region.test.shared_region: grant_read / drop_read maintain the read refcount...OK
428/479 shared_region.test.shared_region: teardown revokes every peer and frees the descriptor...OK
429/479 shared_region.test.shared_region: stale handle after teardown cannot re-grant old peers...OK
430/479 shared_region.test.shared_region: a reused slot starts clean — no stale SB2 wiring survives...OK
431/479 udp.test.udp: RFC 1071 pseudo-header checksum — known vector + fold...OK
432/479 udp.test.udp: build_datagram is byte-exact against the fixture...OK
433/479 udp.test.udp: build_frame is byte-exact against the fixture...OK
434/479 udp.test.udp: listen table — add, duplicate, full, close...OK
435/479 udp.test.udp: peek — copies without consuming, is_listening distinguishes...OK
436/479 udp.test.udp: handle_rx — deliver to a listener, drop badsum / closed / short...OK
437/479 udp.test.udp: bounded per-listener buffer — drop-oldest at 4...OK
438/479 udp.test.udp: loopback — send to our own IP delivers locally, no TX...OK
439/479 ipv4.test.ipv4: RFC 1071 checksum — known vector + odd length...OK
440/479 ipv4.test.ipv4: build_echo_request is byte-exact against the fixture...OK
441/479 ipv4.test.ipv4: build_echo_reply — swapped, echoed, byte-exact, checksums valid...OK
442/479 ipv4.test.ipv4: classify — fragments, bad checksums, foreign protocols, foreign dst...OK
443/479 ipv4.test.ipv4: handle_rx — answer an echo for us, observe a reply, drop the rest...OK
444/479 ipv4.test.ipv4: protocol dispatch — UDP (17) is handed to udp, TCP (6) to the tcp client...OK
445/479 pipe.test.pipe: write/read round-trips through the buffer...OK
446/479 pipe.test.pipe: overflow is dropped, never wraps...OK
447/479 pipe.test.pipe: sink console captures writes, source console feeds reads...OK
448/479 tombstone.test.tombstone: record and retrieve...OK
449/479 tombstone.test.tombstone: drop-oldest overflow...OK
450/479 tombstone.test.tombstone: format includes header...OK
451/479 tombstone.test.tombstone: crash inside a known symbol carries the note...OK
452/479 road_pops.test.road_pops: write tees to serial first, then the framebuffer...OK
453/479 road_pops.test.road_pops: drain presents once per dirty batch...OK
454/479 road_pops.test.road_pops: the first present emits the boot-banner evidence once...OK
455/479 road_pops.test.road_pops: no target degrades to serial-only (default VM)...OK
456/479 road_pops.test.road_pops: flush flushes the base and drains...OK
457/479 road_pops.test.road_pops: readByte delegates to the base (input stays on serial)...OK
458/479 road_pops.test.road_pops: a keyboard read source is consulted before serial (card I3)...OK
459/479 road_pops.test.road_pops: clear_framebuffer forwards to the target only...OK
460/479 road_pops.test.road_pops: report reflects armed/dirty/presents...OK
461/479 input.test.input: hid_to_ascii maps the usable subset (unshifted + shifted)...OK
462/479 input.test.input: usages outside the usable subset are refused (no invented bytes)...OK
463/479 input.test.input: hid_to_bytes maps the nav cluster to ESC sequences...OK
464/479 input.test.input: hid_to_bytes maps ctrl+a-z to ASCII control codes...OK
465/479 input.test.input: WMS8 Gate 5 — the drained geometry chords fan out but the kernel no longer consumes them (claim 9879)...OK
466/479 input.test.input: keyboard report decode pushes a ctrl chord and an arrow sequence...OK
467/479 input.test.input: keyboard report decode pushes key-down bytes with shift...OK
468/479 input.test.input: a held key does not re-fire (no repeat on unchanged report)...OK
469/479 input.test.input: FIFO is bounded and drops on overflow, never wrapping...OK
470/479 input.test.input: pointer report is recorded best-effort (buttons + LE X/Y)...OK
471/479 input.test.input: drain is a no-op when unarmed...OK
472/479 input.test.input: hid_modifiers_to_flags maps modifiers to ADR 0009 bitmasks...OK
473/479 input.test.input: keyboard routing delivers KEY_DOWN and KEY_UP events to focused user window...OK
474/479 input.test.input: a window-bound terminal receives encoded keys, not app events (#1082 A5)...OK
475/479 dns.test.dns: query encoding for standard hostname...OK
476/479 dns.test.dns: response parsing with direct question and answer...OK
477/479 dns.test.dns: response error conditions...OK
478/479 net_log.test.net_log: append and retrieve...OK
479/479 net_log.test.net_log: ring buffer wrap around...OK
All 479 tests passed.
=== transcript gate 2: emitted transcript vs canonical fixture ===
verify-transcript: PASS — mock transcript is byte-identical to the canonical fixture
zig build
elf2bin: ./.zig-cache/o/7dd258baa0ef84b8f95bf2d57c9037c0/user-smp1 -> /Users/tbuddy/t3/zig/virelaios-buffy-execrace/.zig-cache/o/147a78c337c5743ba7e1ea9973518779/SMP1.BIN: entry_offset=0x18 image_size=159 (content 135 bytes from 1 PT_LOAD segment(s))
elf2bin: ./.zig-cache/o/1fdf368ca645c6d4df115053cdc2b209/user-winmove -> /Users/tbuddy/t3/zig/virelaios-buffy-execrace/.zig-cache/o/5caea6acdfaaf5d89f5d2657e091ac77/WINMOVE.BIN: entry_offset=0x18 image_size=1340 (content 1316 bytes from 1 PT_LOAD segment(s))
elf2bin: ./.zig-cache/o/f71e5e8e241da3621bbd84babd8a9d68/user-sb3-wm -> /Users/tbuddy/t3/zig/virelaios-buffy-execrace/.zig-cache/o/de8711e5536140a7f24a2405f67d1b7e/SB3WM.BIN: entry_offset=0x18 image_size=1960 (content 1936 bytes from 2 PT_LOAD segment(s))
elf2bin: ./.zig-cache/o/eaf53708678e23a770897048d096f525/user-tabhold -> /Users/tbuddy/t3/zig/virelaios-buffy-execrace/.zig-cache/o/9fa05bd163101320980a0f77b9d57141/TABHOLD.BIN: entry_offset=0x18 image_size=2440 (content 2416 bytes from 2 PT_LOAD segment(s))
elf2bin: ./.zig-cache/o/60a5c26465345f563a91560d0dddde0b/user-sb5wm -> /Users/tbuddy/t3/zig/virelaios-buffy-execrace/.zig-cache/o/63f3287724d7956dae6da3624b903989/SB5WM.BIN: entry_offset=0x18 image_size=2256 (content 2232 bytes from 2 PT_LOAD segment(s))
elf2bin: ./.zig-cache/o/e423695ff1b0008728eb8ee16ea83e8a/user-smpst-file -> /Users/tbuddy/t3/zig/virelaios-buffy-execrace/.zig-cache/o/d19511987101d9a5b048adeb9ca41587/SMPFILE.BIN: entry_offset=0x30 image_size=4144 text=4096 data=0 (bss tail 4) from 3 PT_LOAD segment(s)
elf2bin: ./.zig-cache/o/db24e6a19a3a4aa77497ef56e7c856f3/user-desktop -> /Users/tbuddy/t3/zig/virelaios-buffy-execrace/.zig-cache/o/c9e40df52505f15346bbb36113a5f122/DESKTOP.BIN: entry_offset=0x30 image_size=20528 text=20480 data=0 (bss tail 81584) from 3 PT_LOAD segment(s)
elf2bin: ./.zig-cache/o/8b52f1b99c83448bc50662d09a0665ef/user-settings -> /Users/tbuddy/t3/zig/virelaios-buffy-execrace/.zig-cache/o/b4e19406c89559851d79fb87a92d399c/SETTINGS.BIN: entry_offset=0x30 image_size=20576 text=20480 data=48 (bss tail 81584) from 3 PT_LOAD segment(s)
elf2bin: ./.zig-cache/o/d9f757665336ec63b7d8507c032283d1/user-chat -> /Users/tbuddy/t3/zig/virelaios-buffy-execrace/.zig-cache/o/5817e7390d3c02ff28b5fa47fc12c58b/CHAT.BIN: entry_offset=0x30 image_size=12336 text=12288 data=0 (bss tail 81584) from 3 PT_LOAD segment(s)
elf2bin: ./.zig-cache/o/970dcb2c688265c8688771c4edfc61e2/user-ps -> /Users/tbuddy/t3/zig/virelaios-buffy-execrace/.zig-cache/o/b14ba09f007bbe80c2ce130eb00ab98f/PS.BIN: entry_offset=0x30 image_size=12336 text=12288 data=0 (bss tail 82800) from 3 PT_LOAD segment(s)
elf2bin: ./.zig-cache/o/7407a275b10d0e7fe1bd78e40fa3c292/user-edit -> /Users/tbuddy/t3/zig/virelaios-buffy-execrace/.zig-cache/o/b20568ae290862d6ee3c85f067b1ae37/EDIT.BIN: entry_offset=0x30 image_size=246160 text=49152 data=196960 (bss tail 115880) from 3 PT_LOAD segment(s)
elf2bin: ./.zig-cache/o/35d366d2855a625fb4894994b1bba513/user-schedring -> /Users/tbuddy/t3/zig/virelaios-buffy-execrace/.zig-cache/o/cc55c8a46af090a2cc048f21f2a3252e/SCHEDRING.BIN: entry_offset=0x18 image_size=213 (content 189 bytes from 1 PT_LOAD segment(s))
elf2bin: ./.zig-cache/o/f0c511266c018d2a28eedad24d17d31c/user-smpst-ev -> /Users/tbuddy/t3/zig/virelaios-buffy-execrace/.zig-cache/o/90f7277e5f340e6cd620a07d519aeeee/SMPEV.BIN: entry_offset=0x30 image_size=4144 text=4096 data=0 (bss tail 4) from 3 PT_LOAD segment(s)
elf2bin: ./.zig-cache/o/142cdf842bd4ace60429c6e2ca620838/user-spin -> /Users/tbuddy/t3/zig/virelaios-buffy-execrace/.zig-cache/o/f499cf990d6b981791e442ce9b101059/SPIN.BIN: entry_offset=0x18 image_size=132 (content 108 bytes from 1 PT_LOAD segment(s))
elf2bin: ./.zig-cache/o/6a333c8b514b4476dfc94124b887f1e7/user-devcons -> /Users/tbuddy/t3/zig/virelaios-buffy-execrace/.zig-cache/o/32b8ee19cda320f8598e4bdbc46a160c/DEVCONS.BIN: entry_offset=0x30 image_size=16492 text=16384 data=60 (bss tail 118508) from 3 PT_LOAD segment(s)
elf2bin: ./.zig-cache/o/b1c580b24663fe92028446103b7a7f46/user-zc -> /Users/tbuddy/t3/zig/virelaios-buffy-execrace/.zig-cache/o/0320ebc89cf6a677d1905edfc30dcc7b/ZC.BIN: entry_offset=0x30 image_size=32816 text=32768 data=0 (bss tail 216184) from 3 PT_LOAD segment(s)
elf2bin: ./.zig-cache/o/00740675325f96ac5c34a2fff8f421e1/user-wasm -> /Users/tbuddy/t3/zig/virelaios-buffy-execrace/.zig-cache/o/dac4e2522033af77b821c8a3fc5195b4/WASM.BIN: entry_offset=0x30 image_size=63456 text=32768 data=30640 (bss tail 152728) from 3 PT_LOAD segment(s)
elf2bin: ./.zig-cache/o/4b78d9a629801b60408b8f1813372689/user-ssh -> /Users/tbuddy/t3/zig/virelaios-buffy-execrace/.zig-cache/o/d18885178a1a084340811f243647e06e/SSH.BIN: entry_offset=0x30 image_size=61488 text=61440 data=0 (bss tail 116160) from 3 PT_LOAD segment(s)
elf2bin: ./.zig-cache/o/60efdcd49a8f283159edc2487a68190e/user-tabwm -> /Users/tbuddy/t3/zig/virelaios-buffy-execrace/.zig-cache/o/ae376730e14560f1049db6378936c065/TABWM.BIN: entry_offset=0x30 image_size=45152 text=45056 data=48 (bss tail 96792) from 3 PT_LOAD segment(s)
elf2bin: ./.zig-cache/o/f837b6ae33795c5795590fff9835c423/user-calc -> /Users/tbuddy/t3/zig/virelaios-buffy-execrace/.zig-cache/o/72253861aca001c0c132a6f26f110652/CALC.BIN: entry_offset=0x30 image_size=82016 text=81920 data=48 (bss tail 81592) from 3 PT_LOAD segment(s)
elf2bin: ./.zig-cache/o/8277cc82d352930a2665558606bcbdf1/user-sh -> /Users/tbuddy/t3/zig/virelaios-buffy-execrace/.zig-cache/o/460a01804cbb4c062fb9c4d48dc17312/SH.BIN: entry_offset=0x30 image_size=98360 text=98304 data=8 (bss tail 85824) from 3 PT_LOAD segment(s)
elf2bin: ./.zig-cache/o/a538b8ebaaf98dfe9c3e2bec875045cc/user-globals -> /Users/tbuddy/t3/zig/virelaios-buffy-execrace/.zig-cache/o/ff7876e0a1ab3a98e5cb3885a1a19677/GLOBALS.BIN: entry_offset=0x30 image_size=28728 text=28672 data=8 (bss tail 4104) from 3 PT_LOAD segment(s)
elf2bin: ./.zig-cache/o/218d95e46a571b1542fe5f25089a3113/user-peer -> /Users/tbuddy/t3/zig/virelaios-buffy-execrace/.zig-cache/o/bee3d2b71ba96c74edfa23878b8affae/PEER.BIN: entry_offset=0x18 image_size=623 (content 599 bytes from 1 PT_LOAD segment(s))
elf2bin: ./.zig-cache/o/d9dad8c01367752044db9963239efc6f/user-harden -> /Users/tbuddy/t3/zig/virelaios-buffy-execrace/.zig-cache/o/139a19022bbfb5e62629d141af6097fe/HARDEN.BIN: entry_offset=0x18 image_size=714 (content 690 bytes from 2 PT_LOAD segment(s))
elf2bin: ./.zig-cache/o/9bb14ccbef364246719f3d22456d4d81/user-chime -> /Users/tbuddy/t3/zig/virelaios-buffy-execrace/.zig-cache/o/c09fe2bdb2d64c9f7e3b71864a2b3d3b/CHIME.BIN: entry_offset=0x18 image_size=8688 (content 8664 bytes from 2 PT_LOAD segment(s))
elf2bin: ./.zig-cache/o/2c549f7c59f0399873c69504e18f6154/user-smpst-win -> /Users/tbuddy/t3/zig/virelaios-buffy-execrace/.zig-cache/o/412e68f9c576aba9107d74c0aa6f36c0/SMPWIN.BIN: entry_offset=0x30 image_size=4144 text=4096 data=0 (bss tail 4) from 3 PT_LOAD segment(s)
elf2bin: ./.zig-cache/o/6a53b0a2f3ccad22fcfc9238f09885ff/user-fetch -> /Users/tbuddy/t3/zig/virelaios-buffy-execrace/.zig-cache/o/1c2e4a8a08e1c3d33e9bc878c75f0e1f/FETCH.BIN: entry_offset=0x18 image_size=2979 (content 2955 bytes from 2 PT_LOAD segment(s))
elf2bin: ./.zig-cache/o/aebec3a130b6dcbed61a8252be096c2a/user-netprof -> /Users/tbuddy/t3/zig/virelaios-buffy-execrace/.zig-cache/o/b72bdacf39d6e4ff7a0f948c3eba2292/NETPROF.BIN: entry_offset=0x18 image_size=4345 (content 4321 bytes from 2 PT_LOAD segment(s))
elf2bin: ./.zig-cache/o/d47c38d4fbc570280916aa67e23a2e00/user-tool -> /Users/tbuddy/t3/zig/virelaios-buffy-execrace/.zig-cache/o/4208c28b5a6f28854c66f1aeb3727281/TOOL.BIN: entry_offset=0x30 image_size=12336 text=12288 data=0 (bss tail 45608) from 3 PT_LOAD segment(s)
elf2bin: ./.zig-cache/o/7e4e69d7869a47eb537e24c529a86fbf/user-sexitest -> /Users/tbuddy/t3/zig/virelaios-buffy-execrace/.zig-cache/o/34d88f145ac40598ff884807349ef569/SEXITEST.BIN: entry_offset=0x18 image_size=3088 (content 3064 bytes from 2 PT_LOAD segment(s))
elf2bin: ./.zig-cache/o/beac31668635c48787fd766d52a262ec/user-win -> /Users/tbuddy/t3/zig/virelaios-buffy-execrace/.zig-cache/o/a03aba52d84698b65fed5727cc120377/WIN.BIN: entry_offset=0x18 image_size=364 (content 340 bytes from 1 PT_LOAD segment(s))
elf2bin: ./.zig-cache/o/81306e6d2af1a169e5ed328b1da63070/user-timertest -> /Users/tbuddy/t3/zig/virelaios-buffy-execrace/.zig-cache/o/056ab7d1fecdea299e046dda34dbe99e/TIMER.BIN: entry_offset=0x18 image_size=1129 (content 1105 bytes from 2 PT_LOAD segment(s))
elf2bin: ./.zig-cache/o/1ba8f089023bbaa0af97345ce2b54f8a/user-notepad -> /Users/tbuddy/t3/zig/virelaios-buffy-execrace/.zig-cache/o/24c64166f4c0c6f0ea2ca0a5d1504a48/NOTEPAD.BIN: entry_offset=0x30 image_size=28768 text=28672 data=48 (bss tail 81584) from 3 PT_LOAD segment(s)
elf2bin: ./.zig-cache/o/ffb0eae533d2f7242332b876eaae65f8/user-download -> /Users/tbuddy/t3/zig/virelaios-buffy-execrace/.zig-cache/o/ff03e65eae8b9437de741f97421f5d8e/DOWNLOAD.BIN: entry_offset=0x18 image_size=3255 (content 3231 bytes from 2 PT_LOAD segment(s))
elf2bin: ./.zig-cache/o/7c6c3a3b8c09214297f9dcf04d872451/user-dns -> /Users/tbuddy/t3/zig/virelaios-buffy-execrace/.zig-cache/o/236ed2075d3a968a1c6d5cde37fae382/DNS.BIN: entry_offset=0x18 image_size=4711 (content 4687 bytes from 2 PT_LOAD segment(s))
elf2bin: ./.zig-cache/o/c5928a023b4d409ef1b419bdce9d8b06/user-udp -> /Users/tbuddy/t3/zig/virelaios-buffy-execrace/.zig-cache/o/63230dbbf6dad0101b5b4ced9c1dcb7d/UDP.BIN: entry_offset=0x18 image_size=605 (content 581 bytes from 1 PT_LOAD segment(s))
elf2bin: ./.zig-cache/o/d77319957e7f69b54857096729fe7b83/user-sb5own -> /Users/tbuddy/t3/zig/virelaios-buffy-execrace/.zig-cache/o/b49f9a7d296e2c8427f908522ae9c1b7/SB5OWN.BIN: entry_offset=0x18 image_size=1141 (content 1117 bytes from 2 PT_LOAD segment(s))
elf2bin: ./.zig-cache/o/8cb85256f18e7089bc358fc16aae67cb/user-traceroute -> /Users/tbuddy/t3/zig/virelaios-buffy-execrace/.zig-cache/o/1654ea3f1c8d540544f7c414ba3fcb61/TRACEROUTE.BIN: entry_offset=0x18 image_size=2464 (content 2440 bytes from 2 PT_LOAD segment(s))
elf2bin: ./.zig-cache/o/0b8608adb7b296373fde1c6148fdbab5/user-guard -> /Users/tbuddy/t3/zig/virelaios-buffy-execrace/.zig-cache/o/7607b43e7fc8f54c2de8b36961807414/GUARD.BIN: entry_offset=0x18 image_size=88 (content 64 bytes from 1 PT_LOAD segment(s))
elf2bin: ./.zig-cache/o/6e3add1c203ea8d08ddc8d54500f2940/user-wndstub -> /Users/tbuddy/t3/zig/virelaios-buffy-execrace/.zig-cache/o/c8c9c0ba1ce03a39e20dd51ab5c58470/WNDSTUB.BIN: entry_offset=0x18 image_size=230 (content 206 bytes from 1 PT_LOAD segment(s))
elf2bin: ./.zig-cache/o/41fe5b9ae9b564d166b4c344f3ad13b8/user-sb4dam -> /Users/tbuddy/t3/zig/virelaios-buffy-execrace/.zig-cache/o/063d05207f92d7b0f8f658dd3708312d/SB4DAM.BIN: entry_offset=0x18 image_size=434 (content 410 bytes from 2 PT_LOAD segment(s))
elf2bin: ./.zig-cache/o/f327238fe5bebcb8b179a2eaf98fa2e1/user-sb6wm -> /Users/tbuddy/t3/zig/virelaios-buffy-execrace/.zig-cache/o/76a9d2f77e65ff133167e6d493dbfc13/SB6WM.BIN: entry_offset=0x18 image_size=2600 (content 2576 bytes from 2 PT_LOAD segment(s))
elf2bin: ./.zig-cache/o/684022a7ac6414b515c39414faad9bce/user-vmtest -> /Users/tbuddy/t3/zig/virelaios-buffy-execrace/.zig-cache/o/7a5223cbeb80b48f5cf4ba04e204b212/VMTEST.BIN: entry_offset=0x18 image_size=968 (content 944 bytes from 2 PT_LOAD segment(s))
elf2bin: ./.zig-cache/o/302daea751cb17086c06b5b195773671/user-wmrpc -> /Users/tbuddy/t3/zig/virelaios-buffy-execrace/.zig-cache/o/3b743683546cda3e9a5bea2195afe88b/WMRPC.BIN: entry_offset=0x18 image_size=4366 (content 4342 bytes from 2 PT_LOAD segment(s))
elf2bin: ./.zig-cache/o/476eef505b184a786b464d4d6e7eea57/user-wnd -> /Users/tbuddy/t3/zig/virelaios-buffy-execrace/.zig-cache/o/11fe18eb7980feadffb397e711328aa8/WND.BIN: entry_offset=0x30 image_size=54504 text=53248 data=1208 (bss tail 193864) from 3 PT_LOAD segment(s)
elf2bin: ./.zig-cache/o/13c3451319657eaf04c432f1c3606e28/user-jingle -> /Users/tbuddy/t3/zig/virelaios-buffy-execrace/.zig-cache/o/42a4038bf4050ad356e8dcbe92c7ef03/JINGLE.BIN: entry_offset=0x18 image_size=8624 (content 8600 bytes from 2 PT_LOAD segment(s))
elf2bin: ./.zig-cache/o/a038fa3b816fc1be9cb7138666ae2300/user-sb2-wm -> /Users/tbuddy/t3/zig/virelaios-buffy-execrace/.zig-cache/o/e16e018346cb27c0ac77b39a65741043/SB2WM.BIN: entry_offset=0x18 image_size=1824 (content 1800 bytes from 2 PT_LOAD segment(s))
elf2bin: ./.zig-cache/o/f993f678f5a4e0fb89954db881b8857d/user-blkd -> /Users/tbuddy/t3/zig/virelaios-buffy-execrace/.zig-cache/o/bfb8c5dce365052dc2238e9f918bc888/BLKD.BIN: entry_offset=0x18 image_size=247 (content 223 bytes from 1 PT_LOAD segment(s))
elf2bin: ./.zig-cache/o/e7070e9b6cc07776eada1929c136490a/user-counter -> /Users/tbuddy/t3/zig/virelaios-buffy-execrace/.zig-cache/o/0358297bb8ad03a1cd7bc276a2fd9f15/COUNTER.BIN: entry_offset=0x18 image_size=940 (content 916 bytes from 1 PT_LOAD segment(s))
elf2bin: ./.zig-cache/o/d3b40ec5b9e759b361cf58d57aab9f9e/user-m21demo -> /Users/tbuddy/t3/zig/virelaios-buffy-execrace/.zig-cache/o/92a5c6422d4d609674957530b021169d/M21DEMO.BIN: entry_offset=0x18 image_size=593 (content 569 bytes from 1 PT_LOAD segment(s))
elf2bin: ./.zig-cache/o/54d69cbef4de446ed780938a2d24f613/user-dir -> /Users/tbuddy/t3/zig/virelaios-buffy-execrace/.zig-cache/o/7623788e2002fe65e3cc0baa8a6ca2dc/DIR.BIN: entry_offset=0x18 image_size=248 (content 224 bytes from 1 PT_LOAD segment(s))
elf2bin: ./.zig-cache/o/84e90cf1bbc919606e5e1665f4a0ec8d/user-status43 -> /Users/tbuddy/t3/zig/virelaios-buffy-execrace/.zig-cache/o/bfbbec4c088a129309c0556b8fee0524/STATUS43.BIN: entry_offset=0x18 image_size=134 (content 110 bytes from 1 PT_LOAD segment(s))
elf2bin: ./.zig-cache/o/4923e47a041009e462b1738763724b89/user-winloop -> /Users/tbuddy/t3/zig/virelaios-buffy-execrace/.zig-cache/o/6366eb069ba9e4998e5653e42984a7dd/WINLOOP.BIN: entry_offset=0x18 image_size=417 (content 393 bytes from 1 PT_LOAD segment(s))
elf2bin: ./.zig-cache/o/91f9b986efca104ecececa00aa9130ee/user-term -> /Users/tbuddy/t3/zig/virelaios-buffy-execrace/.zig-cache/o/faa0f076070d4839cafdc6706a8eddd6/TERM.BIN: entry_offset=0x30 image_size=94264 text=94208 data=8 (bss tail 78712) from 3 PT_LOAD segment(s)
elf2bin: ./.zig-cache/o/725c67be20c5dcac872c9fdae6ce35c3/user-disas -> /Users/tbuddy/t3/zig/virelaios-buffy-execrace/.zig-cache/o/e6f41001f20b2e9765327224f4e98ad2/DISAS.BIN: entry_offset=0x18 image_size=6496 (content 6472 bytes from 2 PT_LOAD segment(s))
elf2bin: ./.zig-cache/o/d1fc9be7fe088384e3e8a00601ac69d0/user-ttyecho -> /Users/tbuddy/t3/zig/virelaios-buffy-execrace/.zig-cache/o/8be45dd966f124c05971243e56ab742a/TTYECHO.BIN: entry_offset=0x18 image_size=1280 (content 1256 bytes from 2 PT_LOAD segment(s))
elf2bin: ./.zig-cache/o/bf54116ecf235bb203e87fbd423aabd7/user-savetext -> /Users/tbuddy/t3/zig/virelaios-buffy-execrace/.zig-cache/o/21135453a44132e785d1d281c52839b8/SAVETEXT.BIN: entry_offset=0x18 image_size=225 (content 201 bytes from 1 PT_LOAD segment(s))
elf2bin: ./.zig-cache/o/c0d1e4c2a95f149fa76fb93d83c683f4/user-smpst-net -> /Users/tbuddy/t3/zig/virelaios-buffy-execrace/.zig-cache/o/208dbc56cba1b109165fe9fd3d9eec1f/SMPNET.BIN: entry_offset=0x30 image_size=4144 text=4096 data=0 (bss tail 4) from 3 PT_LOAD segment(s)
elf2bin: ./.zig-cache/o/d8fe8131e929b39d3e41081ad23f2979/user-resmon -> /Users/tbuddy/t3/zig/virelaios-buffy-execrace/.zig-cache/o/dee4ee9b20ed2785621aa86690b4994b/RESMON.BIN: entry_offset=0x30 image_size=12336 text=12288 data=0 (bss tail 82800) from 3 PT_LOAD segment(s)
elf2bin: ./.zig-cache/o/87b20217998ecc162cce0b5406005fdb/user-ttyed -> /Users/tbuddy/t3/zig/virelaios-buffy-execrace/.zig-cache/o/b9262b1eea07326ebd773a54c771f32f/TTYED.BIN: entry_offset=0x18 image_size=8477 (content 8453 bytes from 2 PT_LOAD segment(s))
elf2bin: ./.zig-cache/o/2f20923a7259ea6c3aa219af45156ebe/user-keytest -> /Users/tbuddy/t3/zig/virelaios-buffy-execrace/.zig-cache/o/fefc3a5d10ade1b59b0795838b081fa6/KEYTEST.BIN: entry_offset=0x18 image_size=645 (content 621 bytes from 1 PT_LOAD segment(s))
elf2bin: ./.zig-cache/o/8411acb0402a8c7a0e409246cc076ef6/user-sb3-own -> /Users/tbuddy/t3/zig/virelaios-buffy-execrace/.zig-cache/o/df8ab4b5cf607bad8f95f09712b931b7/SB3OWN.BIN: entry_offset=0x18 image_size=1127 (content 1103 bytes from 2 PT_LOAD segment(s))
elf2bin: ./.zig-cache/o/b136dec05badf1289085ba564beb06d9/user-sb2-own -> /Users/tbuddy/t3/zig/virelaios-buffy-execrace/.zig-cache/o/f213332b31003054aa5a1490b9d5f0ed/SB2OWN.BIN: entry_offset=0x18 image_size=979 (content 955 bytes from 2 PT_LOAD segment(s))
elf2bin: ./.zig-cache/o/ad708161848c317f2260b68d2734d63d/user-sexiburg -> /Users/tbuddy/t3/zig/virelaios-buffy-execrace/.zig-cache/o/678736d643995bbd3b62bc3543730318/SEXIBURG.BIN: entry_offset=0x30 image_size=45104 text=45056 data=0 (bss tail 109392) from 3 PT_LOAD segment(s)
elf2bin: ./.zig-cache/o/126a6727f799c9818eddcf1a4f6c06b2/user-sb6new -> /Users/tbuddy/t3/zig/virelaios-buffy-execrace/.zig-cache/o/79634920947550af8766b59307eeba43/SB6NEW.BIN: entry_offset=0x18 image_size=1273 (content 1249 bytes from 2 PT_LOAD segment(s))
elf2bin: ./.zig-cache/o/e0bc1f5936842aea6e12cc076fa481f5/user-winclose -> /Users/tbuddy/t3/zig/virelaios-buffy-execrace/.zig-cache/o/a59007ba074a4c50eaaa0cb8f3814c7c/WINCLOSE.BIN: entry_offset=0x18 image_size=261 (content 237 bytes from 1 PT_LOAD segment(s))
elf2bin: ./.zig-cache/o/bf2e13374e46f13dc9da225b908755ac/user-sshpacket -> /Users/tbuddy/t3/zig/virelaios-buffy-execrace/.zig-cache/o/91f21995ba7537bc9f8e1708f090dd5b/SSHPACKET.BIN: entry_offset=0x30 image_size=4144 text=4096 data=0 (bss tail 35000) from 3 PT_LOAD segment(s)
elf2bin: ./.zig-cache/o/91cb08a937dd9ab294df6370884fa1c1/user-hardening-victim -> /Users/tbuddy/t3/zig/virelaios-buffy-execrace/.zig-cache/o/afe1e9fb43112d8784c47a7f27923809/VICTIM.BIN: entry_offset=0x30 image_size=4144 text=4096 data=0 (bss tail 1112) from 3 PT_LOAD segment(s)
elf2bin: ./.zig-cache/o/0894b24bb0ded1a068915f7ede4d7942/user-netstat -> /Users/tbuddy/t3/zig/virelaios-buffy-execrace/.zig-cache/o/ad1236fdfc1b6476a50a079f2a6f5f63/NETSTAT.BIN: entry_offset=0x30 image_size=16432 text=16384 data=0 (bss tail 81824) from 3 PT_LOAD segment(s)
elf2bin: ./.zig-cache/o/9b74f10883afd7467fda1c6b144e2a06/user-sysmon -> /Users/tbuddy/t3/zig/virelaios-buffy-execrace/.zig-cache/o/f624cd0c348208d7825edc14d2e73b88/SYSMON.BIN: entry_offset=0x30 image_size=20576 text=20480 data=48 (bss tail 81584) from 3 PT_LOAD segment(s)
elf2bin: ./.zig-cache/o/f8a4bf640aabd1bf6920e657a4e12997/user-sb6old -> /Users/tbuddy/t3/zig/virelaios-buffy-execrace/.zig-cache/o/5c09e153a6f63f9ba37475fe477726c6/SB6OLD.BIN: entry_offset=0x18 image_size=476 (content 452 bytes from 2 PT_LOAD segment(s))
elf2bin: ./.zig-cache/o/d99192b0b6a2b8c493cec77bfb9ceee4/user-hello -> /Users/tbuddy/t3/zig/virelaios-buffy-execrace/.zig-cache/o/81823aecb9d7685a95effb146102d010/USER.BIN: entry_offset=0x18 image_size=397 (content 373 bytes from 1 PT_LOAD segment(s))
elf2bin: ./.zig-cache/o/dd9f1f3f6df1275ce9ef2cd659c9a653/user-type -> /Users/tbuddy/t3/zig/virelaios-buffy-execrace/.zig-cache/o/9758cf8c47389fd91ca43ad91f437ced/TYPE.BIN: entry_offset=0x18 image_size=232 (content 208 bytes from 1 PT_LOAD segment(s))
elf2bin: ./.zig-cache/o/20b85e0252941b101dab67693802213d/user-ping -> /Users/tbuddy/t3/zig/virelaios-buffy-execrace/.zig-cache/o/b080e7188e9b63e42190b00a99de5af1/PING.BIN: entry_offset=0x18 image_size=5670 (content 5646 bytes from 2 PT_LOAD segment(s))
elf2bin: ./.zig-cache/o/f4722b1aa5b4171fb136b12e881c8411/user-view -> /Users/tbuddy/t3/zig/virelaios-buffy-execrace/.zig-cache/o/90928aeeff4a5c9a1a662e7c72a4e98f/VIEW.BIN: entry_offset=0x30 image_size=28904 text=28672 data=184 (bss tail 89880) from 3 PT_LOAD segment(s)
elf2bin: ./.zig-cache/o/1ac4f1df3e9d2ba4dd00380a19c2c9a8/user-file-browser -> /Users/tbuddy/t3/zig/virelaios-buffy-execrace/.zig-cache/o/9de52f5b9cf6c99755a49659056fbc63/FILE.BIN: entry_offset=0x30 image_size=49248 text=49152 data=48 (bss tail 81584) from 3 PT_LOAD segment(s)
elf2bin: ./.zig-cache/o/1d4315e7f1061356d1ff884424845997/user-asm -> /Users/tbuddy/t3/zig/virelaios-buffy-execrace/.zig-cache/o/6d0210efdf446dfbc386c85738130eb2/ASM.BIN: entry_offset=0x18 image_size=12690 (content 12666 bytes from 2 PT_LOAD segment(s))
elf2bin: ./.zig-cache/o/3779bb17ccc2d91094a5a2fb4461eeb0/user-tcp -> /Users/tbuddy/t3/zig/virelaios-buffy-execrace/.zig-cache/o/bf636dd1f17db27c3b5a301551918c7b/TCP.BIN: entry_offset=0x18 image_size=267 (content 243 bytes from 1 PT_LOAD segment(s))
elf2bin: ./.zig-cache/o/2b53bccb4a234a62bf2b56e0697d3793/user-cryptod -> /Users/tbuddy/t3/zig/virelaios-buffy-execrace/.zig-cache/o/8f1df1623523e3eca2db9a3f58478abd/CRYPTOD.BIN: entry_offset=0x18 image_size=2464 (content 2440 bytes from 2 PT_LOAD segment(s))
elf2bin: ./.zig-cache/o/578dedec6b876ac1b259cb0bbc34557c/user-httpd -> /Users/tbuddy/t3/zig/virelaios-buffy-execrace/.zig-cache/o/83d31f364a0fb573ed6220c523b612a4/HTTPD.BIN: entry_offset=0x18 image_size=15305 (content 15281 bytes from 2 PT_LOAD segment(s))
elf2bin: ./.zig-cache/o/ef233646bac5d57abfe4e6ec209df2f2/user-top -> /Users/tbuddy/t3/zig/virelaios-buffy-execrace/.zig-cache/o/b229caef017e13000af53b464a41b131/TOP.BIN: entry_offset=0x30 image_size=28768 text=28672 data=48 (bss tail 81584) from 3 PT_LOAD segment(s)
elf2bin: ./.zig-cache/o/0a5d78a2018dbc7dbef810832c04b127/virelai-kernel -> /Users/tbuddy/t3/zig/virelaios-buffy-execrace/.zig-cache/o/7a6d29c330af09933a524591a3ce9650/KERNEL.BIN: entry_offset=0x28 image_size=12496664 (4 PT_LOAD segment(s), 117 absolute reloc(s))
zig build image
elf2bin: ./.zig-cache/o/0a5d78a2018dbc7dbef810832c04b127/virelai-kernel -> /Users/tbuddy/t3/zig/virelaios-buffy-execrace/.zig-cache/o/7a6d29c330af09933a524591a3ce9650/KERNEL.BIN: entry_offset=0x28 image_size=12496664 (4 PT_LOAD segment(s), 117 absolute reloc(s))
make-image: building FAT32+GPT boot image 'artifacts/disk.img' (0 MiB)...
mkfat32: wrote artifacts/disk.img.tmp (174592 EFI + 12496664 kernel bytes)
make-image: verifying image contents...
size: 35364864 bytes (69072 sectors)
LBA0: MBR present
GPT: valid signature, header crc32=0xde33e5c4
GPT: ESP partition at LBA 2048, 67024 sectors
FAT: boot sig ok, label='VIRELAIOS', 512-byte sectors, 1 sector/cluster, 32 reserved, 2 FATs x 516 sectors, root cluster 2
FAT: directory tree:
  EFI/
    BOOT/
      BOOTAA64.EFI  (174592 bytes)
  KERNEL.BIN  (12496664 bytes)
make-image: done.
zig build inspect
=== EFI binary: ./.zig-cache/o/8a56dc87a0aed31a031e3894ddf7d05f/bootaa64.efi ===
./.zig-cache/o/8a56dc87a0aed31a031e3894ddf7d05f/bootaa64.efi: PE32+ executable (EFI application) Aarch64, for MS Windows
-- llvm-objdump -f (file header) --

./.zig-cache/o/8a56dc87a0aed31a031e3894ddf7d05f/bootaa64.efi:	file format coff-arm64
architecture: aarch64
start address: 0x0000000000000000
-- llvm-objdump --private-headers (PE/COFF) --

./.zig-cache/o/8a56dc87a0aed31a031e3894ddf7d05f/bootaa64.efi:	file format coff-arm64
Characteristics 0x22
	executable
	large address aware

Time/Date               Sat Sep 12 13:20:30 2026
Magic                   020b	(PE32+)
MajorLinkerVersion      14
MinorLinkerVersion      0
SizeOfCode              0000000000022a00
SizeOfInitializedData   0000000000007c00
SizeOfUninitializedData 0000000000000000
AddressOfEntryPoint     000000000001b2bc
BaseOfCode              0000000000001000
ImageBase               0000000000000000
SectionAlignment        00001000
FileAlignment           00000200
MajorOSystemVersion     6
MinorOSystemVersion     0
MajorImageVersion       0
MinorImageVersion       0
MajorSubsystemVersion   6
MinorSubsystemVersion   0
Win32Version            00000000
SizeOfImage             0002d000
SizeOfHeaders           00000400
CheckSum                00000000
Subsystem               0000000a	(EFI application)
DllCharacteristics      00008160
					HIGH_ENTROPY_VA
					DYNAMIC_BASE
					NX_COMPAT
					TERMINAL_SERVER_AWARE
SizeOfStackReserve      0000000001000000
SizeOfStackCommit       0000000000001000
SizeOfHeapReserve       0000000000100000
SizeOfHeapCommit        0000000000001000
LoaderFlags             00000000
NumberOfRvaAndSizes     00000010

The Data Directory
Entry 0 0000000000000000 00000000 Export Directory [.edata (or where ever we found it)]
Entry 1 0000000000000000 00000000 Import Directory [parts of .idata]
Entry 2 0000000000000000 00000000 Resource Directory [.rsrc]
Entry 3 000000000002b000 00000958 Exception Directory [.pdata]
Entry 4 0000000000000000 00000000 Security Directory
Entry 5 000000000002c000 00000118 Base Relocation Directory [.reloc]
Entry 6 00000000000298d0 0000001c Debug Directory
Entry 7 0000000000000000 00000000 Description Directory
Entry 8 0000000000000000 00000000 Special Directory
Entry 9 0000000000000000 00000000 Thread Storage Directory [.tls]
Entry a 0000000000000000 00000000 Load Configuration Directory
Entry b 0000000000000000 00000000 Bound Import Directory
Entry c 0000000000000000 00000000 Import Address Table Directory
Entry d 0000000000000000 00000000 Delay Import Directory
Entry e 0000000000000000 00000000 CLR Runtime Header
Entry f 0000000000000000 00000000 Reserved

-- llvm-objdump -h (sections) --

./.zig-cache/o/8a56dc87a0aed31a031e3894ddf7d05f/bootaa64.efi:	file format coff-arm64

Sections:
Idx Name          Size     VMA              Type
  0 .text         00022820 0000000000001000 TEXT
  1 .data         00006fe0 0000000000024000 DATA
  2 .pdata        00000958 000000000002b000 DATA
  3 .reloc        00000118 000000000002c000 DATA
-- llvm-objdump -d (first 24 lines of disassembly) --

./.zig-cache/o/8a56dc87a0aed31a031e3894ddf7d05f/bootaa64.efi:	file format coff-arm64

Disassembly of section .text:

0000000000001000 <.text>:
    1000: f81e0ffc     	str	x28, [sp, #-0x20]!
    1004: a900fbfd     	stp	x29, x30, [sp, #0x8]
    1008: 910023fd     	add	x29, sp, #0x8
    100c: d10883ff     	sub	sp, sp, #0x220
    1010: d102c3a8     	sub	x8, x29, #0xb0
    1014: f9001be8     	str	x8, [sp, #0x30]
    1018: f9001ffe     	str	x30, [sp, #0x38]
    101c: aa0003e8     	mov	x8, x0
    1020: aa0803e0     	mov	x0, x8
    1024: f90023e0     	str	x0, [sp, #0x40]
    1028: aa0103e9     	mov	x9, x1
    102c: f90027e9     	str	x9, [sp, #0x48]
    1030: aa0203e9     	mov	x9, x2
    1034: f9002be9     	str	x9, [sp, #0x50]
    1038: d10343a0     	sub	x0, x29, #0xd0
    103c: 910163e9     	add	x9, sp, #0x58
    1040: f81383a9     	stur	x9, [x29, #-0xc8]
    1044: 52800409     	mov	w9, #0x20               // =32
  (tool not available: llvm-readobj)
-- symbols of interest --
./.zig-cache/o/8a56dc87a0aed31a031e3894ddf7d05f/bootaa64.efi: no symbols

=== Disk image: artifacts/disk.img ===
artifacts/disk.img: DOS/MBR boot sector; partition 1 : ID=0xee, start-CHS (0x0,0,0), end-CHS (0x3ff,255,63), startsector 1, 69071 sectors, extended partition table (last)
-- FAT/GPT listing (python) --
size: 35364864 bytes (69072 sectors)
LBA0: MBR present
GPT: valid signature, header crc32=0xde33e5c4
GPT: ESP partition at LBA 2048, 67024 sectors
FAT: boot sig ok, label='VIRELAIOS', 512-byte sectors, 1 sector/cluster, 32 reserved, 2 FATs x 516 sectors, root cluster 2
FAT: directory tree:
  EFI/
    BOOT/
      BOOTAA64.EFI  (174592 bytes)
  KERNEL.BIN  (12496664 bytes)
  (tool not available: mdir)
swift build --package-path host/vm-runner
Building for debugging...
[Planning deferred tasks]
[23 / 38]
[24 / 39] VFWire
[34 / 75]
[41 / 75]
[43 / 75]
[48 / 75]
[52 / 75]
[55 / 75]
[57 / 75]
[58 / 75]
[69 / 76] VMRunner-product
[86 / 121]
[95 / 121]
[97 / 121]
[102 / 121]
[108 / 121] VFWire
[110 / 121]
[111 / 121]
[114 / 121]
[116 / 121] VMRunner-product
[117 / 121] VMRunner-product
/Users/tbuddy/t3/zig/virelaios-buffy-execrace/host/vm-runner/Sources/VMRunner/main.swift:1987:79: [1;33mwarning: [1;39m'activateIgnoringOtherApps' was deprecated in macOS 14.0: ignoringOtherApps is deprecated in macOS 14 and will have no effect.[0;0m [#]8;;https://docs.swift.org/compiler/documentation/diagnostics/deprecated-declaration\DeprecatedDeclaration]8;;\]
[0;36m1985 |[0;0m         NSApp.activate(ignoringOtherApps: true)
[0;36m1986 |[0;0m         NSApp.activate()
[0;36m1987 |[0;0m         NSRunningApplication.current.activate(options: [.activateAllWindows, .activateIgnoringOtherApps])
     [0;36m|[0;0m                                                                               `- [1;33mwarning: [1;39m'activateIgnoringOtherApps' was deprecated in macOS 14.0: ignoringOtherApps is deprecated in macOS 14 and will have no effect.[0;0m [#]8;;https://docs.swift.org/compiler/documentation/diagnostics/deprecated-declaration\DeprecatedDeclaration]8;;\]
[0;36m1988 |[0;0m         // Re-assert after the run loop has a chance to complete the
[0;36m1989 |[0;0m         // activation (async on macOS), so the first synthesized event

/Users/tbuddy/t3/zig/virelaios-buffy-execrace/host/vm-runner/Sources/VMRunner/main.swift:1995:83: [1;33mwarning: [1;39m'activateIgnoringOtherApps' was deprecated in macOS 14.0: ignoringOtherApps is deprecated in macOS 14 and will have no effect.[0;0m [#]8;;https://docs.swift.org/compiler/documentation/diagnostics/deprecated-declaration\DeprecatedDeclaration]8;;\]
[0;36m1993 |[0;0m             NSApp.activate(ignoringOtherApps: true)
[0;36m1994 |[0;0m             NSApp.activate()
[0;36m1995 |[0;0m             NSRunningApplication.current.activate(options: [.activateAllWindows, .activateIgnoringOtherApps])
     [0;36m|[0;0m                                                                                   `- [1;33mwarning: [1;39m'activateIgnoringOtherApps' was deprecated in macOS 14.0: ignoringOtherApps is deprecated in macOS 14 and will have no effect.[0;0m [#]8;;https://docs.swift.org/compiler/documentation/diagnostics/deprecated-declaration\DeprecatedDeclaration]8;;\]
[0;36m1996 |[0;0m             pmo("diag key-after-activate=\(window.isKeyWindow) main=\(window.isMainWindow) active=\(NSApp.isActive) visible=\(window.isVisible) onscreen=\(window.isOnActiveSpace)")
[0;36m1997 |[0;0m         }

/Users/tbuddy/t3/zig/virelaios-buffy-execrace/host/vm-runner/Sources/VMRunner/main.swift:2555:6: [1;33mwarning: [1;39mconcurrently-executed global function 'requestTeeStop()' must be marked as '@Sendable'; this is an error in the Swift 6 language mode[0;0m
[0;36m2553 |[0;0m var teeStopRequested = false
[0;36m2554 |[0;0m 
[0;36m2555 |[0;0m func requestTeeStop() {
     [0;36m|[0;0m      `- [1;33mwarning: [1;39mconcurrently-executed global function 'requestTeeStop()' must be marked as '@Sendable'; this is an error in the Swift 6 language mode[0;0m
[0;36m2556 |[0;0m     teeStopLock.lock()
[0;36m2557 |[0;0m     teeStopRequested = true

/Users/tbuddy/t3/zig/virelaios-buffy-execrace/host/vm-runner/Sources/VMRunner/main.swift:2694:6: [1;33mwarning: [1;39mconcurrently-executed global function 'hexDecode' must be marked as '@Sendable'; this is an error in the Swift 6 language mode[0;0m
[0;36m2692 |[0;0m }
[0;36m2693 |[0;0m 
[0;36m2694 |[0;0m func hexDecode(_ s: String) -> [UInt8]? {
     [0;36m|[0;0m      `- [1;33mwarning: [1;39mconcurrently-executed global function 'hexDecode' must be marked as '@Sendable'; this is an error in the Swift 6 language mode[0;0m
[0;36m2695 |[0;0m     let chars = Array(s.utf8)
[0;36m2696 |[0;0m     guard chars.count % 2 == 0 else { return nil }

/Users/tbuddy/t3/zig/virelaios-buffy-execrace/host/vm-runner/Sources/VMRunner/main.swift:2683:6: [1;33mwarning: [1;39mconcurrently-executed global function 'hexString' must be marked as '@Sendable'; this is an error in the Swift 6 language mode[0;0m
[0;36m2681 |[0;0m // answer. Lower-case hex of a byte array; the inverse decode; and the
[0;36m2682 |[0;0m // `VIRELAIOS-AUTH/1 <scheme> <hex-challenge>` line parser/answer.
[0;36m2683 |[0;0m func hexString(_ bytes: [UInt8]) -> String {
     [0;36m|[0;0m      `- [1;33mwarning: [1;39mconcurrently-executed global function 'hexString' must be marked as '@Sendable'; this is an error in the Swift 6 language mode[0;0m
[0;36m2684 |[0;0m     let digits = Array("0123456789abcdef")
[0;36m2685 |[0;0m     var out = ""

[#DeprecatedDeclaration]: <https://docs.swift.org/compiler/documentation/diagnostics/deprecated-declaration>
[119 / 121] VMRunner-product
Build complete! (8.91 sec)
zig build context
context written to artifacts/context.md
bash tools/status/verify-issue-coordination.sh
error: open claims #1194 ('agent/go-port/goos-virelai-0b-r1') and #1193 ('agent/buffy-execrace/fleet-exec-race') both declare 'docs/gate-fleet-inventory.md' / 'docs/gate-fleet-inventory.md' — one editor per file: coordinate, or close/stall one claim
error: open claims #1192 ('t3code/m51-ssh5') and #1194 ('agent/go-port/goos-virelai-0b-r1') both declare 'docs/status.md' / 'docs/status.md' — one editor per file: coordinate, or close/stall one claim
error: open claims #1192 ('t3code/m51-ssh5') and #1194 ('agent/go-port/goos-virelai-0b-r1') both declare 'docs/gate-fleet-inventory.md' / 'docs/gate-fleet-inventory.md' — one editor per file: coordinate, or close/stall one claim
error: open claims #1192 ('t3code/m51-ssh5') and #1193 ('agent/buffy-execrace/fleet-exec-race') both declare 'docs/gate-fleet-inventory.md' / 'docs/gate-fleet-inventory.md' — one editor per file: coordinate, or close/stall one claim
verify-issue-coordination: FAILED
error: recipe `verify-portable` failed on line 30 with exit code 1
