  disk: /Users/tbuddy/.t3/worktrees/dipshitos/t3code-758ded84/artifacts/disk.img (base, read-only) + throwaway ASIF overlay in /var/folders/p_/h710w89x7b16x249r_061lkw0000gn/T/virelai-overlay-13AFB1A6-D0C3-461C-A803-388B4EA66D56
  custom virtio: ENABLED — VID 0x1af4 DID 0x1082 (virtio deviceID 0x42), class 0x00/0x00, 6 queue(s) incl. push-echo, INPUT, SNAPSHOT, and the M34 FILE channel (queue 5) serving "/Users/tbuddy/.t3/worktrees/dipshitos/t3code-758ded84/artifacts/m51-interop/share" (--cvc-file)
CUSTOM-VIRTIO: device created (didCreateDevice)
VIRELAIOS VM runner
  host: arm64 (Apple silicon), macOS 27.0
  disk: --overlay-base
  memory: 256 MiB, cpus: 2
  mode: scripted input (non-interactive; claim 6684)
  serial log: /Users/tbuddy/.t3/worktrees/dipshitos/t3code-758ded84/artifacts/m51-interop/runs/relay-04/vm-serial.log  (guest output teed to log)
  script: /Users/tbuddy/.t3/worktrees/dipshitos/t3code-758ded84/artifacts/m51-interop/runs/relay-04/script-1.txt  (forwarded once after the configured serial marker appears)
  script2: /Users/tbuddy/.t3/worktrees/dipshitos/t3code-758ded84/artifacts/m51-interop/runs/relay-04/script-2.txt  (claim 4613: forwarded once after script2-after appears)
  script2-after: "ssh: bye rc=0"  (forward script2 once after this serial text appears)
  script-expect: "interop-relay-done"  (exit 0 iff observed in the serial log)
  script-expect-tail: 1.5s  (claim 4912: hold the VM after the match so post-marker kernel output reaches the serial log; 0 = stop immediately)
  net: ENABLED (milestone five card N1, claim 1373) — virtio-net device attached, guest TX frames captured byte-exactly to /Users/tbuddy/.t3/worktrees/dipshitos/t3code-758ded84/artifacts/m51-interop/runs/relay-04/cap.bin, fixed MAC 02:00:00:00:00:01
  via-virtio: ENABLED (claim 9588, issue #523 item 3) — keyboard injection rides the custom-virtio INPUT queue as HID-shaped 16-byte messages; NO NSEvent/CGEvent synthesis and no window/view required (attacks #179 synthesized-drop and #151 activation wall)
  net-arp-respond: ENABLED (milestone five card N3, claim 7293) — the host answers the guest's ARP requests for 10.0.0.2 (host MAC 02:00:00:00:00:02) via the capture thread (deterministic, request-driven)
  net-tcp-respond: ENABLED (milestone five card N10, claim 7026) + card N11 (claim 5357) — the host answers the guest's bounded TCP client on 10.0.0.2:2222 (host MAC 02:00:00:00:00:02, server ISN 0x12345678) via the capture thread (deterministic, request-driven)
script: waiting for marker "kernel terminal state" (script 115 bytes, settle 0.5s, deadline 180s)
script2: waiting for marker "ssh: bye rc=0" (script 32 bytes, settle 0.5s, deadline 180s)
CUSTOM-VIRTIO: device reset
VirelaiOS kernel has seized control.
memory-map descriptors=0x000000000000001b descriptor_size=0x0000000000000030 version=0x0000000000000001 key=0x000000000000029b
map type=0x0000000000000007 base=0x0000000070000000 pages=0x0000000000008000 attr=0x0000000000000008
map type=0x0000000000000004 base=0x0000000078000000 pages=0x0000000000000020 attr=0x0000000000000008
map type=0x0000000000000007 base=0x0000000078020000 pages=0x000000000000594d attr=0x0000000000000008
map type=0x0000000000000002 base=0x000000007d96d000 pages=0x0000000000000007 attr=0x0000000000000008
map type=0x0000000000000001 base=0x000000007d974000 pages=0x0000000000000c1a attr=0x0000000000000008
map type=0x0000000000000003 base=0x000000007e58e000 pages=0x0000000000000072 attr=0x0000000000000008
map type=0x0000000000000000 base=0x000000007e600000 pages=0x0000000000000040 attr=0x0000000000000008
map type=0x0000000000000006 base=0x000000007e640000 pages=0x0000000000000050 attr=0x8000000000000008
map type=0x0000000000000007 base=0x000000007e690000 pages=0x00000000000008ef attr=0x0000000000000008
map type=0x0000000000000004 base=0x000000007ef7f000 pages=0x0000000000000001 attr=0x0000000000000008
map type=0x0000000000000007 base=0x000000007ef80000 pages=0x000000000000002b attr=0x0000000000000008
map type=0x0000000000000004 base=0x000000007efab000 pages=0x00000000000008e5 attr=0x0000000000000008
map type=0x0000000000000003 base=0x000000007f890000 pages=0x0000000000000200 attr=0x0000000000000008
map type=0x0000000000000005 base=0x000000007fa90000 pages=0x0000000000000090 attr=0x8000000000000008
map type=0x0000000000000007 base=0x000000007fb20000 pages=0x0000000000000030 attr=0x0000000000000008
map type=0x0000000000000006 base=0x000000007fb50000 pages=0x0000000000000020 attr=0x8000000000000008
map type=0x0000000000000007 base=0x000000007fb70000 pages=0x000000000000002f attr=0x0000000000000008
map type=0x0000000000000009 base=0x000000007fb9f000 pages=0x0000000000000001 attr=0x0000000000000008
map type=0x0000000000000007 base=0x000000007fba0000 pages=0x0000000000000019 attr=0x0000000000000008
map type=0x0000000000000004 base=0x000000007fbb9000 pages=0x0000000000000021 attr=0x0000000000000008
map type=0x0000000000000003 base=0x000000007fbda000 pages=0x0000000000000026 attr=0x0000000000000008
map type=0x0000000000000004 base=0x000000007fc00000 pages=0x00000000000003c7 attr=0x0000000000000008
map type=0x0000000000000007 base=0x000000007ffc7000 pages=0x0000000000000010 attr=0x0000000000000008
map type=0x0000000000000003 base=0x000000007ffd7000 pages=0x0000000000000020 attr=0x0000000000000008
map type=0x0000000000000004 base=0x000000007fff7000 pages=0x0000000000000009 attr=0x0000000000000008
map type=0x000000000000000b base=0x0000000001000000 pages=0x0000000000000010 attr=0x8000000000000001
map type=0x000000000000000b base=0x0000000020050000 pages=0x0000000000000001 attr=0x8000000000000001
probe base=0x0000000100010000 layout=virtio-console
 records=0x0000000000000000
interrupts: gic=v3 armed=1 dist=0x0000000010000000 redist=0x0000000010010000 active=0x0000000010010000 fallback=1 ppi=0x000000000000001e edge=0 freq=0x00000000016e3600
host share: absent
kernel terminal state
cvspike: cap @0x0000000000000040 head=0x0000000001105009 t=0x0000000000000001 bar=0x0000000000000000 off=0x0000000000000000
cvspike: cap @0x0000000000000050 head=0x0000000003106009 t=0x0000000000000003 bar=0x0000000000000000 off=0x0000000000001000
cvspike: cap @0x0000000000000060 head=0x0000000002147409 t=0x0000000000000002 bar=0x0000000000000000 off=0x0000000000004000
cvspike: probe dev=0x0000000000000008 common=0x0000000100030000 notify=0x0000000100034000 bar=0x0000000100030000 b0=0x0000000000030004 b2=0x0000000050000000 cp=0x0000000000000040 nc=0x0000000000000003
cvspike: walk console-bar va=0x0000000100010000 l3=0x0000000100010403 ok
cvspike: walk cv-bar va=0x0000000100030000 l3=0x0000000100030403 ok
CUSTOM-VIRTIO: device reset
cvspike: init ok
CUSTOM-VIRTIO: guest set DRIVER_OK — negotiation complete, queues ready
cvspike: dev=0x0000000000000008 did=0x1082 common=0x0000000100030000 notify=0x0000000100034000 qoff=0x0000000000000000 qoff1=0x0000000000000001 ready=1
cvspike: feat=0x0000000530000000 acc=0x0000000100000000 nd=0 al=0 notify=16bit
cvspike: payload="VIRELAIOS-CV0x42" len=0x0000000000000010
CUSTOM-VIRTIO: guest notified queue 0 (size 32)
CUSTOM-VIRTIO: dequeued 16 byte(s) (read 16): hex=[56 49 52 45 4c 41 49 4f 53 2d 43 56 30 78 34 32] ascii="VIRELAIOS-CV0x42"
CUSTOM-VIRTIO: echoed 16 byte(s) into 16 byte(s) of write buffers
cvspike: q0 xchg=CUSTOM-VIRTIO: returned element to queue 0 — used ring advanced, device interrupt asserted
1 n=0x10 echo=okCUSTOM-VIRTIO: dequeued 16 byte(s) (read 16): hex=[56 49 52 45 4c 41 49 4f 53 2d 43 56 30 78 34 32] ascii="VIRELAIOS-CV0x42"

CUSTOM-VIRTIO: echoed 16 byte(s) into 16 byte(s) of write buffers
CUSTOM-VIRTIO: returned element to queue 0 — used ring advanced, device interrupt asserted
CUSTOM-VIRTIO: dequeued 16 byte(s) (read 16): hex=[56 49 52 45 4c 41 49 4f 53 2d 43 56 30 78 34 32] ascii="VIRELAIOS-CV0x42"
CUSTOM-VIRTIO: echoed 16 byte(s) into 16 byte(s) of write buffers
cvspike: q0 xchg=2 n=0x10 echo=ok
CUSTOM-VIRTIO: returned element to queue 0 — used ring advanced, device interrupt asserted
CUSTOM-VIRTIO: dequeued 16 byte(s) (read 16): hex=[56 49 52 45 4c 41 49 4f 53 2d 43 56 30 78 34 32] ascii="VIRELAIOS-CV0x42"
cvspike: q0 xchg=3 n=0x10 echo=CUSTOM-VIRTIO: echoed 16 byte(s) into 16 byte(s) of write buffers
ok
CUSTOM-VIRTIO: returned element to queue 0 — used ring advanced, device interrupt asserted
CUSTOM-VIRTIO: guest notified queue 0 (size 32)
CUSTOM-VIRTIO: guest notified queue 0 (size 32)
CUSTOM-VIRTIO: guest notified queue 0 (size 32)
cvspike: q0 xchg=4 n=0x10 echo=ok
CUSTOM-VIRTIO: guest notified queue 0 (size 32)
CUSTOM-VIRTIO: dequeued 16 byte(s) (read 16): hex=[56 49 52 45 4c 41 49 4f 53 2d 43 56 30 78 34 32] ascii="VIRELAIOS-CV0x42"
CUSTOM-VIRTIO: echoed 16 byte(s) into 16 byte(s) of write buffers
CUSTOM-VIRTIO: returned element to queue 0 — used ring advanced, device interrupt asserted
CUSTOM-VIRTIO: dequeued 16 byte(s) (read 16): hex=[56 49 52 45 4c 41 49 4f 53 2d 43 56 30 78 34 32] ascii="VIRELAIOS-CV0x42"
CUSTOM-VIRTIO: echoed 16 byte(s) into 16 byte(s) of write buffers
CUSTOM-VIRTIO: returned element to queue 0 — used ring advanced, device interrupt asserted
CUSTOM-VIRTIO: dequeued 16 byte(s) (read 16): hex=[56 49 52 45 4c 41 49 4f 53 2d 43 56 30 78 34 32] ascii="VIRELAIOS-CV0x42"
CUSTOM-VIRTIO: echoed 16 byte(s) into 16 byte(s) of write buffers
CUSTOM-VIRTIO: returned element to queue 0 — used ring advanced, device interrupt asserted
CUSTOM-VIRTIO: dequeued 16 byte(s) (read 16): hex=[56 49 52 45 4c 41 49 4f 53 2d 43 56 30 78 34 32] ascii="VIRELAIOS-CV0x42"
CUSTOM-VIRTIO: echoed 16 byte(s) into 16 byte(s) of write buffers
CUSTOM-VIRTIO: returned element to queue 0 — used ring advanced, device interrupt asserted
CUSTOM-VIRTIO: guest notified queue 0 (size 32)
cvspike: q0 heads=CUSTOM-VIRTIO: guest notified queue 0 (size 32)
0xCUSTOM-VIRTIO: guest notified queue 0 (size 32)
0000000000000000,0x0000000000000002,0x0000000000000004,0x0000000000000006 recycle=1
CUSTOM-VIRTIO: guest notified queue 0 (size 32)
CUSTOM-VIRTIO: dequeued 12340 byte(s) (read 12340): hex=[01 02 03 04 05 06 07 08 09 0a 0b 0c 0d 0e 0f 10..1a 1b 1c 1d 1e 1f 20 21 22 23 24 25 26 27 28 29 sum=0x0017a8c7] ascii="<binary>"
CUSTOM-VIRTIO: echoed 12340 byte(s) into 12340 byte(s) of write buffers
CUSTOM-VIRTIO: returned element to queue 0 — used ring advanced, device interrupt asserted
cvspike: q0 big n=0x3034 echo=ok
cvspike: q0 ok=1
CUSTOM-VIRTIO: guest notified queue 1 (size 32)
CUSTOM-VIRTIO-LOG: cvlog-1
CUSTOM-VIRTIO: log ack written (5 byte(s) into 32 byte(s) of write buffers)
CUSTOM-VIRTIO: returned element to queue 1 — used ring advanced, device interrupt asserted
cvspike: q1 log="cvlog-1" ack="ACK:7" n=0x0000000000000005
CUSTOM-VIRTIO: guest notified queue 1 (size 32)
CUSTOM-VIRTIO-LOG: cvlog-2
CUSTOM-VIRTIO: log ack written (5 byte(s) into 32 byte(s) of write buffers)
CUSTOM-VIRTIO: returned element to queue 1 — used ring advanced, device interrupt asserted
cvspike: q1 log="cvlog-2" ack="ACK:7" n=0x0000000000000005
CUSTOM-VIRTIO: guest notified queue 1 (size 32)
CUSTOM-VIRTIO-LOG: cvlog-3
CUSTOM-VIRTIO: log ack written (5 byte(s) into 32 byte(s) of write buffers)
CUSTOM-VIRTIO: returned element to queue 1 — used ring advanced, device interrupt asserted
cvspike: q1 log="cvlog-3" ack="ACK:7" n=0x0000000000000005
cvspike: q1 ok=3
cvspike: q2 armed rx=1 handle=CUSTOM-VIRTIO: guest notified queue 2 (size 32)
CUSTOM-VIRTIO-PUSH: queue 2 notified with the rx buffer armed (idle — waiting for the guest's armed signal)
0x0000000000000000
CUSTOM-VIRTIO: guest notified queue 1 (size 32)
CUSTOM-VIRTIO-LOG: cvc-push-armed
CUSTOM-VIRTIO-PUSH: host enqueued req="CVC-PING-0x42" (13 byte(s)) into the pre-armed rx buffer
CUSTOM-VIRTIO: log ack written (6 byte(s) into 32 byte(s) of write buffers)
CUSTOM-VIRTIO: returned element to queue 1 — used ring advanced, device interrupt asserted
cvspike: q2 req="CVC-PING-0x42" n=0x000000000000000d req=ok handle=ok
CUSTOM-VIRTIO: guest notified queue 2 (size 32)
CUSTOM-VIRTIO-PUSH: reply verified rsp="CVC-PING-0x42" (byte-exact), wrote ack="OK:13"
cvspike: q2 rsp="CVC-PING-0x42" ack="OK:13" ok=1
cvspike: q2 ok=1
cvspike: q3 armed bufs=0x0000000000000008
CUSTOM-VIRTIO: guest notified queue 3 (size 32)
CUSTOM-VIRTIO-INPUT: queue 3 notified (guest rx pool cycling)
CUSTOM-VIRTIO: guest notified queue 1 (size 32)
CUSTOM-VIRTIO-LOG: cvconsole-ready
CUSTOM-VIRTIO: log ack written (6 byte(s) into 32 byte(s) of write buffers)
CUSTOM-VIRTIO: returned element to queue 1 — used ring advanced, device interrupt asserted
CUSTOM-VIRTIO: guest notified queue 5 (size 32)
VF-PROBE: wrote 32768/32768 bytes (write buffers 32768)
CUSTOM-VIRTIO: guest notified queue 5 (size 32)
VF-PROBE: wrote 32768/32768 bytes (write buffers 32768)
vf: probe 32k ok len=0x8000 cksum=0x0000 free=0020
CUSTOM-VIRTIO: guest notified queue 5 (size 32)
VF-FILE: STAT SECRETS.TXT → file size=91
VF-FILE: READ SECRETS.TXT off=0 → 91 byte(s)
CUSTOM-VIRTIO: guest notified queue 5 (size 32)
CUSTOM-VIRTIO: guest notified queue 5 (size 32)
CUSTOM-VIRTIO: guest notified queue 5 (size 32)
cvspike: irq=0x00000000000000be first=0x0000000000000045 spi=0x0000000000000045 armed=0x0000000000000020..0x00000000000000bf
entropy: pre-rearm st=00
entropy: seeded n=64
net: pre-rearm st=0f
net: rx-armed
aslr: boot user stack=0x000000002b270000
VirelaiOS - AArch64 firmware-assisted kernel monitor
VirelaiOS: the elephant has left the building.
motd: aarch64 el1 kernel live; scheduler, uaccess, fs, net, gfx, xhci armed.
CUSTOM-VIRTIO: guest notified queue 5 (size 32)
Type 'help' before touching anything expensive.
CUSTOM-VIRTIO: guest notified queue 5 (size 32)
VF-FILE: STAT HISTORY.TXT → file size=115
VF-FILE: READ HISTORY.TXT off=0 → 115 byte(s)
CUSTOM-VIRTIO: guest notified queue 5 (size 32)
CUSTOM-VIRTIO: guest notified queue 5 (size 32)
CUSTOM-VIRTIO: guest notified queue 5 (size 32)
CUSTOM-VIRTIO: guest notified queue 5 (size 32)
[32mvirelai> [0m[AUDIT] task-ring+procs audit armed slots=11 procs=16
script: marker "kernel terminal state" seen at t=0.5s (serial log 5507 bytes) — settle 0.5s, then forward
script: forwarded 115 bytes to the serial attachment (write took 0.000s)
net ip 10.0.0.1
net ip: ip=10.0.0.1
CUSTOM-VIRTIO: guest notified queue 5 (size 32)
VF-FILE: STAT HISTORY.TXT → file size=115
VF-FILE: READ HISTORY.TXT off=0 → 115 byte(s)
VF-FILE: OPEN HISTORY.TXT → h=0 append=false create=true
VF-FILE: TRUNCATE h=0 size=0 → status 0
VF-FILE: WRITE h=0 → 131 byte(s), cursor advanced
VF-FILE: CLOSE h=0 → status 0
CUSTOM-VIRTIO: guest notified queue 5 (size 32)
CUSTOM-VIRTIO: guest notified queue 5 (size 32)
CUSTOM-VIRTIO: guest notified queue 5 (size 32)
CUSTOM-VIRTIO: guest notified queue 5 (size 32)
CUSTOM-VIRTIO: guest notified queue 5 (size 32)
[32mvirelai> [0mnet arp 10.0.0.2
net arp: request for NET-ARP: answered the guest's ARP request for 10.0.0.1 with host MAC 02:00:00:00:00:02
10.0.0.2 sent (42 bytes)
CUSTOM-VIRTIO: guest notified queue 5 (size 32)
VF-FILE: STAT HISTORY.TXT → file size=131
VF-FILE: READ HISTORY.TXT off=0 → 131 byte(s)
VF-FILE: OPEN HISTORY.TXT → h=0 append=false create=true
VF-FILE: TRUNCATE h=0 size=0 → status 0
VF-FILE: WRITE h=0 → 148 byte(s), cursor advanced
VF-FILE: CLOSE h=0 → status 0
CUSTOM-VIRTIO: guest notified queue 5 (size 32)
CUSTOM-VIRTIO: guest notified queue 5 (size 32)
CUSTOM-VIRTIO: guest notified queue 5 (size 32)
CUSTOM-VIRTIO: guest notified queue 5 (size 32)[32m
CUSTOM-VIRTIO: guest notified queue 5 (size 32)
virelai> [0mexec SSH.BIN tbuddy@10.0.0.2:2222 echo VIRELAI-INTEROP-OK
CUSTOM-VIRTIO: guest notified queue 5 (size 32)
VF-FILE: STAT SSH.BIN → file size=61488
VF-FILE: READ SSH.BIN off=0 → 32765 byte(s)
CUSTOM-VIRTIO: guest notified queue 5 (size 32)
VF-FILE: READ SSH.BIN off=32765 → 28723 byte(s)
CUSTOM-VIRTIO: guest notified queue 5 (size 32)
exec: loaded SSH.BIN size=0x000000000000f000 entry=0x0000000000400000 stack=0x0000000067a00000 head=0xfd7bbaa9e2031eaa data=0x000000000001c6c0 datapages=29
CUSTOM-VIRTIO: guest notified queue 5 (size 32)
VF-FILE: STAT HISTORY.TXT → file size=148
VF-FILE: READ HISTORY.TXT off=0 → 148 byte(s)
VF-FILE: OPEN HISTORY.TXT → h=0 append=false create=true
VF-FILE: TRUNCATE h=0 size=0 → status 0
VF-FILE: WRITE h=0 → 206 byte(s), cursor advanced
VF-FILE: CLOSE h=0 → status 0
CUSTOM-VIRTIO: guest notified queue 5 (size 32)
CUSTOM-VIRTIO: guest notified queue 5 (size 32)
CUSTOM-VIRTIO: guest notified queue 5 (size 32)
CUSTOM-VIRTIO: guest notified queue 5 (size 32)
CUSTOM-VIRTIO: guest notified queue 5 (size 32)
[32mvirelai> [0mecho ssh-relay-launched
ssh-relay-launched
CUSTOM-VIRTIO: guest notified queue 5 (size 32)
VF-FILE: STAT HISTORY.TXT → file size=206
VF-FILE: READ HISTORY.TXT off=0 → 206 byte(s)
VF-FILE: OPEN HISTORY.TXT → h=0 append=false create=true
VF-FILE: TRUNCATE h=0 size=0 → status 0
VF-FILE: WRITE h=0 → 230 byte(s), cursor advanced
VF-FILE: CLOSE h=0 → status 0
CUSTOM-VIRTIO: guest notified queue 5 (size 32)
CUSTOM-VIRTIO: guest notified queue 5 (size 32)
CUSTOM-VIRTIO: guest notified queue 5 (size 32)
CUSTOM-VIRTIO: guest notified queue 5 (size 32)
CUSTOM-VIRTIO: guest notified queue 5 (size 32)
[32mvirelai> [0m
syscall: write ok n=23
uaccess: efault ok n=8
ssh: target user=tbuddy host=10.0.0.2 port=2222 mode=exec
NET-TCP-RELAY: connection accepted (guest SYN seq 0x9e006db2); dialing upstream 127.0.0.1:2222
NET-TCP-RELAY: upstream 127.0.0.1:2222 connected (real server; bytes proxied, no crypto here)
NET-TCP: answered the guest's SYN (seq 0x9e006db2) with a SYN-ACK (seq 0x12345678, ack 0x9e006db3)
NET-TCP-RELAY: observed the guest's ACK (ack 0x12345679)
ssh: connected
NET-TCP-RELAY: upstream -> guest 22 bytes buffered
NET-TCP-RELAY: sent 22 bytes to the guest (seq 0x12345679)
NET-TCP-RELAY: upstream -> guest 992 bytes buffered
NET-TCP-RELAY: sent 192 bytes to the guest (seq 0x1234568f)
NET-TCP-RELAY: sent 192 bytes to the guest (seq 0x1234574f)
NET-TCP-RELAY: sent 192 bytes to the guest (seq 0x1234580f)
NET-TCP-RELAY: sent 192 bytes to the guest (seq 0x123458cf)
NET-TCP-RELAY: sent 192 bytes to the guest (seq 0x1234598f)
NET-TCP-RELAY: sent 32 bytes to the guest (seq 0x12345a4f)
NET-TCP-RELAY: observed the guest's ACK (ack 0x12345a6f)
NET-TCP-RELAY: upstream -> guest 208 bytes buffered
NET-TCP-RELAY: sent 192 bytes to the guest (seq 0x12345a6f)
NET-TCP-RELAY: sent 16 bytes to the guest (seq 0x12345b2f)
NET-TCP-RELAY: observed the guest's ACK (ack 0x12345b3f)
ssh: kex-ok
CUSTOM-VIRTIO: guest notified queue 5 (size 32)
VF-FILE: STAT SSH/KNOWN_HOSTS → file size=95
VF-FILE: READ SSH/KNOWN_HOSTS off=0 → 95 byte(s)
CUSTOM-VIRTIO: guest notified queue 5 (size 32)
NET-TCP-RELAY: upstream -> guest 44 bytes buffered
NET-TCP-RELAY: sent 44 bytes to the guest (seq 0x12345b3f)
script: serial input pipe drained (bytes left the host pipe — any stall is VZ delivery or guest RX)
timer irq delivered ppi=0x1e irq_ticks=1
smp: secondary runs=1 task=user-el0
smp: secondary runs=2 task=worker
smp: steal runs=1 task=user-el0 from=0
smp: steal runs=2 task=worker from=0
tasks worker advances=64
userspace: el0=1 svc=2 roundtrips=1 arg=2 result=2 rejected=0
smp: secondary runs=3 task=user-el0
smp: secondary runs=4 task=SSH.BIN
smp: steal runs=3 task=SSH.BIN from=0
NET-TCP-RELAY: observed the guest's ACK (ack 0x12345b6b)
smp: secondary runs=5 task=worker
NET-TCP-RELAY: upstream -> guest 44 bytes buffered
NET-TCP-RELAY: sent 44 bytes to the guest (seq 0x12345b6b)
tasks worker advances=4288
tasks worker advances=4352
tasks worker advances=4416
tasks worker advances=4480
tasks worker advances=4544
tasks worker advances=4608
tasks worker advances=4672
tasks worker advances=4736
tasks worker advances=4800
tasks worker advances=4864
tasks worker advances=4928
tasks worker advances=4992
tasks worker advances=5056
tasks worker advances=5120
tasks worker advances=5184
tasks worker advances=5248
tasks worker advances=5312
tasks worker advances=5376
tasks worker advances=5440
tasks worker advances=5504
tasks worker advances=5568
tasks worker advances=5632
tasks worker advances=5696
tasks worker advances=5760
tasks worker advances=5824
tasks worker advances=5888
tasks worker advances=5952
tasks worker advances=6016
tasks worker advances=6080
tasks worker advances=6144
tasks worker advances=6208
tasks worker advances=6272
tasks worker advances=6336
tasks worker advances=6400
CUSTOM-VIRTIO: guest notified queue 5 (size 32)
NET-TCP-RELAY: observed the guest's ACK (ack 0x12345b97)
NET-TCP-RELAY: upstream -> guest 28 bytes buffered
NET-TCP-RELAY: sent 28 bytes to the guest (seq 0x12345b97)
NET-TCP-RELAY: upstream -> guest 328 bytes buffered
timer heartbeat ticks=5 irq=5 poll=0
smp: secondary runs=6 task=SSH.BIN
smp: secondary runs=7 task=worker
smp: secondary runs=8 task=SSH.BIN
smp: secondary runs=9 task=worker
smp: steal runs=4 task=user-el0 from=1
smp: steal runs=5 task=SSH.BIN from=1
smp: steal runs=6 task=SSH.BIN from=0
tasks worker advances=6464
tasks user-el0 exited status=7
procs user-el0 exited status=7
tasks user-el0 reaped
tasks worker advances=8576
tasks worker advances=8640
tasks worker advances=8704
tasks worker advances=8768
tasks worker advances=8832
tasks worker advances=8896
tasks worker advances=8960
tasks worker advances=9024
tasks worker advances=9088
tasks worker advances=9152
tasks worker advances=9216
tasks worker advances=9280
tasks worker advances=9344
tasks worker advances=9408
tasks worker advances=9472
tasks worker advances=9536
tasks worker advances=9600
tasks worker advances=9664
tasks worker advances=9728
tasks worker advances=9792
tasks worker advances=9856
tasks worker advances=9920
tasks worker advances=9984
tasks worker advances=10048
tasks worker advances=10112
tasks worker advances=10176
tasks worker advances=10240
tasks worker advances=10304
tasks worker advances=10368
tasks worker advances=10432
tasks worker advances=10496
tasks worker advances=10560
tasks worker advances=10624
tasks worker advances=10688
tasks worker advances=10752
ssh: pin-ok
NET-TCP-RELAY: sent 192 bytes to the guest (seq 0x12345bb3)
ssh: auth-ok method=publickey
NET-TCP-RELAY: sent 136 bytes to the guest (seq 0x12345c73)
ssh: channel-error Protocol
ssh: fail stage=channel rc=6
NET-TCP-RELAY: the guest sent FIN; FIN-ACK and upstream close
NET-TCP-RELAY: upstream 127.0.0.1:2222 closed (EOF)
NET-TCP-RELAY: observed the guest's ACK (ack 0x12345cfc)
CUSTOM-VIRTIO: guest notified queue 5 (size 32)
tasks user-exec exited status=6
procs SSH.BIN exited status=6
tasks user-exec reaped
smp: steal runs=7 task=SSH.BIN from=1
tasks worker advances=10816
tasks worker advances=12928
tasks worker advances=12992
tasks worker advances=13056
tasks worker advances=13120
tasks worker advances=13184
tasks worker advances=13248
tasks worker advances=13312
tasks worker advances=13376
tasks worker advances=13440
tasks worker advances=13504
tasks worker advances=13568
tasks worker advances=13632
tasks worker advances=13696
tasks worker advances=13760
tasks worker advances=13824
tasks worker advances=13888
tasks worker advances=13952
tasks worker advances=14016
tasks worker advances=14080
tasks worker advances=14144
tasks worker advances=14208
tasks worker advances=14272
tasks worker advances=14336
tasks worker advances=14400
tasks worker advances=14464
tasks worker advances=14528
tasks worker advances=14592
tasks worker advances=14656
tasks worker advances=14720
tasks worker advances=14784
tasks worker advances=14848
tasks worker advances=14912
tasks worker advances=14976
tasks worker advances=15040
tasks worker advances=17088
tasks worker advances=17152
tasks worker advances=17216
tasks worker advances=17280
tasks worker advances=17344
tasks worker advances=17408
tasks worker advances=17472
tasks worker advances=17536
tasks worker advances=17600
tasks worker advances=17664
tasks worker advances=17728
tasks worker advances=17792
tasks worker advances=17856
tasks worker advances=17920
tasks worker advances=17984
tasks worker advances=18048
tasks worker advances=18112
tasks worker advances=18176
tasks worker advances=18240
tasks worker advances=18304
tasks worker advances=18368
tasks worker advances=18432
tasks worker advances=18496
tasks worker advances=18560
tasks worker advances=18624
tasks worker advances=18688
tasks worker advances=18752
tasks worker advances=18816
tasks worker advances=18880
tasks worker advances=18944
tasks worker advances=19008
tasks worker advances=19072
tasks worker advances=19136
timer heartbeat ticks=10 irq=10 poll=0
tasks worker advances=19200
tasks worker advances=21376
tasks worker advances=21440
tasks worker advances=21504
tasks worker advances=21568
tasks worker advances=21632
tasks worker advances=21696
tasks worker advances=21760
tasks worker advances=21824
tasks worker advances=21888
tasks worker advances=21952
tasks worker advances=22016
tasks worker advances=22080
tasks worker advances=22144
tasks worker advances=22208
tasks worker advances=22272
tasks worker advances=22336
tasks worker advances=22400
tasks worker advances=22464
tasks worker advances=22528
tasks worker advances=22592
tasks worker advances=22656
tasks worker advances=22720
tasks worker advances=22784
tasks worker advances=22848
tasks worker advances=22912
tasks worker advances=22976
tasks worker advances=23040
tasks worker advances=23104
tasks worker advances=23168
tasks worker advances=23232
tasks worker advances=23296
tasks worker advances=23360
tasks worker advances=23424
tasks worker advances=23488
tasks worker advances=25600
tasks worker advances=25664
tasks worker advances=25728
tasks worker advances=25792
tasks worker advances=25856
tasks worker advances=25920
tasks worker advances=25984
tasks worker advances=26048
tasks worker advances=26112
tasks worker advances=26176
tasks worker advances=26240
tasks worker advances=26304
tasks worker advances=26368
tasks worker advances=26432
tasks worker advances=26496
tasks worker advances=26560
tasks worker advances=26624
tasks worker advances=26688
tasks worker advances=26752
tasks worker advances=26816
tasks worker advances=26880
tasks worker advances=26944
tasks worker advances=27008
tasks worker advances=27072
tasks worker advances=27136
tasks worker advances=27200
tasks worker advances=27264
tasks worker advances=27328
tasks worker advances=27392
tasks worker advances=27456
tasks worker advances=27520
tasks worker advances=27584
tasks worker advances=27648
timer heartbeat ticks=15 irq=15 poll=0
tasks worker advances=27712
tasks worker advances=29888
tasks worker advances=29952
tasks worker advances=30016
tasks worker advances=30080
tasks worker advances=30144
tasks worker advances=30208
tasks worker advances=30272
tasks worker advances=30336
tasks worker advances=30400
tasks worker advances=30464
tasks worker advances=30528
tasks worker advances=30592
tasks worker advances=30656
tasks worker advances=30720
tasks worker advances=30784
tasks worker advances=30848
tasks worker advances=30912
tasks worker advances=30976
tasks worker advances=31040
tasks worker advances=31104
tasks worker advances=31168
tasks worker advances=31232
tasks worker advances=31296
tasks worker advances=31360
tasks worker advances=31424
tasks worker advances=31488
tasks worker advances=31552
tasks worker advances=31616
tasks worker advances=31680
tasks worker advances=31744
tasks worker advances=31808
tasks worker advances=31872
tasks worker advances=31936
tasks worker advances=32000
tasks worker advances=32064
tasks worker advances=34048
tasks worker advances=34112
tasks worker advances=34176
tasks worker advances=34240
tasks worker advances=34304
tasks worker advances=34368
tasks worker advances=34432
tasks worker advances=34496
tasks worker advances=34560
tasks worker advances=34624
tasks worker advances=34688
tasks worker advances=34752
tasks worker advances=34816
tasks worker advances=34880
tasks worker advances=34944
tasks worker advances=35008
tasks worker advances=35072
tasks worker advances=35136
tasks worker advances=35200
tasks worker advances=35264
tasks worker advances=35328
tasks worker advances=35392
tasks worker advances=35456
tasks worker advances=35520
tasks worker advances=35584
tasks worker advances=35648
tasks worker advances=35712
tasks worker advances=35776
tasks worker advances=35840
tasks worker advances=35904
tasks worker advances=37952
tasks worker advances=38016
tasks worker advances=38080
tasks worker advances=38144
tasks worker advances=38208
tasks worker advances=38272
tasks worker advances=38336
tasks worker advances=38400
tasks worker advances=38464
tasks worker advances=38528
tasks worker advances=38592
tasks worker advances=38656
tasks worker advances=38720
tasks worker advances=38784
tasks worker advances=38848
tasks worker advances=38912
tasks worker advances=38976
tasks worker advances=39040
tasks worker advances=39104
tasks worker advances=39168
tasks worker advances=39232
tasks worker advances=39296
tasks worker advances=39360
tasks worker advances=39424
tasks worker advances=39488
tasks worker advances=39552
tasks worker advances=39616
tasks worker advances=39680
tasks worker advances=39744
tasks worker advances=39808
tasks worker advances=39872
tasks worker advances=39936
timer heartbeat ticks=20 irq=20 poll=0
tasks worker advances=40000
tasks worker advances=42176
tasks worker advances=42240
tasks worker advances=42304
tasks worker advances=42368
tasks worker advances=42432
tasks worker advances=42496
tasks worker advances=42560
tasks worker advances=42624
tasks worker advances=42688
tasks worker advances=42752
tasks worker advances=42816
tasks worker advances=42880
tasks worker advances=42944
tasks worker advances=43008
tasks worker advances=43072
tasks worker advances=43136
tasks worker advances=43200
tasks worker advances=43264
tasks worker advances=43328
tasks worker advances=43392
tasks worker advances=43456
tasks worker advances=43520
tasks worker advances=43584
tasks worker advances=43648
tasks worker advances=43712
tasks worker advances=43776
tasks worker advances=43840
tasks worker advances=43904
tasks worker advances=43968
tasks worker advances=44032
tasks worker advances=44096
tasks worker advances=44160
tasks worker advances=44224
tasks worker advances=44288
tasks worker advances=46464
tasks worker advances=46528
tasks worker advances=46592
tasks worker advances=46656
tasks worker advances=46720
tasks worker advances=46784
tasks worker advances=46848
tasks worker advances=46912
tasks worker advances=46976
tasks worker advances=47040
tasks worker advances=47104
tasks worker advances=47168
tasks worker advances=47232
tasks worker advances=47296
tasks worker advances=47360
tasks worker advances=47424
tasks worker advances=47488
tasks worker advances=47552
tasks worker advances=47616
tasks worker advances=47680
tasks worker advances=47744
tasks worker advances=47808
tasks worker advances=47872
tasks worker advances=47936
tasks worker advances=48000
tasks worker advances=48064
tasks worker advances=48128
tasks worker advances=48192
tasks worker advances=48256
tasks worker advances=48320
tasks worker advances=48384
tasks worker advances=48448
tasks worker advances=48512
timer heartbeat ticks=25 irq=25 poll=0
tasks worker advances=48576
tasks worker advances=50752
tasks worker advances=50816
tasks worker advances=50880
tasks worker advances=50944
tasks worker advances=51008
tasks worker advances=51072
tasks worker advances=51136
tasks worker advances=51200
tasks worker advances=51264
tasks worker advances=51328
tasks worker advances=51392
tasks worker advances=51456
tasks worker advances=51520
tasks worker advances=51584
tasks worker advances=51648
tasks worker advances=51712
tasks worker advances=51776
tasks worker advances=51840
tasks worker advances=51904
tasks worker advances=51968
tasks worker advances=52032
tasks worker advances=52096
tasks worker advances=52160
tasks worker advances=52224
tasks worker advances=52288
tasks worker advances=52352
tasks worker advances=52416
tasks worker advances=52480
tasks worker advances=52544
tasks worker advances=52608
tasks worker advances=52672
tasks worker advances=52736
tasks worker advances=52800
tasks worker advances=52864
tasks worker advances=55040
tasks worker advances=55104
tasks worker advances=55168
tasks worker advances=55232
tasks worker advances=55296
tasks worker advances=55360
tasks worker advances=55424
tasks worker advances=55488
tasks worker advances=55552
tasks worker advances=55616
tasks worker advances=55680
tasks worker advances=55744
tasks worker advances=55808
tasks worker advances=55872
tasks worker advances=55936
tasks worker advances=56000
tasks worker advances=56064
tasks worker advances=56128
tasks worker advances=56192
tasks worker advances=56256
tasks worker advances=56320
tasks worker advances=56384
tasks worker advances=56448
tasks worker advances=56512
tasks worker advances=56576
tasks worker advances=56640
tasks worker advances=56704
tasks worker advances=56768
tasks worker advances=56832
tasks worker advances=56896
tasks worker advances=56960
tasks worker advances=57024
tasks worker advances=57088
tasks worker advances=59200
tasks worker advances=59264
tasks worker advances=59328
tasks worker advances=59392
tasks worker advances=59456
tasks worker advances=59520
tasks worker advances=59584
tasks worker advances=59648
tasks worker advances=59712
tasks worker advances=59776
tasks worker advances=59840
tasks worker advances=59904
tasks worker advances=59968
tasks worker advances=60032
tasks worker advances=60096
tasks worker advances=60160
tasks worker advances=60224
tasks worker advances=60288
tasks worker advances=60352
tasks worker advances=60416
tasks worker advances=60480
tasks worker advances=60544
tasks worker advances=60608
tasks worker advances=60672
tasks worker advances=60736
tasks worker advances=60800
tasks worker advances=60864
tasks worker advances=60928
tasks worker advances=60992
tasks worker advances=61056
tasks worker advances=61120
tasks worker advances=61184
tasks worker advances=61248
scriptPoll: alive (log=20422 bytes, expect=interop-relay-done, matched=false)
timer heartbeat ticks=30 irq=30 poll=0
tasks worker advances=61312
tasks worker advances=63360
tasks worker advances=63424
tasks worker advances=63488
tasks worker advances=63552
tasks worker advances=63616
tasks worker advances=63680
tasks worker advances=63744
tasks worker advances=63808
tasks worker advances=63872
tasks worker advances=63936
tasks worker advances=64000
tasks worker advances=64064
tasks worker advances=64128
tasks worker advances=64192
tasks worker advances=64256
tasks worker advances=64320
tasks worker advances=64384
tasks worker advances=64448
tasks worker advances=64512
tasks worker advances=64576
tasks worker advances=64640
tasks worker advances=64704
tasks worker advances=64768
tasks worker advances=64832
tasks worker advances=64896
tasks worker advances=64960
tasks worker advances=65024
tasks worker advances=65088
tasks worker advances=65152
tasks worker advances=65216
tasks worker advances=65280
tasks worker advances=65344
tasks worker advances=65408
tasks worker advances=65472
tasks worker advances=65536
tasks worker advances=67648
tasks worker advances=67712
tasks worker advances=67776
tasks worker advances=67840
tasks worker advances=67904
tasks worker advances=67968
tasks worker advances=68032
tasks worker advances=68096
tasks worker advances=68160
tasks worker advances=68224
tasks worker advances=68288
tasks worker advances=68352
tasks worker advances=68416
tasks worker advances=68480
tasks worker advances=68544
tasks worker advances=68608
tasks worker advances=68672
tasks worker advances=68736
tasks worker advances=68800
tasks worker advances=68864
tasks worker advances=68928
tasks worker advances=68992
tasks worker advances=69056
tasks worker advances=69120
tasks worker advances=69184
tasks worker advances=69248
tasks worker advances=69312
tasks worker advances=69376
tasks worker advances=69440
tasks worker advances=69504
tasks worker advances=69568
tasks worker advances=69632
tasks worker advances=69696
tasks worker advances=69760
timer heartbeat ticks=35 irq=35 poll=0
tasks worker advances=69824
tasks worker advances=71936
tasks worker advances=72000
tasks worker advances=72064
tasks worker advances=72128
tasks worker advances=72192
tasks worker advances=72256
tasks worker advances=72320
tasks worker advances=72384
tasks worker advances=72448
tasks worker advances=72512
tasks worker advances=72576
tasks worker advances=72640
tasks worker advances=72704
tasks worker advances=72768
tasks worker advances=72832
tasks worker advances=72896
tasks worker advances=72960
tasks worker advances=73024
tasks worker advances=73088
tasks worker advances=73152
tasks worker advances=73216
tasks worker advances=73280
tasks worker advances=73344
tasks worker advances=73408
tasks worker advances=73472
tasks worker advances=73536
tasks worker advances=73600
tasks worker advances=73664
tasks worker advances=73728
tasks worker advances=73792
tasks worker advances=73856
tasks worker advances=73920
tasks worker advances=73984
tasks worker advances=74048
tasks worker advances=74112
tasks worker advances=76224
tasks worker advances=76288
tasks worker advances=76352
tasks worker advances=76416
tasks worker advances=76480
tasks worker advances=76544
tasks worker advances=76608
tasks worker advances=76672
tasks worker advances=76736
tasks worker advances=76800
tasks worker advances=76864
tasks worker advances=76928
tasks worker advances=76992
tasks worker advances=77056
tasks worker advances=77120
tasks worker advances=77184
tasks worker advances=77248
tasks worker advances=77312
tasks worker advances=77376
tasks worker advances=77440
tasks worker advances=77504
tasks worker advances=77568
tasks worker advances=77632
tasks worker advances=77696
tasks worker advances=77760
tasks worker advances=77824
tasks worker advances=77888
tasks worker advances=77952
tasks worker advances=78016
tasks worker advances=78080
tasks worker advances=78144
tasks worker advances=78208
tasks worker advances=78272
tasks worker advances=78336
tasks worker advances=78400
tasks worker advances=80576
tasks worker advances=80640
tasks worker advances=80704
tasks worker advances=80768
tasks worker advances=80832
tasks worker advances=80896
tasks worker advances=80960
tasks worker advances=81024
tasks worker advances=81088
tasks worker advances=81152
tasks worker advances=81216
tasks worker advances=81280
tasks worker advances=81344
tasks worker advances=81408
tasks worker advances=81472
tasks worker advances=81536
tasks worker advances=81600
tasks worker advances=81664
tasks worker advances=81728
tasks worker advances=81792
tasks worker advances=81856
tasks worker advances=81920
tasks worker advances=81984
tasks worker advances=82048
tasks worker advances=82112
tasks worker advances=82176
tasks worker advances=82240
tasks worker advances=82304
tasks worker advances=82368
tasks worker advances=82432
tasks worker advances=82496
tasks worker advances=82560
tasks worker advances=82624
timer heartbeat ticks=40 irq=40 poll=0
tasks worker advances=82688
tasks worker advances=84864
tasks worker advances=84928
tasks worker advances=84992
tasks worker advances=85056
tasks worker advances=85120
tasks worker advances=85184
tasks worker advances=85248
tasks worker advances=85312
tasks worker advances=85376
tasks worker advances=85440
tasks worker advances=85504
tasks worker advances=85568
tasks worker advances=85632
tasks worker advances=85696
tasks worker advances=85760
tasks worker advances=85824
tasks worker advances=85888
tasks worker advances=85952
tasks worker advances=86016
tasks worker advances=86080
tasks worker advances=86144
tasks worker advances=86208
tasks worker advances=86272
tasks worker advances=86336
tasks worker advances=86400
tasks worker advances=86464
tasks worker advances=86528
tasks worker advances=86592
tasks worker advances=86656
tasks worker advances=86720
tasks worker advances=86784
tasks worker advances=86848
tasks worker advances=86912
tasks worker advances=86976
tasks worker advances=89088
tasks worker advances=89152
tasks worker advances=89216
tasks worker advances=89280
tasks worker advances=89344
tasks worker advances=89408
tasks worker advances=89472
tasks worker advances=89536
tasks worker advances=89600
tasks worker advances=89664
tasks worker advances=89728
tasks worker advances=89792
tasks worker advances=89856
tasks worker advances=89920
tasks worker advances=89984
tasks worker advances=90048
tasks worker advances=90112
tasks worker advances=90176
tasks worker advances=90240
tasks worker advances=90304
tasks worker advances=90368
tasks worker advances=90432
tasks worker advances=90496
tasks worker advances=90560
tasks worker advances=90624
tasks worker advances=90688
tasks worker advances=90752
tasks worker advances=90816
tasks worker advances=90880
tasks worker advances=90944
tasks worker advances=91008
tasks worker advances=91072
tasks worker advances=91136
timer heartbeat ticks=45 irq=45 poll=0
tasks worker advances=91200
tasks worker advances=93312
tasks worker advances=93376
tasks worker advances=93440
tasks worker advances=93504
tasks worker advances=93568
tasks worker advances=93632
tasks worker advances=93696
tasks worker advances=93760
tasks worker advances=93824
tasks worker advances=93888
tasks worker advances=93952
tasks worker advances=94016
tasks worker advances=94080
tasks worker advances=94144
tasks worker advances=94208
tasks worker advances=94272
tasks worker advances=94336
tasks worker advances=94400
tasks worker advances=94464
tasks worker advances=94528
tasks worker advances=94592
tasks worker advances=94656
tasks worker advances=94720
tasks worker advances=94784
tasks worker advances=94848
tasks worker advances=94912
tasks worker advances=94976
tasks worker advances=95040
tasks worker advances=95104
tasks worker advances=95168
tasks worker advances=95232
tasks worker advances=95296
tasks worker advances=95360
tasks worker advances=97536
tasks worker advances=97600
tasks worker advances=97664
tasks worker advances=97728
tasks worker advances=97792
tasks worker advances=97856
tasks worker advances=97920
tasks worker advances=97984
tasks worker advances=98048
tasks worker advances=98112
tasks worker advances=98176
tasks worker advances=98240
tasks worker advances=98304
tasks worker advances=98368
tasks worker advances=98432
tasks worker advances=98496
tasks worker advances=98560
tasks worker advances=98624
tasks worker advances=98688
tasks worker advances=98752
tasks worker advances=98816
tasks worker advances=98880
tasks worker advances=98944
tasks worker advances=99008
tasks worker advances=99072
tasks worker advances=99136
tasks worker advances=99200
tasks worker advances=99264
tasks worker advances=99328
tasks worker advances=99392
tasks worker advances=99456
tasks worker advances=99520
tasks worker advances=99584
tasks worker advances=99648
tasks worker advances=101760
tasks worker advances=101824
tasks worker advances=101888
tasks worker advances=101952
tasks worker advances=102016
tasks worker advances=102080
tasks worker advances=102144
tasks worker advances=102208
tasks worker advances=102272
tasks worker advances=102336
tasks worker advances=102400
tasks worker advances=102464
tasks worker advances=102528
tasks worker advances=102592
tasks worker advances=102656
tasks worker advances=102720
tasks worker advances=102784
tasks worker advances=102848
tasks worker advances=102912
tasks worker advances=102976
tasks worker advances=103040
tasks worker advances=103104
tasks worker advances=103168
tasks worker advances=103232
tasks worker advances=103296
tasks worker advances=103360
tasks worker advances=103424
tasks worker advances=103488
tasks worker advances=103552
tasks worker advances=103616
tasks worker advances=103680
tasks worker advances=103744
tasks worker advances=103808
timer heartbeat ticks=50 irq=50 poll=0
tasks worker advances=103872
tasks worker advances=105984
tasks worker advances=106048
tasks worker advances=106112
tasks worker advances=106176
tasks worker advances=106240
tasks worker advances=106304
tasks worker advances=106368
tasks worker advances=106432
tasks worker advances=106496
tasks worker advances=106560
tasks worker advances=106624
tasks worker advances=106688
tasks worker advances=106752
tasks worker advances=106816
tasks worker advances=106880
tasks worker advances=106944
tasks worker advances=107008
tasks worker advances=107072
tasks worker advances=107136
tasks worker advances=107200
tasks worker advances=107264
tasks worker advances=107328
tasks worker advances=107392
tasks worker advances=107456
tasks worker advances=107520
tasks worker advances=107584
tasks worker advances=107648
tasks worker advances=107712
tasks worker advances=107776
tasks worker advances=107840
tasks worker advances=107904
tasks worker advances=107968
tasks worker advances=108032
tasks worker advances=108096
tasks worker advances=108160
tasks worker advances=110208
tasks worker advances=110272
tasks worker advances=110336
tasks worker advances=110400
tasks worker advances=110464
tasks worker advances=110528
tasks worker advances=110592
tasks worker advances=110656
tasks worker advances=110720
tasks worker advances=110784
tasks worker advances=110848
tasks worker advances=110912
tasks worker advances=110976
tasks worker advances=111040
tasks worker advances=111104
tasks worker advances=111168
tasks worker advances=111232
tasks worker advances=111296
tasks worker advances=111360
tasks worker advances=111424
tasks worker advances=111488
tasks worker advances=111552
tasks worker advances=111616
tasks worker advances=111680
tasks worker advances=111744
tasks worker advances=111808
tasks worker advances=111872
tasks worker advances=111936
tasks worker advances=112000
tasks worker advances=112064
tasks worker advances=112128
tasks worker advances=112192
tasks worker advances=112256
timer heartbeat ticks=55 irq=55 poll=0
tasks worker advances=112320
tasks worker advances=114432
tasks worker advances=114496
tasks worker advances=114560
tasks worker advances=114624
tasks worker advances=114688
tasks worker advances=114752
tasks worker advances=114816
tasks worker advances=114880
tasks worker advances=114944
tasks worker advances=115008
tasks worker advances=115072
tasks worker advances=115136
tasks worker advances=115200
tasks worker advances=115264
tasks worker advances=115328
tasks worker advances=115392
tasks worker advances=115456
tasks worker advances=115520
tasks worker advances=115584
tasks worker advances=115648
tasks worker advances=115712
tasks worker advances=115776
tasks worker advances=115840
tasks worker advances=115904
tasks worker advances=115968
tasks worker advances=116032
tasks worker advances=116096
tasks worker advances=116160
tasks worker advances=116224
tasks worker advances=116288
tasks worker advances=116352
tasks worker advances=116416
tasks worker advances=116480
tasks worker advances=116544
tasks worker advances=116608
tasks worker advances=118720
tasks worker advances=118784
tasks worker advances=118848
tasks worker advances=118912
tasks worker advances=118976
tasks worker advances=119040
tasks worker advances=119104
tasks worker advances=119168
tasks worker advances=119232
tasks worker advances=119296
tasks worker advances=119360
tasks worker advances=119424
tasks worker advances=119488
tasks worker advances=119552
tasks worker advances=119616
tasks worker advances=119680
tasks worker advances=119744
tasks worker advances=119808
tasks worker advances=119872
tasks worker advances=119936
tasks worker advances=120000
tasks worker advances=120064
tasks worker advances=120128
tasks worker advances=120192
tasks worker advances=120256
tasks worker advances=120320
tasks worker advances=120384
tasks worker advances=120448
tasks worker advances=120512
tasks worker advances=120576
tasks worker advances=120640
tasks worker advances=120704
tasks worker advances=120768
tasks worker advances=120832
tasks worker advances=120896
tasks worker advances=123008
tasks worker advances=123072
tasks worker advances=123136
tasks worker advances=123200
tasks worker advances=123264
tasks worker advances=123328
tasks worker advances=123392
tasks worker advances=123456
tasks worker advances=123520
tasks worker advances=123584
tasks worker advances=123648
tasks worker advances=123712
tasks worker advances=123776
tasks worker advances=123840
tasks worker advances=123904
tasks worker advances=123968
tasks worker advances=124032
tasks worker advances=124096
tasks worker advances=124160
tasks worker advances=124224
tasks worker advances=124288
tasks worker advances=124352
tasks worker advances=124416
tasks worker advances=124480
tasks worker advances=124544
tasks worker advances=124608
tasks worker advances=124672
tasks worker advances=124736
tasks worker advances=124800
tasks worker advances=124864
tasks worker advances=124928
tasks worker advances=124992
tasks worker advances=125056
scriptPoll: alive (log=35310 bytes, expect=interop-relay-done, matched=false)
timer heartbeat ticks=60 irq=60 poll=0
tasks worker advances=125120
tasks worker advances=127296
tasks worker advances=127360
tasks worker advances=127424
tasks worker advances=127488
tasks worker advances=127552
tasks worker advances=127616
tasks worker advances=127680
tasks worker advances=127744
tasks worker advances=127808
tasks worker advances=127872
tasks worker advances=127936
tasks worker advances=128000
tasks worker advances=128064
tasks worker advances=128128
tasks worker advances=128192
tasks worker advances=128256
tasks worker advances=128320
tasks worker advances=128384
tasks worker advances=128448
tasks worker advances=128512
tasks worker advances=128576
tasks worker advances=128640
tasks worker advances=128704
tasks worker advances=128768
tasks worker advances=128832
tasks worker advances=128896
tasks worker advances=128960
tasks worker advances=129024
tasks worker advances=129088
tasks worker advances=129152
tasks worker advances=129216
tasks worker advances=129280
tasks worker advances=129344
tasks worker advances=129408
tasks worker advances=131520
tasks worker advances=131584
tasks worker advances=131648
tasks worker advances=131712
tasks worker advances=131776
tasks worker advances=131840
tasks worker advances=131904
tasks worker advances=131968
tasks worker advances=132032
tasks worker advances=132096
tasks worker advances=132160
tasks worker advances=132224
tasks worker advances=132288
tasks worker advances=132352
tasks worker advances=132416
tasks worker advances=132480
tasks worker advances=132544
tasks worker advances=132608
tasks worker advances=132672
tasks worker advances=132736
tasks worker advances=132800
tasks worker advances=132864
tasks worker advances=132928
tasks worker advances=132992
tasks worker advances=133056
tasks worker advances=133120
tasks worker advances=133184
tasks worker advances=133248
tasks worker advances=133312
tasks worker advances=133376
tasks worker advances=133440
tasks worker advances=133504
tasks worker advances=133568
timer heartbeat ticks=65 irq=65 poll=0
tasks worker advances=133632
tasks worker advances=135744
tasks worker advances=135808
tasks worker advances=135872
tasks worker advances=135936
tasks worker advances=136000
tasks worker advances=136064
tasks worker advances=136128
tasks worker advances=136192
tasks worker advances=136256
tasks worker advances=136320
tasks worker advances=136384
tasks worker advances=136448
tasks worker advances=136512
tasks worker advances=136576
tasks worker advances=136640
tasks worker advances=136704
tasks worker advances=136768
tasks worker advances=136832
tasks worker advances=136896
tasks worker advances=136960
tasks worker advances=137024
tasks worker advances=137088
tasks worker advances=137152
tasks worker advances=137216
tasks worker advances=137280
tasks worker advances=137344
tasks worker advances=137408
tasks worker advances=137472
tasks worker advances=137536
tasks worker advances=137600
tasks worker advances=137664
tasks worker advances=137728
tasks worker advances=137792
tasks worker advances=137856
tasks worker advances=140032
tasks worker advances=140096
tasks worker advances=140160
tasks worker advances=140224
tasks worker advances=140288
tasks worker advances=140352
tasks worker advances=140416
tasks worker advances=140480
tasks worker advances=140544
tasks worker advances=140608
tasks worker advances=140672
tasks worker advances=140736
tasks worker advances=140800
tasks worker advances=140864
tasks worker advances=140928
tasks worker advances=140992
tasks worker advances=141056
tasks worker advances=141120
tasks worker advances=141184
tasks worker advances=141248
tasks worker advances=141312
tasks worker advances=141376
tasks worker advances=141440
tasks worker advances=141504
tasks worker advances=141568
tasks worker advances=141632
tasks worker advances=141696
tasks worker advances=141760
tasks worker advances=141824
tasks worker advances=141888
tasks worker advances=141952
tasks worker advances=142016
tasks worker advances=142080
tasks worker advances=142144
tasks worker advances=144256
tasks worker advances=144320
tasks worker advances=144384
tasks worker advances=144448
tasks worker advances=144512
tasks worker advances=144576
tasks worker advances=144640
tasks worker advances=144704
tasks worker advances=144768
tasks worker advances=144832
tasks worker advances=144896
tasks worker advances=144960
tasks worker advances=145024
tasks worker advances=145088
tasks worker advances=145152
tasks worker advances=145216
tasks worker advances=145280
tasks worker advances=145344
tasks worker advances=145408
tasks worker advances=145472
tasks worker advances=145536
tasks worker advances=145600
tasks worker advances=145664
tasks worker advances=145728
tasks worker advances=145792
tasks worker advances=145856
tasks worker advances=145920
tasks worker advances=145984
tasks worker advances=146048
tasks worker advances=146112
tasks worker advances=146176
tasks worker advances=146240
tasks worker advances=146304
timer heartbeat ticks=70 irq=70 poll=0
tasks worker advances=146368
tasks worker advances=148544
tasks worker advances=148608
tasks worker advances=148672
tasks worker advances=148736
tasks worker advances=148800
tasks worker advances=148864
tasks worker advances=148928
tasks worker advances=148992
tasks worker advances=149056
tasks worker advances=149120
tasks worker advances=149184
tasks worker advances=149248
tasks worker advances=149312
tasks worker advances=149376
tasks worker advances=149440
tasks worker advances=149504
tasks worker advances=149568
tasks worker advances=149632
tasks worker advances=149696
tasks worker advances=149760
tasks worker advances=149824
tasks worker advances=149888
tasks worker advances=149952
tasks worker advances=150016
tasks worker advances=150080
tasks worker advances=150144
tasks worker advances=150208
tasks worker advances=150272
tasks worker advances=150336
tasks worker advances=150400
tasks worker advances=150464
tasks worker advances=150528
tasks worker advances=150592
tasks worker advances=150656
tasks worker advances=152768
tasks worker advances=152832
tasks worker advances=152896
tasks worker advances=152960
tasks worker advances=153024
tasks worker advances=153088
tasks worker advances=153152
tasks worker advances=153216
tasks worker advances=153280
tasks worker advances=153344
tasks worker advances=153408
tasks worker advances=153472
tasks worker advances=153536
tasks worker advances=153600
tasks worker advances=153664
tasks worker advances=153728
tasks worker advances=153792
tasks worker advances=153856
tasks worker advances=153920
tasks worker advances=153984
tasks worker advances=154048
tasks worker advances=154112
tasks worker advances=154176
tasks worker advances=154240
tasks worker advances=154304
tasks worker advances=154368
tasks worker advances=154432
tasks worker advances=154496
tasks worker advances=154560
tasks worker advances=154624
tasks worker advances=154688
tasks worker advances=154752
tasks worker advances=154816
tasks worker advances=154880
timer heartbeat ticks=75 irq=75 poll=0
tasks worker advances=154944
tasks worker advances=157056
tasks worker advances=157120
tasks worker advances=157184
tasks worker advances=157248
tasks worker advances=157312
tasks worker advances=157376
tasks worker advances=157440
tasks worker advances=157504
tasks worker advances=157568
tasks worker advances=157632
tasks worker advances=157696
tasks worker advances=157760
tasks worker advances=157824
tasks worker advances=157888
tasks worker advances=157952
tasks worker advances=158016
tasks worker advances=158080
tasks worker advances=158144
tasks worker advances=158208
tasks worker advances=158272
tasks worker advances=158336
tasks worker advances=158400
tasks worker advances=158464
tasks worker advances=158528
tasks worker advances=158592
tasks worker advances=158656
tasks worker advances=158720
tasks worker advances=158784
tasks worker advances=158848
tasks worker advances=158912
tasks worker advances=158976
tasks worker advances=159040
tasks worker advances=159104
tasks worker advances=159168
tasks worker advances=159232
tasks worker advances=161344
tasks worker advances=161408
tasks worker advances=161472
tasks worker advances=161536
tasks worker advances=161600
tasks worker advances=161664
tasks worker advances=161728
tasks worker advances=161792
tasks worker advances=161856
tasks worker advances=161920
tasks worker advances=161984
tasks worker advances=162048
tasks worker advances=162112
tasks worker advances=162176
tasks worker advances=162240
tasks worker advances=162304
tasks worker advances=162368
tasks worker advances=162432
tasks worker advances=162496
tasks worker advances=162560
tasks worker advances=162624
tasks worker advances=162688
tasks worker advances=162752
tasks worker advances=162816
tasks worker advances=162880
tasks worker advances=162944
tasks worker advances=163008
tasks worker advances=163072
tasks worker advances=163136
tasks worker advances=163200
tasks worker advances=163264
tasks worker advances=163328
tasks worker advances=163392
tasks worker advances=163456
tasks worker advances=165632
tasks worker advances=165696
tasks worker advances=165760
tasks worker advances=165824
tasks worker advances=165888
tasks worker advances=165952
tasks worker advances=166016
tasks worker advances=166080
tasks worker advances=166144
tasks worker advances=166208
tasks worker advances=166272
tasks worker advances=166336
tasks worker advances=166400
tasks worker advances=166464
tasks worker advances=166528
tasks worker advances=166592
tasks worker advances=166656
tasks worker advances=166720
tasks worker advances=166784
tasks worker advances=166848
tasks worker advances=166912
tasks worker advances=166976
tasks worker advances=167040
tasks worker advances=167104
tasks worker advances=167168
tasks worker advances=167232
tasks worker advances=167296
tasks worker advances=167360
tasks worker advances=167424
tasks worker advances=167488
tasks worker advances=167552
tasks worker advances=167616
tasks worker advances=167680
timer heartbeat ticks=80 irq=80 poll=0
tasks worker advances=167744
tasks worker advances=169920
tasks worker advances=169984
tasks worker advances=170048
tasks worker advances=170112
tasks worker advances=170176
tasks worker advances=170240
tasks worker advances=170304
tasks worker advances=170368
tasks worker advances=170432
tasks worker advances=170496
tasks worker advances=170560
tasks worker advances=170624
tasks worker advances=170688
tasks worker advances=170752
tasks worker advances=170816
tasks worker advances=170880
tasks worker advances=170944
tasks worker advances=171008
tasks worker advances=171072
tasks worker advances=171136
tasks worker advances=171200
tasks worker advances=171264
tasks worker advances=171328
tasks worker advances=171392
tasks worker advances=171456
tasks worker advances=171520
tasks worker advances=171584
tasks worker advances=171648
tasks worker advances=171712
tasks worker advances=171776
tasks worker advances=171840
tasks worker advances=171904
tasks worker advances=171968
tasks worker advances=172032
tasks worker advances=174144
tasks worker advances=174208
tasks worker advances=174272
tasks worker advances=174336
tasks worker advances=174400
tasks worker advances=174464
tasks worker advances=174528
tasks worker advances=174592
tasks worker advances=174656
tasks worker advances=174720
tasks worker advances=174784
tasks worker advances=174848
tasks worker advances=174912
tasks worker advances=174976
tasks worker advances=175040
tasks worker advances=175104
tasks worker advances=175168
tasks worker advances=175232
tasks worker advances=175296
tasks worker advances=175360
tasks worker advances=175424
tasks worker advances=175488
tasks worker advances=175552
tasks worker advances=175616
tasks worker advances=175680
tasks worker advances=175744
tasks worker advances=175808
tasks worker advances=175872
tasks worker advances=175936
tasks worker advances=176000
tasks worker advances=176064
tasks worker advances=176128
tasks worker advances=176192
timer heartbeat ticks=85 irq=85 poll=0
tasks worker advances=176256
tasks worker advances=178432
tasks worker advances=178496
tasks worker advances=178560
tasks worker advances=178624
tasks worker advances=178688
tasks worker advances=178752
tasks worker advances=178816
tasks worker advances=178880
tasks worker advances=178944
tasks worker advances=179008
tasks worker advances=179072
tasks worker advances=179136
tasks worker advances=179200
tasks worker advances=179264
tasks worker advances=179328
tasks worker advances=179392
tasks worker advances=179456
tasks worker advances=179520
tasks worker advances=179584
tasks worker advances=179648
tasks worker advances=179712
tasks worker advances=179776
tasks worker advances=179840
tasks worker advances=179904
tasks worker advances=179968
tasks worker advances=180032
tasks worker advances=180096
tasks worker advances=180160
tasks worker advances=180224
tasks worker advances=180288
tasks worker advances=180352
tasks worker advances=180416
tasks worker advances=180480
tasks worker advances=180544
tasks worker advances=182656
tasks worker advances=182720
tasks worker advances=182784
tasks worker advances=182848
tasks worker advances=182912
tasks worker advances=182976
tasks worker advances=183040
tasks worker advances=183104
tasks worker advances=183168
tasks worker advances=183232
tasks worker advances=183296
tasks worker advances=183360
tasks worker advances=183424
tasks worker advances=183488
tasks worker advances=183552
tasks worker advances=183616
tasks worker advances=183680
tasks worker advances=183744
tasks worker advances=183808
tasks worker advances=183872
tasks worker advances=183936
tasks worker advances=184000
tasks worker advances=184064
tasks worker advances=184128
tasks worker advances=184192
tasks worker advances=184256
tasks worker advances=184320
tasks worker advances=184384
tasks worker advances=184448
tasks worker advances=184512
tasks worker advances=184576
tasks worker advances=184640
tasks worker advances=184704
tasks worker advances=184768
tasks worker advances=186944
tasks worker advances=187008
tasks worker advances=187072
tasks worker advances=187136
tasks worker advances=187200
tasks worker advances=187264
tasks worker advances=187328
tasks worker advances=187392
tasks worker advances=187456
tasks worker advances=187520
tasks worker advances=187584
tasks worker advances=187648
tasks worker advances=187712
tasks worker advances=187776
tasks worker advances=187840
tasks worker advances=187904
tasks worker advances=187968
tasks worker advances=188032
tasks worker advances=188096
tasks worker advances=188160
tasks worker advances=188224
tasks worker advances=188288
tasks worker advances=188352
tasks worker advances=188416
tasks worker advances=188480
tasks worker advances=188544
tasks worker advances=188608
tasks worker advances=188672
tasks worker advances=188736
tasks worker advances=188800
tasks worker advances=188864
tasks worker advances=188928
tasks worker advances=188992
scriptPoll: alive (log=50392 bytes, expect=interop-relay-done, matched=false)
timer heartbeat ticks=90 irq=90 poll=0
tasks worker advances=189056
tasks worker advances=191168
tasks worker advances=191232
tasks worker advances=191296
tasks worker advances=191360
tasks worker advances=191424
tasks worker advances=191488
tasks worker advances=191552
tasks worker advances=191616
tasks worker advances=191680
tasks worker advances=191744
tasks worker advances=191808
tasks worker advances=191872
tasks worker advances=191936
tasks worker advances=192000
tasks worker advances=192064
tasks worker advances=192128
tasks worker advances=192192
tasks worker advances=192256
tasks worker advances=192320
tasks worker advances=192384
tasks worker advances=192448
tasks worker advances=192512
tasks worker advances=192576
tasks worker advances=192640
tasks worker advances=192704
tasks worker advances=192768
tasks worker advances=192832
tasks worker advances=192896
tasks worker advances=192960
tasks worker advances=193024
tasks worker advances=193088
tasks worker advances=193152
tasks worker advances=193216
tasks worker advances=193280
tasks worker advances=195392
tasks worker advances=195456
tasks worker advances=195520
tasks worker advances=195584
tasks worker advances=195648
tasks worker advances=195712
tasks worker advances=195776
tasks worker advances=195840
tasks worker advances=195904
tasks worker advances=195968
tasks worker advances=196032
tasks worker advances=196096
tasks worker advances=196160
tasks worker advances=196224
tasks worker advances=196288
tasks worker advances=196352
tasks worker advances=196416
tasks worker advances=196480
tasks worker advances=196544
tasks worker advances=196608
tasks worker advances=196672
tasks worker advances=196736
tasks worker advances=196800
tasks worker advances=196864
tasks worker advances=196928
tasks worker advances=196992
tasks worker advances=197056
tasks worker advances=197120
tasks worker advances=197184
tasks worker advances=197248
tasks worker advances=197312
tasks worker advances=197376
tasks worker advances=197440
timer heartbeat ticks=95 irq=95 poll=0
tasks worker advances=197504
tasks worker advances=199552
tasks worker advances=199616
tasks worker advances=199680
tasks worker advances=199744
tasks worker advances=199808
tasks worker advances=199872
tasks worker advances=199936
tasks worker advances=200000
tasks worker advances=200064
tasks worker advances=200128
tasks worker advances=200192
tasks worker advances=200256
tasks worker advances=200320
tasks worker advances=200384
tasks worker advances=200448
tasks worker advances=200512
tasks worker advances=200576
tasks worker advances=200640
tasks worker advances=200704
tasks worker advances=200768
tasks worker advances=200832
tasks worker advances=200896
tasks worker advances=200960
tasks worker advances=201024
tasks worker advances=201088
tasks worker advances=201152
tasks worker advances=201216
tasks worker advances=201280
tasks worker advances=201344
tasks worker advances=201408
tasks worker advances=201472
tasks worker advances=201536
tasks worker advances=201600
tasks worker advances=201664
tasks worker advances=203776
tasks worker advances=203840
tasks worker advances=203904
tasks worker advances=203968
tasks worker advances=204032
tasks worker advances=204096
tasks worker advances=204160
tasks worker advances=204224
tasks worker advances=204288
tasks worker advances=204352
tasks worker advances=204416
tasks worker advances=204480
tasks worker advances=204544
tasks worker advances=204608
tasks worker advances=204672
tasks worker advances=204736
tasks worker advances=204800
tasks worker advances=204864
tasks worker advances=204928
tasks worker advances=204992
tasks worker advances=205056
tasks worker advances=205120
tasks worker advances=205184
tasks worker advances=205248
tasks worker advances=205312
tasks worker advances=205376
tasks worker advances=205440
tasks worker advances=205504
tasks worker advances=205568
tasks worker advances=205632
tasks worker advances=205696
tasks worker advances=205760
tasks worker advances=205824
tasks worker advances=207936
tasks worker advances=208000
tasks worker advances=208064
tasks worker advances=208128
tasks worker advances=208192
tasks worker advances=208256
tasks worker advances=208320
tasks worker advances=208384
tasks worker advances=208448
tasks worker advances=208512
tasks worker advances=208576
tasks worker advances=208640
tasks worker advances=208704
tasks worker advances=208768
tasks worker advances=208832
tasks worker advances=208896
tasks worker advances=208960
tasks worker advances=209024
tasks worker advances=209088
tasks worker advances=209152
tasks worker advances=209216
tasks worker advances=209280
tasks worker advances=209344
tasks worker advances=209408
tasks worker advances=209472
tasks worker advances=209536
tasks worker advances=209600
tasks worker advances=209664
tasks worker advances=209728
tasks worker advances=209792
tasks worker advances=209856
tasks worker advances=209920
tasks worker advances=209984
timer heartbeat ticks=100 irq=100 poll=0
tasks worker advances=210048
tasks worker advances=212160
tasks worker advances=212224
tasks worker advances=212288
tasks worker advances=212352
tasks worker advances=212416
tasks worker advances=212480
tasks worker advances=212544
tasks worker advances=212608
tasks worker advances=212672
tasks worker advances=212736
tasks worker advances=212800
tasks worker advances=212864
tasks worker advances=212928
tasks worker advances=212992
tasks worker advances=213056
tasks worker advances=213120
tasks worker advances=213184
tasks worker advances=213248
tasks worker advances=213312
tasks worker advances=213376
tasks worker advances=213440
tasks worker advances=213504
tasks worker advances=213568
tasks worker advances=213632
tasks worker advances=213696
tasks worker advances=213760
tasks worker advances=213824
tasks worker advances=213888
tasks worker advances=213952
tasks worker advances=214016
tasks worker advances=214080
tasks worker advances=214144
tasks worker advances=214208
tasks worker advances=214272
tasks worker advances=216384
tasks worker advances=216448
tasks worker advances=216512
tasks worker advances=216576
tasks worker advances=216640
tasks worker advances=216704
tasks worker advances=216768
tasks worker advances=216832
tasks worker advances=216896
tasks worker advances=216960
tasks worker advances=217024
tasks worker advances=217088
tasks worker advances=217152
tasks worker advances=217216
tasks worker advances=217280
tasks worker advances=217344
tasks worker advances=217408
tasks worker advances=217472
tasks worker advances=217536
tasks worker advances=217600
tasks worker advances=217664
tasks worker advances=217728
tasks worker advances=217792
tasks worker advances=217856
tasks worker advances=217920
tasks worker advances=217984
tasks worker advances=218048
tasks worker advances=218112
tasks worker advances=218176
tasks worker advances=218240
tasks worker advances=218304
tasks worker advances=218368
tasks worker advances=218432
timer heartbeat ticks=105 irq=105 poll=0
tasks worker advances=218496
tasks worker advances=220544
tasks worker advances=220608
tasks worker advances=220672
tasks worker advances=220736
tasks worker advances=220800
tasks worker advances=220864
tasks worker advances=220928
tasks worker advances=220992
tasks worker advances=221056
tasks worker advances=221120
tasks worker advances=221184
tasks worker advances=221248
tasks worker advances=221312
tasks worker advances=221376
tasks worker advances=221440
tasks worker advances=221504
tasks worker advances=221568
tasks worker advances=221632
tasks worker advances=221696
tasks worker advances=221760
tasks worker advances=221824
tasks worker advances=221888
tasks worker advances=221952
tasks worker advances=222016
tasks worker advances=222080
tasks worker advances=222144
tasks worker advances=222208
tasks worker advances=222272
tasks worker advances=222336
tasks worker advances=222400
tasks worker advances=222464
tasks worker advances=222528
tasks worker advances=224512
tasks worker advances=224576
tasks worker advances=224640
tasks worker advances=224704
tasks worker advances=224768
tasks worker advances=224832
tasks worker advances=224896
tasks worker advances=224960
tasks worker advances=225024
tasks worker advances=225088
tasks worker advances=225152
tasks worker advances=225216
tasks worker advances=225280
tasks worker advances=225344
tasks worker advances=225408
tasks worker advances=225472
tasks worker advances=225536
tasks worker advances=225600
tasks worker advances=225664
tasks worker advances=225728
tasks worker advances=225792
tasks worker advances=225856
tasks worker advances=225920
tasks worker advances=225984
tasks worker advances=226048
tasks worker advances=226112
tasks worker advances=226176
tasks worker advances=226240
tasks worker advances=226304
tasks worker advances=226368
tasks worker advances=226432
tasks worker advances=228480
tasks worker advances=228544
tasks worker advances=228608
tasks worker advances=228672
tasks worker advances=228736
tasks worker advances=228800
tasks worker advances=228864
tasks worker advances=228928
tasks worker advances=228992
tasks worker advances=229056
tasks worker advances=229120
tasks worker advances=229184
tasks worker advances=229248
tasks worker advances=229312
tasks worker advances=229376
tasks worker advances=229440
tasks worker advances=229504
tasks worker advances=229568
tasks worker advances=229632
tasks worker advances=229696
tasks worker advances=229760
tasks worker advances=229824
tasks worker advances=229888
tasks worker advances=229952
tasks worker advances=230016
tasks worker advances=230080
tasks worker advances=230144
tasks worker advances=230208
tasks worker advances=230272
tasks worker advances=230336
timer heartbeat ticks=110 irq=110 poll=0
tasks worker advances=230400
tasks worker advances=232448
tasks worker advances=232512
tasks worker advances=232576
tasks worker advances=232640
tasks worker advances=232704
tasks worker advances=232768
tasks worker advances=232832
tasks worker advances=232896
tasks worker advances=232960
tasks worker advances=233024
tasks worker advances=233088
tasks worker advances=233152
tasks worker advances=233216
tasks worker advances=233280
tasks worker advances=233344
tasks worker advances=233408
tasks worker advances=233472
tasks worker advances=233536
tasks worker advances=233600
tasks worker advances=233664
tasks worker advances=233728
tasks worker advances=233792
tasks worker advances=233856
tasks worker advances=233920
tasks worker advances=233984
tasks worker advances=234048
tasks worker advances=234112
tasks worker advances=234176
tasks worker advances=234240
tasks worker advances=234304
tasks worker advances=234368
tasks worker advances=234432
tasks worker advances=234496
tasks worker advances=234560
tasks worker advances=236608
tasks worker advances=236672
tasks worker advances=236736
tasks worker advances=236800
tasks worker advances=236864
tasks worker advances=236928
tasks worker advances=236992
tasks worker advances=237056
tasks worker advances=237120
tasks worker advances=237184
tasks worker advances=237248
tasks worker advances=237312
tasks worker advances=237376
tasks worker advances=237440
tasks worker advances=237504
tasks worker advances=237568
tasks worker advances=237632
tasks worker advances=237696
tasks worker advances=237760
tasks worker advances=237824
tasks worker advances=237888
tasks worker advances=237952
tasks worker advances=238016
tasks worker advances=238080
tasks worker advances=238144
tasks worker advances=238208
tasks worker advances=238272
tasks worker advances=238336
tasks worker advances=238400
tasks worker advances=238464
tasks worker advances=238528
tasks worker advances=238592
timer heartbeat ticks=115 irq=115 poll=0
tasks worker advances=238656
tasks worker advances=240704
tasks worker advances=240768
tasks worker advances=240832
tasks worker advances=240896
tasks worker advances=240960
tasks worker advances=241024
tasks worker advances=241088
tasks worker advances=241152
tasks worker advances=241216
tasks worker advances=241280
tasks worker advances=241344
tasks worker advances=241408
tasks worker advances=241472
tasks worker advances=241536
tasks worker advances=241600
tasks worker advances=241664
tasks worker advances=241728
tasks worker advances=241792
tasks worker advances=241856
tasks worker advances=241920
tasks worker advances=241984
tasks worker advances=242048
tasks worker advances=242112
tasks worker advances=242176
tasks worker advances=242240
tasks worker advances=242304
tasks worker advances=242368
tasks worker advances=242432
tasks worker advances=242496
tasks worker advances=242560
tasks worker advances=242624
tasks worker advances=242688
tasks worker advances=242752
tasks worker advances=242816
tasks worker advances=244928
tasks worker advances=244992
tasks worker advances=245056
tasks worker advances=245120
tasks worker advances=245184
tasks worker advances=245248
tasks worker advances=245312
tasks worker advances=245376
tasks worker advances=245440
tasks worker advances=245504
tasks worker advances=245568
tasks worker advances=245632
tasks worker advances=245696
tasks worker advances=245760
tasks worker advances=245824
tasks worker advances=245888
tasks worker advances=245952
tasks worker advances=246016
tasks worker advances=246080
tasks worker advances=246144
tasks worker advances=246208
tasks worker advances=246272
tasks worker advances=246336
tasks worker advances=246400
tasks worker advances=246464
tasks worker advances=246528
tasks worker advances=246592
tasks worker advances=246656
tasks worker advances=246720
tasks worker advances=246784
tasks worker advances=246848
tasks worker advances=246912
tasks worker advances=246976
tasks worker advances=249088
tasks worker advances=249152
tasks worker advances=249216
tasks worker advances=249280
tasks worker advances=249344
tasks worker advances=249408
tasks worker advances=249472
tasks worker advances=249536
tasks worker advances=249600
tasks worker advances=249664
tasks worker advances=249728
tasks worker advances=249792
tasks worker advances=249856
tasks worker advances=249920
tasks worker advances=249984
tasks worker advances=250048
tasks worker advances=250112
tasks worker advances=250176
tasks worker advances=250240
tasks worker advances=250304
tasks worker advances=250368
tasks worker advances=250432
tasks worker advances=250496
tasks worker advances=250560
tasks worker advances=250624
tasks worker advances=250688
tasks worker advances=250752
tasks worker advances=250816
tasks worker advances=250880
tasks worker advances=250944
tasks worker advances=251008
tasks worker advances=251072
tasks worker advances=251136
scriptPoll: alive (log=65105 bytes, expect=interop-relay-done, matched=false)
timer heartbeat ticks=120 irq=120 poll=0
tasks worker advances=251200
tasks worker advances=253312
tasks worker advances=253376
tasks worker advances=253440
tasks worker advances=253504
tasks worker advances=253568
tasks worker advances=253632
tasks worker advances=253696
tasks worker advances=253760
tasks worker advances=253824
tasks worker advances=253888
tasks worker advances=253952
tasks worker advances=254016
tasks worker advances=254080
tasks worker advances=254144
tasks worker advances=254208
tasks worker advances=254272
tasks worker advances=254336
tasks worker advances=254400
tasks worker advances=254464
tasks worker advances=254528
tasks worker advances=254592
tasks worker advances=254656
tasks worker advances=254720
tasks worker advances=254784
tasks worker advances=254848
tasks worker advances=254912
tasks worker advances=254976
tasks worker advances=255040
tasks worker advances=255104
tasks worker advances=255168
tasks worker advances=255232
tasks worker advances=255296
tasks worker advances=255360
tasks worker advances=255424
tasks worker advances=257536
tasks worker advances=257600
tasks worker advances=257664
tasks worker advances=257728
tasks worker advances=257792
tasks worker advances=257856
tasks worker advances=257920
tasks worker advances=257984
tasks worker advances=258048
tasks worker advances=258112
tasks worker advances=258176
tasks worker advances=258240
tasks worker advances=258304
tasks worker advances=258368
tasks worker advances=258432
tasks worker advances=258496
tasks worker advances=258560
tasks worker advances=258624
tasks worker advances=258688
tasks worker advances=258752
tasks worker advances=258816
tasks worker advances=258880
tasks worker advances=258944
tasks worker advances=259008
tasks worker advances=259072
tasks worker advances=259136
tasks worker advances=259200
tasks worker advances=259264
tasks worker advances=259328
tasks worker advances=259392
tasks worker advances=259456
tasks worker advances=259520
tasks worker advances=259584
timer heartbeat ticks=125 irq=125 poll=0
tasks worker advances=259648
tasks worker advances=261760
tasks worker advances=261824
tasks worker advances=261888
tasks worker advances=261952
tasks worker advances=262016
tasks worker advances=262080
tasks worker advances=262144
tasks worker advances=262208
tasks worker advances=262272
tasks worker advances=262336
tasks worker advances=262400
tasks worker advances=262464
tasks worker advances=262528
tasks worker advances=262592
tasks worker advances=262656
tasks worker advances=262720
tasks worker advances=262784
tasks worker advances=262848
tasks worker advances=262912
tasks worker advances=262976
tasks worker advances=263040
tasks worker advances=263104
tasks worker advances=263168
tasks worker advances=263232
tasks worker advances=263296
tasks worker advances=263360
tasks worker advances=263424
tasks worker advances=263488
tasks worker advances=263552
tasks worker advances=263616
tasks worker advances=263680
tasks worker advances=263744
tasks worker advances=263808
tasks worker advances=263872
tasks worker advances=265984
tasks worker advances=266048
tasks worker advances=266112
tasks worker advances=266176
tasks worker advances=266240
tasks worker advances=266304
tasks worker advances=266368
tasks worker advances=266432
tasks worker advances=266496
tasks worker advances=266560
tasks worker advances=266624
tasks worker advances=266688
tasks worker advances=266752
tasks worker advances=266816
tasks worker advances=266880
tasks worker advances=266944
tasks worker advances=267008
tasks worker advances=267072
tasks worker advances=267136
tasks worker advances=267200
tasks worker advances=267264
tasks worker advances=267328
tasks worker advances=267392
tasks worker advances=267456
tasks worker advances=267520
tasks worker advances=267584
tasks worker advances=267648
tasks worker advances=267712
tasks worker advances=267776
tasks worker advances=267840
tasks worker advances=267904
tasks worker advances=267968
tasks worker advances=268032
tasks worker advances=268096
tasks worker advances=270272
tasks worker advances=270336
tasks worker advances=270400
tasks worker advances=270464
tasks worker advances=270528
tasks worker advances=270592
tasks worker advances=270656
tasks worker advances=270720
tasks worker advances=270784
tasks worker advances=270848
tasks worker advances=270912
tasks worker advances=270976
tasks worker advances=271040
tasks worker advances=271104
tasks worker advances=271168
tasks worker advances=271232
tasks worker advances=271296
tasks worker advances=271360
tasks worker advances=271424
tasks worker advances=271488
tasks worker advances=271552
tasks worker advances=271616
tasks worker advances=271680
tasks worker advances=271744
tasks worker advances=271808
tasks worker advances=271872
tasks worker advances=271936
tasks worker advances=272000
tasks worker advances=272064
tasks worker advances=272128
tasks worker advances=272192
tasks worker advances=272256
tasks worker advances=272320
timer heartbeat ticks=130 irq=130 poll=0
tasks worker advances=272384
tasks worker advances=274496
tasks worker advances=274560
tasks worker advances=274624
tasks worker advances=274688
tasks worker advances=274752
tasks worker advances=274816
tasks worker advances=274880
tasks worker advances=274944
tasks worker advances=275008
tasks worker advances=275072
tasks worker advances=275136
tasks worker advances=275200
tasks worker advances=275264
tasks worker advances=275328
tasks worker advances=275392
tasks worker advances=275456
tasks worker advances=275520
tasks worker advances=275584
tasks worker advances=275648
tasks worker advances=275712
tasks worker advances=275776
tasks worker advances=275840
tasks worker advances=275904
tasks worker advances=275968
tasks worker advances=276032
tasks worker advances=276096
tasks worker advances=276160
tasks worker advances=276224
tasks worker advances=276288
tasks worker advances=276352
tasks worker advances=276416
tasks worker advances=276480
tasks worker advances=276544
tasks worker advances=276608
tasks worker advances=278720
tasks worker advances=278784
tasks worker advances=278848
tasks worker advances=278912
tasks worker advances=278976
tasks worker advances=279040
tasks worker advances=279104
tasks worker advances=279168
tasks worker advances=279232
tasks worker advances=279296
tasks worker advances=279360
tasks worker advances=279424
tasks worker advances=279488
tasks worker advances=279552
tasks worker advances=279616
tasks worker advances=279680
tasks worker advances=279744
tasks worker advances=279808
tasks worker advances=279872
tasks worker advances=279936
tasks worker advances=280000
tasks worker advances=280064
tasks worker advances=280128
tasks worker advances=280192
tasks worker advances=280256
tasks worker advances=280320
tasks worker advances=280384
tasks worker advances=280448
tasks worker advances=280512
tasks worker advances=280576
tasks worker advances=280640
tasks worker advances=280704
tasks worker advances=280768
timer heartbeat ticks=135 irq=135 poll=0
tasks worker advances=280832
tasks worker advances=283008
tasks worker advances=283072
tasks worker advances=283136
tasks worker advances=283200
tasks worker advances=283264
tasks worker advances=283328
tasks worker advances=283392
tasks worker advances=283456
tasks worker advances=283520
tasks worker advances=283584
tasks worker advances=283648
tasks worker advances=283712
tasks worker advances=283776
tasks worker advances=283840
tasks worker advances=283904
tasks worker advances=283968
tasks worker advances=284032
tasks worker advances=284096
tasks worker advances=284160
tasks worker advances=284224
tasks worker advances=284288
tasks worker advances=284352
tasks worker advances=284416
tasks worker advances=284480
tasks worker advances=284544
tasks worker advances=284608
tasks worker advances=284672
tasks worker advances=284736
tasks worker advances=284800
tasks worker advances=284864
tasks worker advances=284928
tasks worker advances=284992
tasks worker advances=285056
tasks worker advances=285120
tasks worker advances=287232
tasks worker advances=287296
tasks worker advances=287360
tasks worker advances=287424
tasks worker advances=287488
tasks worker advances=287552
tasks worker advances=287616
tasks worker advances=287680
tasks worker advances=287744
tasks worker advances=287808
tasks worker advances=287872
tasks worker advances=287936
tasks worker advances=288000
tasks worker advances=288064
tasks worker advances=288128
tasks worker advances=288192
tasks worker advances=288256
tasks worker advances=288320
tasks worker advances=288384
tasks worker advances=288448
tasks worker advances=288512
tasks worker advances=288576
tasks worker advances=288640
tasks worker advances=288704
tasks worker advances=288768
tasks worker advances=288832
tasks worker advances=288896
tasks worker advances=288960
tasks worker advances=289024
tasks worker advances=289088
tasks worker advances=289152
tasks worker advances=289216
tasks worker advances=289280
tasks worker advances=291456
tasks worker advances=291520
tasks worker advances=291584
tasks worker advances=291648
tasks worker advances=291712
tasks worker advances=291776
tasks worker advances=291840
tasks worker advances=291904
tasks worker advances=291968
tasks worker advances=292032
tasks worker advances=292096
tasks worker advances=292160
tasks worker advances=292224
tasks worker advances=292288
tasks worker advances=292352
tasks worker advances=292416
tasks worker advances=292480
tasks worker advances=292544
tasks worker advances=292608
tasks worker advances=292672
tasks worker advances=292736
tasks worker advances=292800
tasks worker advances=292864
tasks worker advances=292928
tasks worker advances=292992
tasks worker advances=293056
tasks worker advances=293120
tasks worker advances=293184
tasks worker advances=293248
tasks worker advances=293312
tasks worker advances=293376
tasks worker advances=293440
tasks worker advances=293504
timer heartbeat ticks=140 irq=140 poll=0
tasks worker advances=293568
tasks worker advances=295616
tasks worker advances=295680
tasks worker advances=295744
tasks worker advances=295808
tasks worker advances=295872
tasks worker advances=295936
tasks worker advances=296000
tasks worker advances=296064
tasks worker advances=296128
tasks worker advances=296192
tasks worker advances=296256
tasks worker advances=296320
tasks worker advances=296384
tasks worker advances=296448
tasks worker advances=296512
tasks worker advances=296576
tasks worker advances=296640
tasks worker advances=296704
tasks worker advances=296768
tasks worker advances=296832
tasks worker advances=296896
tasks worker advances=296960
tasks worker advances=297024
tasks worker advances=297088
tasks worker advances=297152
tasks worker advances=297216
tasks worker advances=297280
tasks worker advances=297344
tasks worker advances=297408
tasks worker advances=297472
tasks worker advances=297536
tasks worker advances=297600
tasks worker advances=297664
tasks worker advances=297728
tasks worker advances=299840
tasks worker advances=299904
tasks worker advances=299968
tasks worker advances=300032
tasks worker advances=300096
tasks worker advances=300160
tasks worker advances=300224
tasks worker advances=300288
tasks worker advances=300352
tasks worker advances=300416
tasks worker advances=300480
tasks worker advances=300544
tasks worker advances=300608
tasks worker advances=300672
tasks worker advances=300736
tasks worker advances=300800
tasks worker advances=300864
tasks worker advances=300928
tasks worker advances=300992
tasks worker advances=301056
tasks worker advances=301120
tasks worker advances=301184
tasks worker advances=301248
tasks worker advances=301312
tasks worker advances=301376
tasks worker advances=301440
tasks worker advances=301504
tasks worker advances=301568
tasks worker advances=301632
tasks worker advances=301696
tasks worker advances=301760
tasks worker advances=301824
tasks worker advances=301888
timer heartbeat ticks=145 irq=145 poll=0
tasks worker advances=301952
tasks worker advances=304128
tasks worker advances=304192
tasks worker advances=304256
tasks worker advances=304320
tasks worker advances=304384
tasks worker advances=304448
tasks worker advances=304512
tasks worker advances=304576
tasks worker advances=304640
tasks worker advances=304704
tasks worker advances=304768
tasks worker advances=304832
tasks worker advances=304896
tasks worker advances=304960
tasks worker advances=305024
tasks worker advances=305088
tasks worker advances=305152
tasks worker advances=305216
tasks worker advances=305280
tasks worker advances=305344
tasks worker advances=305408
tasks worker advances=305472
tasks worker advances=305536
tasks worker advances=305600
tasks worker advances=305664
tasks worker advances=305728
tasks worker advances=305792
tasks worker advances=305856
tasks worker advances=305920
tasks worker advances=305984
tasks worker advances=306048
tasks worker advances=306112
tasks worker advances=306176
tasks worker advances=306240
tasks worker advances=308352
tasks worker advances=308416
tasks worker advances=308480
tasks worker advances=308544
tasks worker advances=308608
tasks worker advances=308672
tasks worker advances=308736
tasks worker advances=308800
tasks worker advances=308864
tasks worker advances=308928
tasks worker advances=308992
tasks worker advances=309056
tasks worker advances=309120
tasks worker advances=309184
tasks worker advances=309248
tasks worker advances=309312
tasks worker advances=309376
tasks worker advances=309440
tasks worker advances=309504
tasks worker advances=309568
tasks worker advances=309632
tasks worker advances=309696
tasks worker advances=309760
tasks worker advances=309824
tasks worker advances=309888
tasks worker advances=309952
tasks worker advances=310016
tasks worker advances=310080
tasks worker advances=310144
tasks worker advances=310208
tasks worker advances=310272
tasks worker advances=310336
tasks worker advances=312448
tasks worker advances=312512
tasks worker advances=312576
tasks worker advances=312640
tasks worker advances=312704
tasks worker advances=312768
tasks worker advances=312832
tasks worker advances=312896
tasks worker advances=312960
tasks worker advances=313024
tasks worker advances=313088
tasks worker advances=313152
tasks worker advances=313216
tasks worker advances=313280
tasks worker advances=313344
tasks worker advances=313408
tasks worker advances=313472
tasks worker advances=313536
tasks worker advances=313600
tasks worker advances=313664
tasks worker advances=313728
tasks worker advances=313792
tasks worker advances=313856
tasks worker advances=313920
tasks worker advances=313984
tasks worker advances=314048
tasks worker advances=314112
tasks worker advances=314176
tasks worker advances=314240
tasks worker advances=314304
tasks worker advances=314368
tasks worker advances=314432
tasks worker advances=314496
scriptPoll: alive (log=80054 bytes, expect=interop-relay-done, matched=false)
timer heartbeat ticks=150 irq=150 poll=0
tasks worker advances=314560
tasks worker advances=316672
tasks worker advances=316736
tasks worker advances=316800
tasks worker advances=316864
tasks worker advances=316928
tasks worker advances=316992
tasks worker advances=317056
tasks worker advances=317120
tasks worker advances=317184
tasks worker advances=317248
tasks worker advances=317312
tasks worker advances=317376
tasks worker advances=317440
tasks worker advances=317504
tasks worker advances=317568
tasks worker advances=317632
tasks worker advances=317696
tasks worker advances=317760
tasks worker advances=317824
tasks worker advances=317888
tasks worker advances=317952
tasks worker advances=318016
tasks worker advances=318080
tasks worker advances=318144
tasks worker advances=318208
tasks worker advances=318272
tasks worker advances=318336
tasks worker advances=318400
tasks worker advances=318464
tasks worker advances=318528
tasks worker advances=318592
tasks worker advances=318656
tasks worker advances=318720
tasks worker advances=320768
tasks worker advances=320832
tasks worker advances=320896
tasks worker advances=320960
tasks worker advances=321024
tasks worker advances=321088
tasks worker advances=321152
tasks worker advances=321216
tasks worker advances=321280
tasks worker advances=321344
tasks worker advances=321408
tasks worker advances=321472
tasks worker advances=321536
tasks worker advances=321600
tasks worker advances=321664
tasks worker advances=321728
tasks worker advances=321792
tasks worker advances=321856
tasks worker advances=321920
tasks worker advances=321984
tasks worker advances=322048
tasks worker advances=322112
tasks worker advances=322176
tasks worker advances=322240
tasks worker advances=322304
tasks worker advances=322368
tasks worker advances=322432
tasks worker advances=322496
tasks worker advances=322560
tasks worker advances=322624
tasks worker advances=322688
tasks worker advances=322752
timer heartbeat ticks=155 irq=155 poll=0
tasks worker advances=322816
tasks worker advances=324928
tasks worker advances=324992
tasks worker advances=325056
tasks worker advances=325120
tasks worker advances=325184
tasks worker advances=325248
tasks worker advances=325312
tasks worker advances=325376
tasks worker advances=325440
tasks worker advances=325504
tasks worker advances=325568
tasks worker advances=325632
tasks worker advances=325696
tasks worker advances=325760
tasks worker advances=325824
tasks worker advances=325888
tasks worker advances=325952
tasks worker advances=326016
tasks worker advances=326080
tasks worker advances=326144
tasks worker advances=326208
tasks worker advances=326272
tasks worker advances=326336
tasks worker advances=326400
tasks worker advances=326464
tasks worker advances=326528
tasks worker advances=326592
tasks worker advances=326656
tasks worker advances=326720
tasks worker advances=326784
tasks worker advances=326848
tasks worker advances=326912
tasks worker advances=326976
tasks worker advances=329088
tasks worker advances=329152
tasks worker advances=329216
tasks worker advances=329280
tasks worker advances=329344
tasks worker advances=329408
tasks worker advances=329472
tasks worker advances=329536
tasks worker advances=329600
tasks worker advances=329664
tasks worker advances=329728
tasks worker advances=329792
tasks worker advances=329856
tasks worker advances=329920
tasks worker advances=329984
tasks worker advances=330048
tasks worker advances=330112
tasks worker advances=330176
tasks worker advances=330240
tasks worker advances=330304
tasks worker advances=330368
tasks worker advances=330432
tasks worker advances=330496
tasks worker advances=330560
tasks worker advances=330624
tasks worker advances=330688
tasks worker advances=330752
tasks worker advances=330816
tasks worker advances=330880
tasks worker advances=330944
tasks worker advances=331008
tasks worker advances=331072
tasks worker advances=331136
tasks worker advances=331200
tasks worker advances=333312
tasks worker advances=333376
tasks worker advances=333440
tasks worker advances=333504
tasks worker advances=333568
tasks worker advances=333632
tasks worker advances=333696
tasks worker advances=333760
tasks worker advances=333824
tasks worker advances=333888
tasks worker advances=333952
tasks worker advances=334016
tasks worker advances=334080
tasks worker advances=334144
tasks worker advances=334208
tasks worker advances=334272
tasks worker advances=334336
tasks worker advances=334400
tasks worker advances=334464
tasks worker advances=334528
tasks worker advances=334592
tasks worker advances=334656
tasks worker advances=334720
tasks worker advances=334784
tasks worker advances=334848
tasks worker advances=334912
tasks worker advances=334976
tasks worker advances=335040
tasks worker advances=335104
tasks worker advances=335168
tasks worker advances=335232
tasks worker advances=335296
tasks worker advances=335360
timer heartbeat ticks=160 irq=160 poll=0
tasks worker advances=335424
tasks worker advances=337472
tasks worker advances=337536
tasks worker advances=337600
tasks worker advances=337664
tasks worker advances=337728
tasks worker advances=337792
tasks worker advances=337856
tasks worker advances=337920
tasks worker advances=337984
tasks worker advances=338048
tasks worker advances=338112
tasks worker advances=338176
tasks worker advances=338240
tasks worker advances=338304
tasks worker advances=338368
tasks worker advances=338432
tasks worker advances=338496
tasks worker advances=338560
tasks worker advances=338624
tasks worker advances=338688
tasks worker advances=338752
tasks worker advances=338816
tasks worker advances=338880
tasks worker advances=338944
tasks worker advances=339008
tasks worker advances=339072
tasks worker advances=339136
tasks worker advances=339200
tasks worker advances=339264
tasks worker advances=339328
tasks worker advances=339392
tasks worker advances=339456
tasks worker advances=339520
tasks worker advances=341632
tasks worker advances=341696
tasks worker advances=341760
tasks worker advances=341824
tasks worker advances=341888
tasks worker advances=341952
tasks worker advances=342016
tasks worker advances=342080
tasks worker advances=342144
tasks worker advances=342208
tasks worker advances=342272
tasks worker advances=342336
tasks worker advances=342400
tasks worker advances=342464
tasks worker advances=342528
tasks worker advances=342592
tasks worker advances=342656
tasks worker advances=342720
tasks worker advances=342784
tasks worker advances=342848
tasks worker advances=342912
tasks worker advances=342976
tasks worker advances=343040
tasks worker advances=343104
tasks worker advances=343168
tasks worker advances=343232
tasks worker advances=343296
tasks worker advances=343360
tasks worker advances=343424
tasks worker advances=343488
tasks worker advances=343552
tasks worker advances=343616
tasks worker advances=343680
timer heartbeat ticks=165 irq=165 poll=0
tasks worker advances=343744
tasks worker advances=345856
tasks worker advances=345920
tasks worker advances=345984
tasks worker advances=346048
tasks worker advances=346112
tasks worker advances=346176
tasks worker advances=346240
tasks worker advances=346304
tasks worker advances=346368
tasks worker advances=346432
tasks worker advances=346496
tasks worker advances=346560
tasks worker advances=346624
tasks worker advances=346688
tasks worker advances=346752
tasks worker advances=346816
tasks worker advances=346880
tasks worker advances=346944
tasks worker advances=347008
tasks worker advances=347072
tasks worker advances=347136
tasks worker advances=347200
tasks worker advances=347264
tasks worker advances=347328
tasks worker advances=347392
tasks worker advances=347456
tasks worker advances=347520
tasks worker advances=347584
tasks worker advances=347648
tasks worker advances=347712
tasks worker advances=347776
tasks worker advances=347840
tasks worker advances=347904
tasks worker advances=350016
tasks worker advances=350080
tasks worker advances=350144
tasks worker advances=350208
tasks worker advances=350272
tasks worker advances=350336
tasks worker advances=350400
tasks worker advances=350464
tasks worker advances=350528
tasks worker advances=350592
tasks worker advances=350656
tasks worker advances=350720
tasks worker advances=350784
tasks worker advances=350848
tasks worker advances=350912
tasks worker advances=350976
tasks worker advances=351040
tasks worker advances=351104
tasks worker advances=351168
tasks worker advances=351232
tasks worker advances=351296
tasks worker advances=351360
tasks worker advances=351424
tasks worker advances=351488
tasks worker advances=351552
tasks worker advances=351616
tasks worker advances=351680
tasks worker advances=351744
tasks worker advances=351808
tasks worker advances=351872
tasks worker advances=351936
tasks worker advances=352000
tasks worker advances=352064
tasks worker advances=354112
tasks worker advances=354176
tasks worker advances=354240
tasks worker advances=354304
tasks worker advances=354368
tasks worker advances=354432
tasks worker advances=354496
tasks worker advances=354560
tasks worker advances=354624
tasks worker advances=354688
tasks worker advances=354752
tasks worker advances=354816
tasks worker advances=354880
tasks worker advances=354944
tasks worker advances=355008
tasks worker advances=355072
tasks worker advances=355136
tasks worker advances=355200
tasks worker advances=355264
tasks worker advances=355328
tasks worker advances=355392
tasks worker advances=355456
tasks worker advances=355520
tasks worker advances=355584
tasks worker advances=355648
tasks worker advances=355712
tasks worker advances=355776
tasks worker advances=355840
tasks worker advances=355904
tasks worker advances=355968
tasks worker advances=356032
tasks worker advances=356096
tasks worker advances=356160
timer heartbeat ticks=170 irq=170 poll=0
tasks worker advances=356224
tasks worker advances=358336
tasks worker advances=358400
tasks worker advances=358464
tasks worker advances=358528
tasks worker advances=358592
tasks worker advances=358656
tasks worker advances=358720
tasks worker advances=358784
tasks worker advances=358848
tasks worker advances=358912
tasks worker advances=358976
tasks worker advances=359040
tasks worker advances=359104
tasks worker advances=359168
tasks worker advances=359232
tasks worker advances=359296
tasks worker advances=359360
tasks worker advances=359424
tasks worker advances=359488
tasks worker advances=359552
tasks worker advances=359616
tasks worker advances=359680
tasks worker advances=359744
tasks worker advances=359808
tasks worker advances=359872
tasks worker advances=359936
tasks worker advances=360000
tasks worker advances=360064
tasks worker advances=360128
tasks worker advances=360192
tasks worker advances=360256
tasks worker advances=360320
tasks worker advances=360384
tasks worker advances=362240
tasks worker advances=362304
tasks worker advances=362368
tasks worker advances=362432
tasks worker advances=362496
tasks worker advances=362560
tasks worker advances=362624
tasks worker advances=362688
tasks worker advances=362752
tasks worker advances=362816
tasks worker advances=362880
tasks worker advances=362944
tasks worker advances=363008
tasks worker advances=363072
tasks worker advances=363136
tasks worker advances=363200
tasks worker advances=363264
tasks worker advances=363328
tasks worker advances=363392
tasks worker advances=363456
tasks worker advances=363520
tasks worker advances=363584
tasks worker advances=363648
tasks worker advances=363712
tasks worker advances=363776
tasks worker advances=363840
tasks worker advances=363904
tasks worker advances=363968
timer heartbeat ticks=175 irq=175 poll=0
tasks worker advances=364032
tasks worker advances=366080
tasks worker advances=366144
tasks worker advances=366208
tasks worker advances=366272
tasks worker advances=366336
tasks worker advances=366400
tasks worker advances=366464
tasks worker advances=366528
tasks worker advances=366592
tasks worker advances=366656
tasks worker advances=366720
tasks worker advances=366784
tasks worker advances=366848
tasks worker advances=366912
tasks worker advances=366976
tasks worker advances=367040
tasks worker advances=367104
tasks worker advances=367168
tasks worker advances=367232
tasks worker advances=367296
tasks worker advances=367360
tasks worker advances=367424
tasks worker advances=367488
tasks worker advances=367552
tasks worker advances=367616
tasks worker advances=367680
tasks worker advances=367744
tasks worker advances=367808
tasks worker advances=367872
tasks worker advances=367936
tasks worker advances=368000
tasks worker advances=368064
tasks worker advances=370176
tasks worker advances=370240
tasks worker advances=370304
tasks worker advances=370368
tasks worker advances=370432
tasks worker advances=370496
tasks worker advances=370560
tasks worker advances=370624
tasks worker advances=370688
tasks worker advances=370752
tasks worker advances=370816
tasks worker advances=370880
tasks worker advances=370944
tasks worker advances=371008
tasks worker advances=371072
tasks worker advances=371136
tasks worker advances=371200
tasks worker advances=371264
tasks worker advances=371328
tasks worker advances=371392
tasks worker advances=371456
tasks worker advances=371520
tasks worker advances=371584
tasks worker advances=371648
tasks worker advances=371712
tasks worker advances=371776
tasks worker advances=371840
tasks worker advances=371904
tasks worker advances=371968
tasks worker advances=372032
tasks worker advances=372096
tasks worker advances=372160
tasks worker advances=372224
tasks worker advances=374336
tasks worker advances=374400
tasks worker advances=374464
tasks worker advances=374528
tasks worker advances=374592
tasks worker advances=374656
tasks worker advances=374720
tasks worker advances=374784
tasks worker advances=374848
tasks worker advances=374912
tasks worker advances=374976
tasks worker advances=375040
tasks worker advances=375104
tasks worker advances=375168
tasks worker advances=375232
tasks worker advances=375296
tasks worker advances=375360
tasks worker advances=375424
tasks worker advances=375488
FAILURE: expected transcript 'interop-relay-done' not observed within 180s (log=94249 bytes).
CUSTOM-VIRTIO: device stopped
ERROR: guest did not emit script2-after marker 'ssh: bye rc=0' within 180s; script input not sent
