zig fmt --check boot/src/*.zig kernel/src/*.zig build.zig
bash tools/verify-unit-tests.sh
=== verify-unit-tests: running unified parallel test suite (zig build test) ===
Build Summary: 158/158 steps succeeded; 3249/3249 tests passed
test success
+- run test 4 pass (4 total) 78ms MaxRSS:2M
|  +- compile test Debug native success 2s MaxRSS:276M
|     +- options cached
|     +- options (reused)
|     +- options (reused)
|     +- options (reused)
|     +- options (reused)
|     +- options (reused)
|     +- options (reused)
|     +- options (reused)
|     +- options (reused)
|     +- options (reused)
|     +- options (reused)
|     +- options (reused)
|     +- options (reused)
+- run test success 82ms MaxRSS:2M
|  +- compile test Debug native success 1s MaxRSS:217M
|     +- options (reused)
|     +- options (reused)
|     +- options (reused)
|     +- options (reused)
|     +- options (reused)
|     +- options (reused)
|     +- options (reused)
|     +- options (reused)
|     +- options (reused)
|     +- options (reused)
|     +- options (reused)
|     +- options (reused)
|     +- options (reused)
+- run test 33 pass (33 total) 79ms MaxRSS:3M
|  +- compile test Debug native success 1s MaxRSS:294M
|     +- options (reused)
|     +- options (reused)
|     +- options (reused)
|     +- options (reused)
|     +- options (reused)
|     +- options (reused)
|     +- options (reused)
|     +- options (reused)
|     +- options (reused)
|     +- options (reused)
|     +- options (reused)
|     +- options (reused)
|     +- options (reused)
+- run test 6 pass (6 total) 84ms MaxRSS:2M
|  +- compile test Debug native success 2s MaxRSS:225M
|     +- options (reused)
|     +- options (reused)
|     +- options (reused)
|     +- options (reused)
|     +- options (reused)
|     +- options (reused)
|     +- options (reused)
|     +- options (reused)
|     +- options (reused)
|     +- options (reused)
|     +- options (reused)
|     +- options (reused)
|     +- options (reused)
+- run test 10 pass (10 total) 135ms MaxRSS:2M
|  +- compile test Debug native success 3s MaxRSS:240M
|     +- options (reused)
|     +- options (reused)
|     +- options (reused)
|     +- options (reused)
|     +- options (reused)
|     +- options (reused)
|     +- options (reused)
|     +- options (reused)
|     +- options (reused)
|     +- options (reused)
|     +- options (reused)
|     +- options (reused)
|     +- options (reused)
+- run test 10 pass (10 total) 139ms MaxRSS:2M
|  +- compile test Debug native success 1s MaxRSS:278M
|     +- options (reused)
|     +- options (reused)
|     +- options (reused)
|     +- options (reused)
|     +- options (reused)
|     +- options (reused)
|     +- options (reused)
|     +- options (reused)
|     +- options (reused)
|     +- options (reused)
|     +- options (reused)
|     +- options (reused)
|     +- options (reused)
+- run test success 131ms MaxRSS:2M
|  +- compile test Debug native success 1s MaxRSS:272M
|     +- options (reused)
|     +- options (reused)
|     +- options (reused)
|     +- options (reused)
|     +- options (reused)
|     +- options (reused)
|     +- options (reused)
|     +- options (reused)
|     +- options (reused)
|     +- options (reused)
|     +- options (reused)
|     +- options (reused)
|     +- options (reused)
+- run test 3 pass (3 total) 105ms MaxRSS:2M
|  +- compile test Debug native success 2s MaxRSS:249M
|     +- options (reused)
|     +- options (reused)
|     +- options (reused)
|     +- options (reused)
|     +- options (reused)
|     +- options (reused)
|     +- options (reused)
|     +- options (reused)
|     +- options (reused)
|     +- options (reused)
|     +- options (reused)
|     +- options (reused)
|     +- options (reused)
+- run test success 154ms MaxRSS:2M
|  +- compile test Debug native success 1s MaxRSS:273M
|     +- options (reused)
|     +- options (reused)
|     +- options (reused)
|     +- options (reused)
|     +- options (reused)
|     +- options (reused)
|     +- options (reused)
|     +- options (reused)
|     +- options (reused)
|     +- options (reused)
|     +- options (reused)
|     +- options (reused)
|     +- options (reused)
+- run test 28 pass (28 total) 78ms MaxRSS:3M
|  +- compile test Debug native success 1s MaxRSS:294M
|     +- options (reused)
|     +- options (reused)
|     +- options (reused)
|     +- options (reused)
|     +- options (reused)
|     +- options (reused)
|     +- options (reused)
|     +- options (reused)
|     +- options (reused)
|     +- options (reused)
|     +- options (reused)
|     +- options (reused)
|     +- options (reused)
+- run test 369 pass (369 total) 168ms MaxRSS:12M
|  +- compile test Debug native success 5s MaxRSS:384M
|     +- options (reused)
|     +- options (reused)
|     +- options (reused)
|     +- options (reused)
|     +- options (reused)
|     +- options (reused)
|     +- options (reused)
|     +- options (reused)
|     +- options (reused)
|     +- options (reused)
|     +- options (reused)
|     +- options (reused)
|     +- options (reused)
+- run test 71 pass (71 total) 152ms MaxRSS:3M
|  +- compile test Debug native success 3s MaxRSS:258M
|     +- options (reused)
|     +- options (reused)
|     +- options (reused)
|     +- options (reused)
|     +- options (reused)
|     +- options (reused)
|     +- options (reused)
|     +- options (reused)
|     +- options (reused)
|     +- options (reused)
|     +- options (reused)
|     +- options (reused)
|     +- options (reused)
+- run test 4 pass (4 total) 102ms MaxRSS:2M
|  +- compile test Debug native success 1s MaxRSS:225M
|     +- options (reused)
|     +- options (reused)
|     +- options (reused)
|     +- options (reused)
|     +- options (reused)
|     +- options (reused)
|     +- options (reused)
|     +- options (reused)
|     +- options (reused)
|     +- options (reused)
|     +- options (reused)
|     +- options (reused)
|     +- options (reused)
+- run test 25 pass (25 total) 95ms MaxRSS:2M
|  +- compile test Debug native success 1s MaxRSS:228M
|     +- options (reused)
|     +- options (reused)
|     +- options (reused)
|     +- options (reused)
|     +- options (reused)
|     +- options (reused)
|     +- options (reused)
|     +- options (reused)
|     +- options (reused)
|     +- options (reused)
|     +- options (reused)
|     +- options (reused)
|     +- options (reused)
+- run test 4 pass (4 total) 76ms MaxRSS:2M
|  +- compile test Debug native success 1s MaxRSS:220M
|     +- options (reused)
|     +- options (reused)
|     +- options (reused)
|     +- options (reused)
|     +- options (reused)
|     +- options (reused)
|     +- options (reused)
|     +- options (reused)
|     +- options (reused)
|     +- options (reused)
|     +- options (reused)
|     +- options (reused)
|     +- options (reused)
+- run test 163 pass (163 total) 107ms MaxRSS:7M
|  +- compile test Debug native success 2s MaxRSS:325M
|     +- options (reused)
|     +- options (reused)
|     +- options (reused)
|     +- options (reused)
|     +- options (reused)
|     +- options (reused)
|     +- options (reused)
|     +- options (reused)
|     +- options (reused)
|     +- options (reused)
|     +- options (reused)
|     +- options (reused)
|     +- options (reused)
+- run test 20 pass (20 total) 67ms MaxRSS:2M
|  +- compile test Debug native success 1s MaxRSS:276M
|     +- options (reused)
|     +- options (reused)
|     +- options (reused)
|     +- options (reused)
|     +- options (reused)
|     +- options (reused)
|     +- options (reused)
|     +- options (reused)
|     +- options (reused)
|     +- options (reused)
|     +- options (reused)
|     +- options (reused)
|     +- options (reused)
+- run test 33 pass (33 total) 114ms MaxRSS:3M
|  +- compile test Debug native success 1s MaxRSS:284M
|     +- options (reused)
|     +- options (reused)
|     +- options (reused)
|     +- options (reused)
|     +- options (reused)
|     +- options (reused)
|     +- options (reused)
|     +- options (reused)
|     +- options (reused)
|     +- options (reused)
|     +- options (reused)
|     +- options (reused)
|     +- options (reused)
+- run test 20 pass (20 total) 156ms MaxRSS:2M
|  +- compile test Debug native success 2s MaxRSS:222M
|     +- options (reused)
|     +- options (reused)
|     +- options (reused)
|     +- options (reused)
|     +- options (reused)
|     +- options (reused)
|     +- options (reused)
|     +- options (reused)
|     +- options (reused)
|     +- options (reused)
|     +- options (reused)
|     +- options (reused)
|     +- options (reused)
+- run test 28 pass (28 total) 74ms MaxRSS:3M
|  +- compile test Debug native success 2s MaxRSS:249M
|     +- options (reused)
|     +- options (reused)
|     +- options (reused)
|     +- options (reused)
|     +- options (reused)
|     +- options (reused)
|     +- options (reused)
|     +- options (reused)
|     +- options (reused)
|     +- options (reused)
|     +- options (reused)
|     +- options (reused)
|     +- options (reused)
+- run test 5 pass (5 total) 92ms MaxRSS:2M
|  +- compile test Debug native success 2s MaxRSS:247M
|     +- options (reused)
|     +- options (reused)
|     +- options (reused)
|     +- options (reused)
|     +- options (reused)
|     +- options (reused)
|     +- options (reused)
|     +- options (reused)
|     +- options (reused)
|     +- options (reused)
|     +- options (reused)
|     +- options (reused)
|     +- options (reused)
+- run test 15 pass (15 total) 99ms MaxRSS:2M
|  +- compile test Debug native success 2s MaxRSS:283M
|     +- options (reused)
|     +- options (reused)
|     +- options (reused)
|     +- options (reused)
|     +- options (reused)
|     +- options (reused)
|     +- options (reused)
|     +- options (reused)
|     +- options (reused)
|     +- options (reused)
|     +- options (reused)
|     +- options (reused)
|     +- options (reused)
+- run test success 87ms MaxRSS:2M
|  +- compile test Debug native success 1s MaxRSS:271M
|     +- options (reused)
|     +- options (reused)
|     +- options (reused)
|     +- options (reused)
|     +- options (reused)
|     +- options (reused)
|     +- options (reused)
|     +- options (reused)
|     +- options (reused)
|     +- options (reused)
|     +- options (reused)
|     +- options (reused)
|     +- options (reused)
+- run test 22 pass (22 total) 100ms MaxRSS:3M
|  +- compile test Debug native success 2s MaxRSS:282M
|     +- options (reused)
|     +- options (reused)
|     +- options (reused)
|     +- options (reused)
|     +- options (reused)
|     +- options (reused)
|     +- options (reused)
|     +- options (reused)
|     +- options (reused)
|     +- options (reused)
|     +- options (reused)
|     +- options (reused)
|     +- options (reused)
+- run test 23 pass (23 total) 141ms MaxRSS:3M
|  +- compile test Debug native success 2s MaxRSS:290M
|     +- options (reused)
|     +- options (reused)
|     +- options (reused)
|     +- options (reused)
|     +- options (reused)
|     +- options (reused)
|     +- options (reused)
|     +- options (reused)
|     +- options (reused)
|     +- options (reused)
|     +- options (reused)
|     +- options (reused)
|     +- options (reused)
+- run test 2 pass (2 total) 152ms MaxRSS:2M
|  +- compile test Debug native success 1s MaxRSS:274M
|     +- options (reused)
|     +- options (reused)
|     +- options (reused)
|     +- options (reused)
|     +- options (reused)
|     +- options (reused)
|     +- options (reused)
|     +- options (reused)
|     +- options (reused)
|     +- options (reused)
|     +- options (reused)
|     +- options (reused)
|     +- options (reused)
+- run test 16 pass (16 total) 125ms MaxRSS:2M
|  +- compile test Debug native success 1s MaxRSS:279M
|     +- options (reused)
|     +- options (reused)
|     +- options (reused)
|     +- options (reused)
|     +- options (reused)
|     +- options (reused)
|     +- options (reused)
|     +- options (reused)
|     +- options (reused)
|     +- options (reused)
|     +- options (reused)
|     +- options (reused)
|     +- options (reused)
+- run test 19 pass (19 total) 118ms MaxRSS:2M
|  +- compile test Debug native success 1s MaxRSS:277M
|     +- options (reused)
|     +- options (reused)
|     +- options (reused)
|     +- options (reused)
|     +- options (reused)
|     +- options (reused)
|     +- options (reused)
|     +- options (reused)
|     +- options (reused)
|     +- options (reused)
|     +- options (reused)
|     +- options (reused)
|     +- options (reused)
+- run test success 75ms MaxRSS:2M
|  +- compile test Debug native success 1s MaxRSS:219M
|     +- options (reused)
|     +- options (reused)
|     +- options (reused)
|     +- options (reused)
|     +- options (reused)
|     +- options (reused)
|     +- options (reused)
|     +- options (reused)
|     +- options (reused)
|     +- options (reused)
|     +- options (reused)
|     +- options (reused)
|     +- options (reused)
+- run test 4 pass (4 total) 77ms MaxRSS:2M
|  +- compile test Debug native success 3s MaxRSS:237M
|     +- options (reused)
|     +- options (reused)
|     +- options (reused)
|     +- options (reused)
|     +- options (reused)
|     +- options (reused)
|     +- options (reused)
|     +- options (reused)
|     +- options (reused)
|     +- options (reused)
|     +- options (reused)
|     +- options (reused)
|     +- options (reused)
+- run test 29 pass (29 total) 151ms MaxRSS:3M
|  +- compile test Debug native success 3s MaxRSS:245M
|     +- options (reused)
|     +- options (reused)
|     +- options (reused)
|     +- options (reused)
|     +- options (reused)
|     +- options (reused)
|     +- options (reused)
|     +- options (reused)
|     +- options (reused)
|     +- options (reused)
|     +- options (reused)
|     +- options (reused)
|     +- options (reused)
+- run test 83 pass (83 total) 92ms MaxRSS:6M
|  +- compile test Debug native success 2s MaxRSS:251M
|     +- options (reused)
|     +- options (reused)
|     +- options (reused)
|     +- options (reused)
|     +- options (reused)
|     +- options (reused)
|     +- options (reused)
|     +- options (reused)
|     +- options (reused)
|     +- options (reused)
|     +- options (reused)
|     +- options (reused)
|     +- options (reused)
+- run test 7 pass (7 total) 152ms MaxRSS:2M
|  +- compile test Debug native success 1s MaxRSS:229M
|     +- options (reused)
|     +- options (reused)
|     +- options (reused)
|     +- options (reused)
|     +- options (reused)
|     +- options (reused)
|     +- options (reused)
|     +- options (reused)
|     +- options (reused)
|     +- options (reused)
|     +- options (reused)
|     +- options (reused)
|     +- options (reused)
+- run test 478 pass (478 total) 169ms MaxRSS:13M
|  +- compile test Debug native success 4s MaxRSS:480M
|     +- options (reused)
|     +- options (reused)
|     +- options (reused)
|     +- options (reused)
|     +- options (reused)
|     +- options (reused)
|     +- options (reused)
|     +- options (reused)
|     +- options (reused)
|     +- options (reused)
|     +- options (reused)
|     +- options (reused)
|     +- options (reused)
+- run test 2 pass (2 total) 135ms MaxRSS:2M
|  +- compile test Debug native success 1s MaxRSS:263M
|     +- options (reused)
|     +- options (reused)
|     +- options (reused)
|     +- options (reused)
|     +- options (reused)
|     +- options (reused)
|     +- options (reused)
|     +- options (reused)
|     +- options (reused)
|     +- options (reused)
|     +- options (reused)
|     +- options (reused)
|     +- options (reused)
+- run test 3 pass (3 total) 74ms MaxRSS:2M
|  +- compile test Debug native success 1s MaxRSS:277M
|     +- options (reused)
|     +- options (reused)
|     +- options (reused)
|     +- options (reused)
|     +- options (reused)
|     +- options (reused)
|     +- options (reused)
|     +- options (reused)
|     +- options (reused)
|     +- options (reused)
|     +- options (reused)
|     +- options (reused)
|     +- options (reused)
+- run test 10 pass (10 total) 187ms MaxRSS:2M
|  +- compile test Debug native success 3s MaxRSS:240M
|     +- options (reused)
|     +- options (reused)
|     +- options (reused)
|     +- options (reused)
|     +- options (reused)
|     +- options (reused)
|     +- options (reused)
|     +- options (reused)
|     +- options (reused)
|     +- options (reused)
|     +- options (reused)
|     +- options (reused)
|     +- options (reused)
+- run test success 133ms MaxRSS:2M
|  +- compile test Debug native success 2s MaxRSS:247M
|     +- options (reused)
|     +- options (reused)
|     +- options (reused)
|     +- options (reused)
|     +- options (reused)
|     +- options (reused)
|     +- options (reused)
|     +- options (reused)
|     +- options (reused)
|     +- options (reused)
|     +- options (reused)
|     +- options (reused)
|     +- options (reused)
+- run test success 71ms MaxRSS:2M
|  +- compile test Debug native success 1s MaxRSS:271M
|     +- options (reused)
|     +- options (reused)
|     +- options (reused)
|     +- options (reused)
|     +- options (reused)
|     +- options (reused)
|     +- options (reused)
|     +- options (reused)
|     +- options (reused)
|     +- options (reused)
|     +- options (reused)
|     +- options (reused)
|     +- options (reused)
+- run test 88 pass (88 total) 180ms MaxRSS:3M
|  +- compile test Debug native success 1s MaxRSS:308M
|     +- options (reused)
|     +- options (reused)
|     +- options (reused)
|     +- options (reused)
|     +- options (reused)
|     +- options (reused)
|     +- options (reused)
|     +- options (reused)
|     +- options (reused)
|     +- options (reused)
|     +- options (reused)
|     +- options (reused)
|     +- options (reused)
+- run test 202 pass (202 total) 111ms MaxRSS:8M
|  +- compile test Debug native success 2s MaxRSS:294M
|     +- options (reused)
|     +- options (reused)
|     +- options (reused)
|     +- options (reused)
|     +- options (reused)
|     +- options (reused)
|     +- options (reused)
|     +- options (reused)
|     +- options (reused)
|     +- options (reused)
|     +- options (reused)
|     +- options (reused)
|     +- options (reused)
+- run test 72 pass (72 total) 98ms MaxRSS:6M
|  +- compile test Debug native success 2s MaxRSS:300M
|     +- options (reused)
|     +- options (reused)
|     +- options (reused)
|     +- options (reused)
|     +- options (reused)
|     +- options (reused)
|     +- options (reused)
|     +- options (reused)
|     +- options (reused)
|     +- options (reused)
|     +- options (reused)
|     +- options (reused)
|     +- options (reused)
+- run test 22 pass (22 total) 101ms MaxRSS:2M
|  +- compile test Debug native success 2s MaxRSS:287M
|     +- options (reused)
|     +- options (reused)
|     +- options (reused)
|     +- options (reused)
|     +- options (reused)
|     +- options (reused)
|     +- options (reused)
|     +- options (reused)
|     +- options (reused)
|     +- options (reused)
|     +- options (reused)
|     +- options (reused)
|     +- options (reused)
+- run test 17 pass (17 total) 157ms MaxRSS:2M
|  +- compile test Debug native success 1s MaxRSS:259M
|     +- options (reused)
|     +- options (reused)
|     +- options (reused)
|     +- options (reused)
|     +- options (reused)
|     +- options (reused)
|     +- options (reused)
|     +- options (reused)
|     +- options (reused)
|     +- options (reused)
|     +- options (reused)
|     +- options (reused)
|     +- options (reused)
+- run test 24 pass (24 total) 80ms MaxRSS:2M
|  +- compile test Debug native success 2s MaxRSS:281M
|     +- options (reused)
|     +- options (reused)
|     +- options (reused)
|     +- options (reused)
|     +- options (reused)
|     +- options (reused)
|     +- options (reused)
|     +- options (reused)
|     +- options (reused)
|     +- options (reused)
|     +- options (reused)
|     +- options (reused)
|     +- options (reused)
+- run test 14 pass (14 total) 160ms MaxRSS:2M
|  +- compile test Debug native success 2s MaxRSS:240M
|     +- options (reused)
|     +- options (reused)
|     +- options (reused)
|     +- options (reused)
|     +- options (reused)
|     +- options (reused)
|     +- options (reused)
|     +- options (reused)
|     +- options (reused)
|     +- options (reused)
|     +- options (reused)
|     +- options (reused)
|     +- options (reused)
+- run test 11 pass (11 total) 117ms MaxRSS:2M
|  +- compile test Debug native success 1s MaxRSS:278M
|     +- options (reused)
|     +- options (reused)
|     +- options (reused)
|     +- options (reused)
|     +- options (reused)
|     +- options (reused)
|     +- options (reused)
|     +- options (reused)
|     +- options (reused)
|     +- options (reused)
|     +- options (reused)
|     +- options (reused)
|     +- options (reused)
+- run test 41 pass (41 total) 73ms MaxRSS:6M
|  +- compile test Debug native success 1s MaxRSS:297M
|     +- options (reused)
|     +- options (reused)
|     +- options (reused)
|     +- options (reused)
|     +- options (reused)
|     +- options (reused)
|     +- options (reused)
|     +- options (reused)
|     +- options (reused)
|     +- options (reused)
|     +- options (reused)
|     +- options (reused)
|     +- options (reused)
+- run test 16 pass (16 total) 93ms MaxRSS:2M
|  +- compile test Debug native success 3s MaxRSS:240M
|     +- options (reused)
|     +- options (reused)
|     +- options (reused)
|     +- options (reused)
|     +- options (reused)
|     +- options (reused)
|     +- options (reused)
|     +- options (reused)
|     +- options (reused)
|     +- options (reused)
|     +- options (reused)
|     +- options (reused)
|     +- options (reused)
+- run test 56 pass (56 total) 107ms MaxRSS:7M
|  +- compile test Debug native success 2s MaxRSS:297M
|     +- options (reused)
|     +- options (reused)
|     +- options (reused)
|     +- options (reused)
|     +- options (reused)
|     +- options (reused)
|     +- options (reused)
|     +- options (reused)
|     +- options (reused)
|     +- options (reused)
|     +- options (reused)
|     +- options (reused)
|     +- options (reused)
+- run test 18 pass (18 total) 118ms MaxRSS:6M
|  +- compile test Debug native success 2s MaxRSS:231M
|     +- options (reused)
|     +- options (reused)
|     +- options (reused)
|     +- options (reused)
|     +- options (reused)
|     +- options (reused)
|     +- options (reused)
|     +- options (reused)
|     +- options (reused)
|     +- options (reused)
|     +- options (reused)
|     +- options (reused)
|     +- options (reused)
+- run test 47 pass (47 total) 77ms MaxRSS:3M
|  +- compile test Debug native success 1s MaxRSS:277M
|     +- options (reused)
|     +- options (reused)
|     +- options (reused)
|     +- options (reused)
|     +- options (reused)
|     +- options (reused)
|     +- options (reused)
|     +- options (reused)
|     +- options (reused)
|     +- options (reused)
|     +- options (reused)
|     +- options (reused)
|     +- options (reused)
+- run test 204 pass (204 total) 169ms MaxRSS:8M
|  +- compile test Debug native success 2s MaxRSS:362M
|     +- options (reused)
|     +- options (reused)
|     +- options (reused)
|     +- options (reused)
|     +- options (reused)
|     +- options (reused)
|     +- options (reused)
|     +- options (reused)
|     +- options (reused)
|     +- options (reused)
|     +- options (reused)
|     +- options (reused)
|     +- options (reused)
+- run test 15 pass (15 total) 88ms MaxRSS:2M
|  +- compile test Debug native success 2s MaxRSS:284M
|     +- options (reused)
|     +- options (reused)
|     +- options (reused)
|     +- options (reused)
|     +- options (reused)
|     +- options (reused)
|     +- options (reused)
|     +- options (reused)
|     +- options (reused)
|     +- options (reused)
|     +- options (reused)
|     +- options (reused)
|     +- options (reused)
+- run test 26 pass (26 total) 111ms MaxRSS:3M
|  +- compile test Debug native success 2s MaxRSS:237M
|     +- options (reused)
|     +- options (reused)
|     +- options (reused)
|     +- options (reused)
|     +- options (reused)
|     +- options (reused)
|     +- options (reused)
|     +- options (reused)
|     +- options (reused)
|     +- options (reused)
|     +- options (reused)
|     +- options (reused)
|     +- options (reused)
+- run test success 75ms MaxRSS:2M
|  +- compile test Debug native success 1s MaxRSS:272M
|     +- options (reused)
|     +- options (reused)
|     +- options (reused)
|     +- options (reused)
|     +- options (reused)
|     +- options (reused)
|     +- options (reused)
|     +- options (reused)
|     +- options (reused)
|     +- options (reused)
|     +- options (reused)
|     +- options (reused)
|     +- options (reused)
+- run test 29 pass (29 total) 67ms MaxRSS:3M
|  +- compile test Debug native success 2s MaxRSS:287M
|     +- options (reused)
|     +- options (reused)
|     +- options (reused)
|     +- options (reused)
|     +- options (reused)
|     +- options (reused)
|     +- options (reused)
|     +- options (reused)
|     +- options (reused)
|     +- options (reused)
|     +- options (reused)
|     +- options (reused)
|     +- options (reused)
+- run test 61 pass (61 total) 86ms MaxRSS:3M
|  +- compile test Debug native success 1s MaxRSS:306M
|     +- options (reused)
|     +- options (reused)
|     +- options (reused)
|     +- options (reused)
|     +- options (reused)
|     +- options (reused)
|     +- options (reused)
|     +- options (reused)
|     +- options (reused)
|     +- options (reused)
|     +- options (reused)
|     +- options (reused)
|     +- options (reused)
+- run test 6 pass (6 total) 206ms MaxRSS:2M
|  +- compile test Debug native success 2s MaxRSS:276M
|     +- options (reused)
|     +- options (reused)
|     +- options (reused)
|     +- options (reused)
|     +- options (reused)
|     +- options (reused)
|     +- options (reused)
|     +- options (reused)
|     +- options (reused)
|     +- options (reused)
|     +- options (reused)
|     +- options (reused)
|     +- options (reused)
+- run test 13 pass (13 total) 88ms MaxRSS:2M
|  +- compile test Debug native success 2s MaxRSS:251M
|     +- options (reused)
|     +- options (reused)
|     +- options (reused)
|     +- options (reused)
|     +- options (reused)
|     +- options (reused)
|     +- options (reused)
|     +- options (reused)
|     +- options (reused)
|     +- options (reused)
|     +- options (reused)
|     +- options (reused)
|     +- options (reused)
+- run test 4 pass (4 total) 103ms MaxRSS:2M
|  +- compile test Debug native success 1s MaxRSS:277M
|     +- options (reused)
|     +- options (reused)
|     +- options (reused)
|     +- options (reused)
|     +- options (reused)
|     +- options (reused)
|     +- options (reused)
|     +- options (reused)
|     +- options (reused)
|     +- options (reused)
|     +- options (reused)
|     +- options (reused)
|     +- options (reused)
+- run test 16 pass (16 total) 93ms MaxRSS:2M
|  +- compile test Debug native success 2s MaxRSS:239M
|     +- options (reused)
|     +- options (reused)
|     +- options (reused)
|     +- options (reused)
|     +- options (reused)
|     +- options (reused)
|     +- options (reused)
|     +- options (reused)
|     +- options (reused)
|     +- options (reused)
|     +- options (reused)
|     +- options (reused)
|     +- options (reused)
+- run test 42 pass (42 total) 210ms MaxRSS:3M
|  +- compile test Debug native success 1s MaxRSS:289M
|     +- options (reused)
|     +- options (reused)
|     +- options (reused)
|     +- options (reused)
|     +- options (reused)
|     +- options (reused)
|     +- options (reused)
|     +- options (reused)
|     +- options (reused)
|     +- options (reused)
|     +- options (reused)
|     +- options (reused)
|     +- options (reused)
+- run test 61 pass (61 total) 499ms MaxRSS:3M
|  +- compile test Debug native success 2s MaxRSS:248M
|     +- options (reused)
|     +- options (reused)
|     +- options (reused)
|     +- options (reused)
|     +- options (reused)
|     +- options (reused)
|     +- options (reused)
|     +- options (reused)
|     +- options (reused)
|     +- options (reused)
|     +- options (reused)
|     +- options (reused)
|     +- options (reused)
+- run test 9 pass (9 total) 64ms MaxRSS:2M
|  +- compile test Debug native success 2s MaxRSS:249M
|     +- options (reused)
|     +- options (reused)
|     +- options (reused)
|     +- options (reused)
|     +- options (reused)
|     +- options (reused)
|     +- options (reused)
|     +- options (reused)
|     +- options (reused)
|     +- options (reused)
|     +- options (reused)
|     +- options (reused)
|     +- options (reused)
+- run test 4 pass (4 total) 86ms MaxRSS:2M
|  +- compile test Debug native success 1s MaxRSS:226M
|     +- options (reused)
|     +- options (reused)
|     +- options (reused)
|     +- options (reused)
|     +- options (reused)
|     +- options (reused)
|     +- options (reused)
|     +- options (reused)
|     +- options (reused)
|     +- options (reused)
|     +- options (reused)
|     +- options (reused)
|     +- options (reused)
+- run test 13 pass (13 total) 91ms MaxRSS:2M
|  +- compile test Debug native success 1s MaxRSS:282M
|     +- options (reused)
|     +- options (reused)
|     +- options (reused)
|     +- options (reused)
|     +- options (reused)
|     +- options (reused)
|     +- options (reused)
|     +- options (reused)
|     +- options (reused)
|     +- options (reused)
|     +- options (reused)
|     +- options (reused)
|     +- options (reused)
+- run test 36 pass (36 total) 181ms MaxRSS:3M
|  +- compile test Debug native success 2s MaxRSS:303M
|     +- options (reused)
|     +- options (reused)
|     +- options (reused)
|     +- options (reused)
|     +- options (reused)
|     +- options (reused)
|     +- options (reused)
|     +- options (reused)
|     +- options (reused)
|     +- options (reused)
|     +- options (reused)
|     +- options (reused)
|     +- options (reused)
+- run test 64 pass (64 total) 86ms MaxRSS:3M
|  +- compile test Debug native success 2s MaxRSS:264M
|     +- options (reused)
|     +- options (reused)
|     +- options (reused)
|     +- options (reused)
|     +- options (reused)
|     +- options (reused)
|     +- options (reused)
|     +- options (reused)
|     +- options (reused)
|     +- options (reused)
|     +- options (reused)
|     +- options (reused)
|     +- options (reused)
+- run test 33 pass (33 total) 117ms MaxRSS:3M
|  +- compile test Debug native success 2s MaxRSS:295M
|     +- options (reused)
|     +- options (reused)
|     +- options (reused)
|     +- options (reused)
|     +- options (reused)
|     +- options (reused)
|     +- options (reused)
|     +- options (reused)
|     +- options (reused)
|     +- options (reused)
|     +- options (reused)
|     +- options (reused)
|     +- options (reused)
+- run test 72 pass (72 total) 101ms MaxRSS:7M
|  +- compile test Debug native success 5s MaxRSS:334M
|     +- options (reused)
|     +- options (reused)
|     +- options (reused)
|     +- options (reused)
|     +- options (reused)
|     +- options (reused)
|     +- options (reused)
|     +- options (reused)
|     +- options (reused)
|     +- options (reused)
|     +- options (reused)
|     +- options (reused)
|     +- options (reused)
+- run test 73 pass (73 total) 98ms MaxRSS:4M
|  +- compile test Debug native success 5s MaxRSS:364M
|     +- options (reused)
|     +- options (reused)
|     +- options (reused)
|     +- options (reused)
|     +- options (reused)
|     +- options (reused)
|     +- options (reused)
|     +- options (reused)
|     +- options (reused)
|     +- options (reused)
|     +- options (reused)
|     +- options (reused)
|     +- options (reused)
+- run test 161 pass (161 total) 252ms MaxRSS:4M
|  +- compile test Debug native success 3s MaxRSS:405M
|     +- options (reused)
|     +- options (reused)
|     +- options (reused)
|     +- options (reused)
|     +- options (reused)
|     +- options (reused)
|     +- options (reused)
|     +- options (reused)
|     +- options (reused)
|     +- options (reused)
|     +- options (reused)
|     +- options (reused)
|     +- options (reused)
+- run test 26 pass (26 total) 116ms MaxRSS:3M
|  +- compile test Debug native success 2s MaxRSS:283M
|     +- options (reused)
|     +- options (reused)
|     +- options (reused)
|     +- options (reused)
|     +- options (reused)
|     +- options (reused)
|     +- options (reused)
|     +- options (reused)
|     +- options (reused)
|     +- options (reused)
|     +- options (reused)
|     +- options (reused)
|     +- options (reused)
+- run test 16 pass (16 total) 112ms MaxRSS:2M
|  +- compile test Debug native success 2s MaxRSS:241M
|     +- options (reused)
|     +- options (reused)
|     +- options (reused)
|     +- options (reused)
|     +- options (reused)
|     +- options (reused)
|     +- options (reused)
|     +- options (reused)
|     +- options (reused)
|     +- options (reused)
|     +- options (reused)
|     +- options (reused)
|     +- options (reused)
+- run test 14 pass (14 total) 82ms MaxRSS:2M
|  +- compile test Debug native success 1s MaxRSS:259M
|     +- options (reused)
|     +- options (reused)
|     +- options (reused)
|     +- options (reused)
|     +- options (reused)
|     +- options (reused)
|     +- options (reused)
|     +- options (reused)
|     +- options (reused)
|     +- options (reused)
|     +- options (reused)
|     +- options (reused)
|     +- options (reused)
+- run test 64 pass (64 total) 406ms MaxRSS:15M
|  +- compile test Debug native success 2s MaxRSS:256M
|     +- options (reused)
|     +- options (reused)
|     +- options (reused)
|     +- options (reused)
|     +- options (reused)
|     +- options (reused)
|     +- options (reused)
|     +- options (reused)
|     +- options (reused)
|     +- options (reused)
|     +- options (reused)
|     +- options (reused)
|     +- options (reused)
+- run test 10 pass (10 total) 69ms MaxRSS:2M
   +- compile test Debug native success 2s MaxRSS:281M
      +- options (reused)
      +- options (reused)
      +- options (reused)
      +- options (reused)
      +- options (reused)
      +- options (reused)
      +- options (reused)
      +- options (reused)
      +- options (reused)
      +- options (reused)
      +- options (reused)
      +- options (reused)
      +- options (reused)

=== verify-unit-tests: app-level test roots (direct zig test) ===
1/35 tabapp.test.tabapp: dispatch classifies WM lifecycle events and tracks the canvas...OK
2/35 tabapp.test.tabapp: scale is the identity at the native canvas (zero-regression fixed point)...OK
3/35 tabapp.test.tabapp: scale maps a fixed layout into the full viewport...OK
4/35 tabapp.test.tabapp: scale never produces zero-size rects...OK
5/35 tabapp.test.tabapp: nav declare/poll are best-effort with no WM seat (M48/BT5)...OK
6/35 ui.abi.test.WMS7 Gate B: the toolkit WM_RPC wire mirror matches the frozen wnd_core ABI...OK
7/35 ui.draw.test.draw: draw_image_buf source-over into a raw buffer...OK
8/35 ui.draw.test.draw: draw_image_buf clips to buffer and stride...OK
9/35 image.test.image: pixel_at bounds checking...OK
10/35 image.test.image: sub_image view and zero-sized handling...OK
11/35 image.test.image: blit Porter-Duff alpha blending...OK
12/35 image.test.image: format dispatch with QOI...OK
13/35 image.test.image: format dispatch with PNG...OK
14/35 qoi.test.qoi: reject header magic and truncated headers...OK
15/35 qoi.test.qoi: decode solid red 4x4 fixture...OK
16/35 qoi.test.qoi: decode gradient rgba 8x8 fixture...OK
17/35 qoi.test.qoi: decode non-square 12x4 fixture...OK
18/35 qoi.test.qoi: buffer too small rejection...OK
19/35 qoi.test.qoi: corrupt end marker rejection...OK
20/35 png.test.png: reject invalid signature and corrupt crc...OK
21/35 png.test.png: decode solid rgb 4x4 fixture...OK
22/35 png.test.png: decode gradient rgba 8x8 fixture...OK
23/35 png.test.png: decode non-square 12x4 fixture...OK
24/35 png.test.png: scan sizes the multi-chunk viewer fixture exactly...OK
25/35 png.test.png: workspace decode of the split-IDAT viewer fixture...OK
26/35 png.test.png: scan rejects bad signature and bad crc...OK
27/35 png.test.png: workspace decode covers images past the convenience caps...OK
28/35 png.test.png: decode grayscale 8x8 fixture...OK
29/35 crc32.test.crc32: standard vectors...OK
30/35 flate.test.flate: uncompressed block...OK
31/35 flate.test.flate: zlib wrapped hello...OK
32/35 flate.test.flate: raw deflate hello...OK
33/35 flate.test.flate: zlib large repetitive dynamic Huffman and LZ77...OK
34/35 flate.test.flate: buffer too small rejection...OK
35/35 flate.test.flate: invalid zlib header and adler mismatch...OK
All 35 tests passed.
1/100 tabwm.test.tabwm: tab manager allocation and lifecycle...OK
2/100 tabwm.test.tabwm: tab manager active index adjustment on removal...OK
3/100 tabwm.test.tabwm: tab cycle forward and backward...OK
4/100 tabwm.test.tabwm: keyboard shortcuts routing...OK
5/100 tabwm.test.tabwm: pointer hit testing and tab selection / close button...OK
6/100 tabwm.test.tabwm: wnd_mail_apply RPC commands...OK
7/100 tabwm.test.tabwm: geometry constants respect M39 tokens...OK
8/100 tabwm.test.tabwm: compute_tab_viewport centering and full bleed...OK
9/100 tabwm.test.tabwm: draw_viewport_backdrop writes canvas outside window...OK
10/100 tabwm.test.tabwm: proper mascot emblem decodes at 28x28 (M42 SX1)...OK
11/100 tabwm.test.tabwm: draw_sidebar blits the raster emblem into the scanout (M42 SX1)...OK
12/100 tabwm.test.tabwm: tab-aware fixed app takes the full viewport (M42 SX2)...OK
13/100 tabwm.test.tabwm: viewport_change_needed idempotence (M42 SX2)...OK
14/100 tabwm.test.tabwm: declare_fullscreen RPC registers and applies the full viewport (M42 SX2)...OK
15/100 tabwm.test.tabwm: declare_fullscreen on an inactive tab defers the proposal (M42 SX2)...OK
16/100 tabwm.test.tabwm: god-menu overlay filters the manifest (M42 SX5)...OK
17/100 tabwm.test.tabwm: god-menu overlay keys — filter, select, launch, dismiss (M42 SX5)...OK
18/100 tabwm.test.tabwm: overlay keys are consumed only while open (M42 SX5)...OK
19/100 tabwm.test.tabwm: god-menu overlay accepts digits, minus, period in the filter (M42 SX5)...OK
20/100 tabwm.test.tabwm: released mirror removes the tab and activates the next (M42 UX)...OK
21/100 tabwm.test.tabwm: released mirror for an unknown id is a no-op (M42 UX)...OK
22/100 tabwm.test.tabwm: hide mirror without released does NOT remove a tab (M42 UX)...OK
23/100 tabwm.test.tabwm: visible mirror upserts geometry (M42 UX)...OK
24/100 tabwm.test.tabwm: the 17th window is ignored, tab 0 not hijacked (M42 UX)...OK
25/100 tabwm.test.tabwm: + New tab affordance and Ctrl+T trigger the new-tab path (M42 UX)...OK
26/100 tabwm.test.tabwm: overlay empty vs filtered-empty messages are distinguishable (M42 UX)...OK
27/100 tabwm.test.tabwm: close_tab removes the tab and activates the next (M42 UX)...OK
28/100 tabwm.test.tabwm: unsaved bit-12 mirror sets, clears, and still releases (M42 UX r2)...OK
29/100 tabwm.test.tabwm: request_close_tab intercepts a dirty tab with the dialog (M42 UX r2)...OK
30/100 tabwm.test.tabwm: unsaved choices — save closes, cancel keeps, discard defers to the mirror (M42 UX r2)...OK
31/100 tabwm.test.tabwm: wnd_core dialog hit-test maps the three buttons (M42 UX r2)...OK
32/100 tabwm.test.tabwm: alt_tab_next policy — null, cycle, invert, 0-start (M42 UX r2)...OK
33/100 tabwm.test.tabwm: Alt+Tab chord moves the active tab, Alt+Shift+Tab inverts (M42 UX r2)...OK
34/100 tabwm.test.tabwm: close_flash_active lives for the tick window then expires (M42 UX r2)...OK
35/100 tabwm.test.tabwm: dialog modal keys — Enter saves, Escape cancels, chords swallowed (M42 UX r2)...OK
36/100 tabwm.test.tabwm: dialog modal pointer — clicks route to the buttons, tabs are safe (M42 UX r2)...OK
37/100 tabwm.test.tabwm: the Sexiburger overlay cannot summon over the modal dialog (M42 UX r2)...OK
38/100 tabwm.test.tabwm: unsaved + alt-tab markers are pinned (M42 UX r2)...OK
39/100 tabwm.test.tabwm: tab_index_at only reaches DRAWN rows (the shared row rule)...OK
40/100 tabwm.test.tabwm: RPC upserts refuse a full manager instead of aliasing tab 0...OK
41/100 tabwm.test.tabwm: parse_clock_epoch accepts seconds-since-midnight, rejects junk...OK
42/100 tabwm.test.tabwm: clock_hms shows wall time with an epoch, uptime without...OK
43/100 tabwm.test.tabwm: resetForTest restores every mutated global to cold-boot...OK
44/100 tabwm.test.tabwm: overflow scroll moves the list window and the hit-test follows...OK
45/100 tabwm.test.tabwm: overflow_label reports the visible window with arrows...OK
46/100 tabwm.test.tabwm: keyboard nav moves the selection, scrolls, and activates...OK
47/100 tabwm.test.tabwm: serialize_tabs/parse_tabs round-trip order and active...OK
48/100 tabwm.test.tabwm: persisted order re-applies by title and sets the active tab...OK
49/100 tabwm.test.tabwm: new-tab pill tracks the visible window...OK
50/100 tabwm.test.tabwm: tick_clock_face prefers the host epoch, else uptime on the host...OK
51/100 tabwm.test.tabwm: middle-click closes the tab under the pointer (#1064)...OK
52/100 tabwm.test.tabwm: keyboard reorder moves the active tab (#1064)...OK
53/100 tabwm.test.tabwm: reopen-closed re-execs a TABWM-launched app (#1064)...OK
54/100 tabwm.test.tabwm: M48 markers are pinned (BT1–BT6)...OK
55/100 tabwm.test.tabwm: duplicate active tab re-execs its recorded bin (M48/BT1)...OK
56/100 tabwm.test.tabwm: move_tab shifts, keeps active, and reorder persists (M48/BT2)...OK
57/100 tabwm.test.tabwm: pointer drag reorders tabs (M48/BT2)...OK
58/100 tabwm.test.tabwm: pinning sorts pinned tabs first (M48/BT3)...OK
59/100 tabwm.test.tabwm: manifest group parsing + dock pin adoption (M48/BT3)...OK
60/100 tabwm.test.tabwm: START surface summons, shares the catalog, and launches (M48/BT4)...OK
61/100 tabwm.test.tabwm: per-tab navigation history records, dedupes, truncates, bounds (M48/BT5)...OK
62/100 tabwm.test.tabwm: back/forward queue the target for the owning app (M48/BT5)...OK
63/100 tabwm.test.tabwm: hover preview dwell, frozen badge, and tab search (M48/BT6)...OK
64/100 lib.ui.draw.test.draw: draw_image_buf source-over into a raw buffer...OK
65/100 lib.ui.draw.test.draw: draw_image_buf clips to buffer and stride...OK
66/100 lib.ui.abi.test.WMS7 Gate B: the toolkit WM_RPC wire mirror matches the frozen wnd_core ABI...OK
67/100 lib.image.test.image: pixel_at bounds checking...OK
68/100 lib.image.test.image: sub_image view and zero-sized handling...OK
69/100 lib.image.test.image: blit Porter-Duff alpha blending...OK
70/100 lib.image.test.image: format dispatch with QOI...OK
71/100 lib.image.test.image: format dispatch with PNG...OK
72/100 lib.qoi.test.qoi: reject header magic and truncated headers...OK
73/100 lib.qoi.test.qoi: decode solid red 4x4 fixture...OK
74/100 lib.qoi.test.qoi: decode gradient rgba 8x8 fixture...OK
75/100 lib.qoi.test.qoi: decode non-square 12x4 fixture...OK
76/100 lib.qoi.test.qoi: buffer too small rejection...OK
77/100 lib.qoi.test.qoi: corrupt end marker rejection...OK
78/100 lib.png.test.png: reject invalid signature and corrupt crc...OK
79/100 lib.png.test.png: decode solid rgb 4x4 fixture...OK
80/100 lib.png.test.png: decode gradient rgba 8x8 fixture...OK
81/100 lib.png.test.png: decode non-square 12x4 fixture...OK
82/100 lib.png.test.png: scan sizes the multi-chunk viewer fixture exactly...OK
83/100 lib.png.test.png: workspace decode of the split-IDAT viewer fixture...OK
84/100 lib.png.test.png: scan rejects bad signature and bad crc...OK
85/100 lib.png.test.png: workspace decode covers images past the convenience caps...OK
86/100 lib.png.test.png: decode grayscale 8x8 fixture...OK
87/100 lib.crc32.test.crc32: standard vectors...OK
88/100 lib.flate.test.flate: uncompressed block...OK
89/100 lib.flate.test.flate: zlib wrapped hello...OK
90/100 lib.flate.test.flate: raw deflate hello...OK
91/100 lib.flate.test.flate: zlib large repetitive dynamic Huffman and LZ77...OK
92/100 lib.flate.test.flate: buffer too small rejection...OK
93/100 lib.flate.test.flate: invalid zlib header and adler mismatch...OK
94/100 lib.font_ttf.test.TrueTypeFace parses Fira Code and Inter headers and cmap...OK
95/100 lib.font_ttf.test.TrueTypeFace loads simple glyph outlines...OK
96/100 lib.font_ttf.test.TrueTypeFace rasterizes anti-aliased glyphs with subpixel coverage...
--- Rasterized Inter 'O' (16px, 12x13, advance=12px) ---
  =%@@%=    
 #@+::+@+   
-%:    -@:  
#+      #+  
@-      -%  
@:      :@: 
@:      :@. 
@-      =#  
#*      #+  
:@+    +@.  
 +@#++#@-   
  .****.    
            

--- Rasterized Fira Code 'A' (14px, 10x11) ---
  :@#     
  +*@.    
  #.#-    
 .% +#    
 =+ .@.   
 #-  #-   
.@#**%#   
-#:::-@.  
*-    @-  
*     ++  
          
OK
97/100 lib.font_ttf.test.TrueTypeFace loads and rasterizes composite glyphs (accented é)...OK
98/100 lib.font_ttf.test.GlyphCache and blend_glyph_bgra render text into 32-bpp BGRA buffer...OK
99/100 lib.font8x8.test.user font8x8: source rows are LSB-first with bit zero at the left...OK
100/100 lib.font8x8.test.user font8x8: the 760-byte table is pinned...OK
All 100 tests passed.
1/55 sexiburger.test.sexiburger app: initial state and button trigger...OK
2/55 sexiburger.test.sexiburger app: chord trigger opens menu...OK
3/55 sexiburger.test.sexiburger app: command invocation updates last action...OK
4/55 sexiburger.test.sexiburger app: proper 24x24 and 64x64 mascot rasters decode...OK
5/55 lib.image.test.image: pixel_at bounds checking...OK
6/55 lib.image.test.image: sub_image view and zero-sized handling...OK
7/55 lib.image.test.image: blit Porter-Duff alpha blending...OK
8/55 lib.image.test.image: format dispatch with QOI...OK
9/55 lib.image.test.image: format dispatch with PNG...OK
10/55 lib.qoi.test.qoi: reject header magic and truncated headers...OK
11/55 lib.qoi.test.qoi: decode solid red 4x4 fixture...OK
12/55 lib.qoi.test.qoi: decode gradient rgba 8x8 fixture...OK
13/55 lib.qoi.test.qoi: decode non-square 12x4 fixture...OK
14/55 lib.qoi.test.qoi: buffer too small rejection...OK
15/55 lib.qoi.test.qoi: corrupt end marker rejection...OK
16/55 lib.sexiburger.test.sexiburger menu: zero-pixel idle footprint until summoned...OK
17/55 lib.sexiburger.test.sexiburger menu: chord open and dismiss...OK
18/55 lib.sexiburger.test.sexiburger menu: six sections at invariant positions...OK
19/55 lib.sexiburger.test.sexiburger menu: type-to-filter interaction...OK
20/55 lib.sexiburger.test.sexiburger menu: raster mascot emblem integration...OK
21/55 lib.sexiburger.test.sexiburger manifest: parses apps, skips comments/blanks/malformed...OK
22/55 lib.sexiburger.test.sexiburger manifest: empty text yields zero, overlong input caps at out.len...OK
23/55 lib.ui.draw.test.draw: draw_image_buf source-over into a raw buffer...OK
24/55 lib.ui.draw.test.draw: draw_image_buf clips to buffer and stride...OK
25/55 lib.action_registry.test.covenant of six: exactly six canonical sections...OK
26/55 lib.action_registry.test.covenant of six: seventh section registration strictly rejected with citation...OK
27/55 lib.action_registry.test.action registry: command registration and section isolation...OK
28/55 lib.action_registry.test.action registry: shell verb lookup (M19 synergy)...OK
29/55 lib.action_registry.test.action registry: active app contextual scoping...OK
30/55 lib.action_registry.test.action registry: type-to-filter with abbreviation and fuzzy matching...OK
31/55 lib.action_registry.test.mascot diagnostics: deterministic 6-layer 6-tentacle accounting...OK
32/55 lib.ui.abi.test.WMS7 Gate B: the toolkit WM_RPC wire mirror matches the frozen wnd_core ABI...OK
33/55 lib.png.test.png: reject invalid signature and corrupt crc...OK
34/55 lib.png.test.png: decode solid rgb 4x4 fixture...OK
35/55 lib.png.test.png: decode gradient rgba 8x8 fixture...OK
36/55 lib.png.test.png: decode non-square 12x4 fixture...OK
37/55 lib.png.test.png: scan sizes the multi-chunk viewer fixture exactly...OK
38/55 lib.png.test.png: workspace decode of the split-IDAT viewer fixture...OK
39/55 lib.png.test.png: scan rejects bad signature and bad crc...OK
40/55 lib.png.test.png: workspace decode covers images past the convenience caps...OK
41/55 lib.png.test.png: decode grayscale 8x8 fixture...OK
42/55 lib.crc32.test.crc32: standard vectors...OK
43/55 lib.flate.test.flate: uncompressed block...OK
44/55 lib.flate.test.flate: zlib wrapped hello...OK
45/55 lib.flate.test.flate: raw deflate hello...OK
46/55 lib.flate.test.flate: zlib large repetitive dynamic Huffman and LZ77...OK
47/55 lib.flate.test.flate: buffer too small rejection...OK
48/55 lib.flate.test.flate: invalid zlib header and adler mismatch...OK
49/55 lib.font_ttf.test.TrueTypeFace parses Fira Code and Inter headers and cmap...OK
50/55 lib.font_ttf.test.TrueTypeFace loads simple glyph outlines...OK
51/55 lib.font_ttf.test.TrueTypeFace rasterizes anti-aliased glyphs with subpixel coverage...
--- Rasterized Inter 'O' (16px, 12x13, advance=12px) ---
  =%@@%=    
 #@+::+@+   
-%:    -@:  
#+      #+  
@-      -%  
@:      :@: 
@:      :@. 
@-      =#  
#*      #+  
:@+    +@.  
 +@#++#@-   
  .****.    
            

--- Rasterized Fira Code 'A' (14px, 10x11) ---
  :@#     
  +*@.    
  #.#-    
 .% +#    
 =+ .@.   
 #-  #-   
.@#**%#   
-#:::-@.  
*-    @-  
*     ++  
          
OK
52/55 lib.font_ttf.test.TrueTypeFace loads and rasterizes composite glyphs (accented é)...OK
53/55 lib.font_ttf.test.GlyphCache and blend_glyph_bgra render text into 32-bpp BGRA buffer...OK
54/55 lib.font8x8.test.user font8x8: source rows are LSB-first with bit zero at the left...OK
55/55 lib.font8x8.test.user font8x8: the 760-byte table is pinned...OK
All 55 tests passed.
verify-unit-tests: all unit tests passed
zig build test-console
=== transcript gate 1: shell module tests (zig test kernel/src/shell.zig) ===
1/478 shell.test.shell: mock-fed end-to-end session produces the exact transcript...OK
2/478 console.test.console: mock captures writes in order...OK
3/478 console.test.console: reset clears capture and flags...OK
4/478 console.test.console: overflow truncates, flags, and never wraps...OK
5/478 console.test.console: zero-capacity mock flags every write...OK
6/478 console.test.console: print_hex prints fixed 16 lowercase digits...OK
7/478 console.test.console: print_hex_min prints minimal lowercase hex...OK
8/478 console.test.console: print_u64 prints decimal without leading zeros...OK
9/478 console.test.console: mock readByte returns scripted input in order...OK
10/478 console.test.console: mock feed overflow is refused and flagged, never wraps...OK
11/478 console.test.console: reset clears the scripted input queue too...OK
12/478 memmap.test.memmap: dense-stride view round-trips descriptors...OK
13/478 memmap.test.memmap: sparse-stride view reads past padding...OK
14/478 memmap.test.memmap: init clamps count and rejects zero stride...OK
15/478 memmap.test.memmap: summarize totals match the fixture...OK
16/478 memmap.test.memmap: bytes_of converts pages to bytes...OK
17/478 lineedit.test.lineedit: empty line submits immediately on LF...OK
18/478 lineedit.test.lineedit: CR alone submits (no LF required)...OK
19/478 lineedit.test.lineedit: CRLF pair submits exactly one line...OK
20/478 lineedit.test.lineedit: backspace deletes and erases...OK
21/478 lineedit.test.lineedit: backspace at start is refused with a bell...OK
22/478 lineedit.test.lineedit: 255 and 256 chars fit exactly and submit...OK
23/478 lineedit.test.lineedit: the 257th char is refused, never truncated mid-word...OK
24/478 lineedit.test.lineedit: ctrl-c cancels and clears...OK
25/478 lineedit.test.lineedit: tab with no completion source bells; stray control bytes are no-ops...OK
26/478 lineedit.test.lineedit: cursor movement tracks the logical cursor...OK
27/478 lineedit.test.lineedit: mid-line insert shifts and redraws...OK
28/478 lineedit.test.lineedit: mid-line backspace and forward delete redraw...OK
29/478 lineedit.test.lineedit: an unhandled CSI key is swallowed whole, tilde and all...OK
30/478 lineedit.test.lineedit: a lone ESC does not eat the next keystroke...OK
31/478 lineedit.test.lineedit: kill chords truncate toward the cursor...OK
32/478 lineedit.test.lineedit: history recall walks up/down and returns to the draft...OK
33/478 lineedit.test.lineedit: consecutive duplicate submissions are collapsed in history...OK
34/478 lineedit.test.lineedit: history ring never overflows past capacity (card U3 regression)...OK
35/478 lineedit.test.lineedit: tab completion inserts the unique suffix; ambiguity bells...OK
36/478 lineedit.test.lineedit: ctrl-l clears the screen and requests a repaint...OK
37/478 lineedit.test.lineedit: completer single match inserts text and trailing space...OK
38/478 lineedit.test.lineedit: completer multi-match cycles candidates on repeated tab...OK
39/478 lineedit.test.lineedit: completer mid-line preserves tail and shifts correctly...OK
40/478 scrollback.test.scrollback: append lines and retrieve...OK
41/478 scrollback.test.scrollback: overflow wraps and drops oldest...OK
42/478 scrollback.test.scrollback: long lines are truncated...OK
43/478 scrollback.test.scrollback: carriage return resets column but keeps line...OK
44/478 handoff.test.handoff: valid fixture passes...OK
45/478 handoff.test.handoff: each corruption is rejected with a specific reason...OK
46/478 handoff.test.handoff: error_name returns deterministic strings...OK
47/478 handoff.test.handoff: v3 carries the boot epoch after the frozen v2 layout (#1058)...OK
48/478 userspace.test.userspace: two sequenced pings preserve the claim-8215 round-trip...OK
49/478 virtio_file.test.virtio_file: G1 — pattern generator parity is pinned (fixture class)...OK
50/478 virtio_file.test.virtio_file: G2 — reply_len clamp math — over-cap dlen never reads OOB...OK
51/478 virtio_file.test.virtio_file: G3 — probe request shape + the raw 32 KiB pattern reply...OK
52/478 virtio_file.test.virtio_file: G4 — hostile envelopes (bad status, truncated rows) are honest...OK
53/478 virtio_file.test.virtio_file: G5 — entry row round trip + read payload + streaming cksum...OK
54/478 virtio_file.test.virtio_file: G6 — request encode bounds (over-long payload, small out)...OK
55/478 virtio_file.test.virtio_file: G7 — HF3 op/status constants + 8-handle parity with file_table.zig...OK
56/478 virtio_file.test.virtio_file: G8 — open request flags + reply handle decode...OK
57/478 virtio_file.test.virtio_file: G9 — write payload shape + written-cursor reply...OK
58/478 virtio_file.test.virtio_file: G10 — truncate/close/fsync payloads (handle + size)...OK
59/478 virtio_file.test.virtio_file: G11 — rename NUL-framed payload + bounds...OK
60/478 virtio_file.test.virtio_file: G12 — pattern chunk plan for the mutation gate...OK
61/478 virtio_file.test.virtio_file: G13 — HF7 clone op: 0x0c, NUL frame, bounds, honest refusal...OK
62/478 virtio_file.test.virtio_file: read_chunk and read_into copy-out under test_share...OK
63/478 virtio_file.test.virtio_file: clean_path strips leading slashes...OK
64/478 terminal.test.terminal: output round-trips FIFO from owner to front-end...OK
65/478 terminal.test.terminal: output ring wraps and preserves order across fill/drain cycles...OK
66/478 terminal.test.terminal: output overflow drops the OLDEST byte and counts it...OK
67/478 terminal.test.terminal: input round-trips FIFO from front-end to owner...OK
68/478 terminal.test.terminal: input overflow drops the NEWEST byte (never evicts unread keys)...OK
69/478 terminal.test.terminal: front-end attach is exclusive and detach re-opens it...OK
70/478 terminal.test.terminal: flush clears buffers and counters without detaching the owner...OK
71/478 terminal.test.terminal: registry creates, looks up, and releases bounded slots...OK
72/478 terminal.test.terminal: serial pump round-trips console input/output through an attached terminal...OK
73/478 terminal.test.terminal: screen lays out CR/LF/BS/TAB and wraps at the column bound...OK
74/478 terminal.test.terminal: screen scrolls past the line bound and clears on CSI 2J...OK
75/478 terminal.test.terminal: window binding is exclusive per terminal and per window...OK
76/478 terminal.test.terminal: window pump drains the output ring into the grid and screenOf finds it...OK
77/478 terminal.test.terminal: net binding is exclusive and single-session (SH7 B2)...OK
78/478 terminal.test.terminal: net pump mints a fresh challenge and gates delivery on the verdict (TS4)...OK
79/478 terminal.test.terminal: ED25519 net auth accepts the 128-hex reply (TS4 class-A framing)...OK
80/478 terminal.test.terminal: net auth deadline trips to a failed connection, never a bypass (TS4)...OK
81/478 terminal.test.terminal: the TS4 auth framing fits one bounded TCP segment (bounds audit)...OK
82/478 terminal.test.terminal: explicit open mode reproduces SH7 byte flow (TS4)...OK
83/478 terminal.test.terminal: net pump ends a half-open accept on its timeout (M46 #1105)...OK
84/478 terminal.test.terminal: setCols reflows long lines to the narrower width...OK
85/478 terminal.test.terminal: reflow overflow drops whole oldest lines...OK
86/478 terminal.test.terminal: setCols to the same value is a no-op; growth keeps lines...OK
87/478 terminal.test.terminal: scrollback view clamps to the stored range...OK
88/478 terminal.test.terminal: selection copies across lines and normalizes direction...OK
89/478 terminal.test.terminal: selection coordinates clamp to the grid...OK
90/478 terminal.test.terminal: copySelectionToClipboard is a no-op without a window binding...OK
91/478 redirect.test.redirect: capture console captures writes...OK
92/478 redirect.test.redirect: capture console overflow is dropped...OK
93/478 redirect.test.redirect: reset clears capture buffer...OK
94/478 redirect.test.redirect: feed console feeds data as stdin...OK
95/478 redirect.test.redirect: feed console passes writes through...OK
96/478 redirect.test.redirect: feed console exhausts input then returns null...OK
97/478 trust.test.trust: default policy — regular file 0644, dir 0755, usb 0444, tty allow...OK
98/478 trust.test.trust: owner vs other mode bits (read/write) from OWNERS...OK
99/478 trust.test.trust: create/delete/list/rename-class matrix...OK
100/478 trust.test.trust: secret class denies read/list/delete/create for every actor (D8)...OK
101/478 trust.test.trust: ensure_secret_file makes SECRETS.TXT secret-class by construction (D8)...OK
102/478 trust.test.trust: malformed + unknown-schema lines fail closed on the named path...OK
103/478 trust.test.trust: group triplet is reserved and normalized to zero...OK
104/478 trust.test.trust: table-full is ENOSPC on chmod, never silent eviction...OK
105/478 trust.test.trust: chmod is owner-only or CAP_FS_ANY (no chown)...OK
106/478 trust.test.trust: OWNERS.TXT round-trip parse/serialize...OK
107/478 trust.test.trust: case-insensitive host-share keys cannot bypass an entry (D4 risk)...OK
108/478 trust.test.trust: remove and rename_meta keep the table consistent...OK
109/478 trust.test.trust: over-long paths never falsely match a short entry...OK
110/478 file_table.test.file_table: path parsing and volume routing...OK
111/478 file_table.test.file_table: the usb volume is read-only and absent without a device...OK
112/478 file_table.test.file_table: handle allocation, bounds, and lifecycle reset...OK
113/478 file_table.test.file_table: wire DirEntry size is exactly 40 bytes...OK
114/478 file_table.test.file_table: mutating ops validate pids, paths, and volumes (claim 5801)...OK
115/478 file_table.test.file_table: /dev/tty routes to the process's terminal device (#1072)...OK
116/478 svclock.test.svclock: acquire/release round-trips and held() tracks the core...OK
117/478 svclock.test.svclock: each domain lock is independent...OK
118/478 svclock.test.svclock: try_acquire refuses a same-core reentry...OK
119/478 svclock.test.svclock: acquire_set/release_set take the canonical order...OK
120/478 svclock.test.svclock: try_take fails cleanly on contention and releases...OK
121/478 svclock.test.svclock: try_take skips bits this core already holds...OK
122/478 svclock.test.svclock: acquire_missing leaves an outer hold intact...OK
123/478 spinlock.test.spinlock: basic uncontended lock and unlock...OK
124/478 spinlock.test.spinlock: try_lock behavior...OK
125/478 spinlock.test.spinlock: concurrent multi-threaded stress test...OK
126/478 virtio_custom.test.virtio_custom: payload is the 16-byte known string, reply cap 64, big payload 12340...OK
127/478 virtio_custom.test.virtio_custom: ring shapes match the split-ring spec...OK
128/478 virtio_custom.test.virtio_custom: feature bits are the spec's ANY_LAYOUT / VERSION_1 / NOTIFICATION_DATA...OK
129/478 virtio_custom.test.virtio_custom: allocator hands out chains, recycles freed indices, and exhausts...OK
130/478 virtio_custom.test.virtio_custom: post_avail builds the spec-correct chain (read-then-write)...OK
131/478 virtio_custom.test.virtio_custom: post_avail builds an ANY_LAYOUT chain (write first) with a 3-part scatter...OK
132/478 virtio_custom.test.virtio_custom: scan_used matches by id, handles out-of-order completion, wraps...OK
133/478 virtio_custom.test.virtio_custom: park_chain keeps a timed-out head out of the free list until reap_parked sees its reply...OK
134/478 virtio_custom.test.virtio_custom: the reply read is length-driven, clamped to the buffer...OK
135/478 virtio_custom.test.virtio_custom: fresh transport reports no-device honestly...OK
136/478 virtio_custom.test.virtio_custom: note_irq records the first INTID and count...OK
137/478 virtio_custom.test.virtio_custom: push-echo shapes (claim 3141) — queue index, buffer sizes...OK
138/478 virtio_custom.test.virtio_custom: input-channel shapes (claim 9588) — queue index, envelope, pool...OK
139/478 virtio_custom.test.virtio_custom: dispatch_input_msg validates the envelope and counts honestly...OK
140/478 virtio_custom.test.virtio_custom: kind-2 pointer messages dispatch through the pointer hook (claim 9367)...OK
141/478 virtio_custom.test.virtio_custom: checksum1071 matches RFC 1071 semantics...OK
142/478 virtio_custom.test.virtio_custom: snapshot framing builders produce the documented wire shapes (claim 0680)...OK
143/478 virtio_custom.test.virtio_custom: kind-3 console control arms and disarms the tee (claim 0680)...OK
144/478 virtio_custom.test.virtio_custom: kind-4 snapshot request pends for the idle seam (claim 0680)...OK
145/478 virtio_custom.test.virtio_custom: console tee accumulator buffers, splits, and drops (claim 0680)...OK
146/478 mmu.test.mmu: build_user_root returns a fresh root per call (per-process roots)...OK
147/478 mmu.test.mmu: user leaves are page-local W^X and reject Device mappings...OK
148/478 mmu.test.mmu: map_user_page and unmap_user_page dynamic lifecycle...OK
149/478 mmu.test.mmu: map_user_cow_page and set_user_leaf_writable...OK
150/478 process.test.process: init starts empty and create binds a full descriptor...OK
151/478 process.test.process: lifecycle created -> running -> exited -> reaped...OK
152/478 process.test.process: exit status survives the executor task's reuse...OK
153/478 process.test.process: bounded registry recycles the oldest exited, never a live one...OK
154/478 process.test.process: on_task_exit is a no-op for unbound slots and find_by_task...OK
155/478 process.test.process: reap guards and name truncation...OK
156/478 process.test.process: allocator-backed resources are freed at reap and recycle...OK
157/478 process.test.process: exited pages return at the lifecycle reap; the procs row stays...OK
158/478 process.test.process: exit reports are a FIFO — two exits print two lines in order...OK
159/478 process.test.process: exit report FIFO overflow drops the OLDEST...OK
160/478 process.test.process: the static boot payload owns no allocator pages...OK
161/478 process.test.process: snapshot marshals non-free rows in id order with the fixed 40-byte shape...OK
162/478 process.test.process: mmap regions and dynamic page tracking...OK
163/478 process.test.process: principal defaults to uid_user/no caps and create_as assigns explicitly...OK
164/478 process.test.process: sys_procs snapshot row is byte-frozen across principals...OK
165/478 tokenizer.test.tokenizer: quoted and unquoted arguments...OK
166/478 tokenizer.test.tokenizer: leading, trailing and repeated spaces collapse...OK
167/478 tokenizer.test.tokenizer: tabs separate tokens...OK
168/478 tokenizer.test.tokenizer: empty quotes yield an empty argument...OK
169/478 tokenizer.test.tokenizer: empty single quotes yield an empty argument...OK
170/478 tokenizer.test.tokenizer: mid-token double quotes join fragments...OK
171/478 tokenizer.test.tokenizer: single quotes are fully literal...OK
172/478 tokenizer.test.tokenizer: embedded single quote via outside-quote escape...OK
173/478 tokenizer.test.tokenizer: quotes of the other kind are literal inside single/double...OK
174/478 tokenizer.test.tokenizer: outside-quote backslash escapes the next byte...OK
175/478 tokenizer.test.tokenizer: double-quote backslash escapes per the issue spec...OK
176/478 tokenizer.test.tokenizer: unbalanced single quote takes the rest as literal...OK
177/478 tokenizer.test.tokenizer: unbalanced quote takes the rest of the line as literal...OK
178/478 tokenizer.test.tokenizer: empty line yields no tokens...OK
179/478 tokenizer.test.tokenizer: exactly max_tokens tokens fit...OK
180/478 tokenizer.test.tokenizer: the max_tokens+1th token sets too_many...OK
181/478 tokenizer.test.tokenizer: arg_glob marks unquoted wildcards only...OK
182/478 settings.test.settings: default initialization and getters...OK
183/478 settings.test.settings: login shell defaults to monitor and accepts sh (M45 SH8)...OK
184/478 settings.test.settings: debug_font applies to the text layer (M20-U11)...OK
185/478 settings.test.settings: set and update existing keys...OK
186/478 settings.test.settings: line parser...OK
187/478 settings.test.settings: serialization round trip...OK
188/478 settings.test.settings: version header is present...OK
189/478 settings.test.settings: current_version constant...OK
190/478 settings.test.settings: theme colors and IDs (M27 G20)...OK
191/478 settings.test.settings: drop-shadow flag (M37 DQ4)...OK
192/478 settings.test.settings: font size getters and setters (M27 G21)...OK
193/478 exec.test.exec: DSK1 header parse rejects bad magic, entry, and oversize images...OK
194/478 exec.test.exec: no disk is reported honestly...OK
195/478 exec.test.exec: DSK3 header validation pins the segment bounds (claim 3805)...OK
196/478 exec.test.exec: ok path loads, validates, builds the root, and spawns the task...OK
197/478 exec.test.exec: exec_file_as assigns an explicit principal (M50 TS1)...OK
198/478 exec.test.exec: pinned exec routes the spawned task to exactly one core...OK
199/478 exec.test.exec: a second program loads and runs while the first is alive...OK
200/478 exec.test.exec: a live user task does not block a second exec (gate is gone)...OK
201/478 exec.test.exec: COUNTER.BIN loads by name with its own marker and process...OK
202/478 exec.test.exec: a valid AArch64 ELF32 loads through the magic-sniff path...OK
203/478 exec.test.exec: PEER.BIN loads by name — counter + peer fill the 11-slot pool...OK
204/478 exec.test.exec: permanent occupant + recycle — one spare slot, pool_full, then the re-exec lands...OK
205/478 exec.test.exec: kill reaps a permanent occupant — pages return, the slot is re-exec'd...OK
206/478 exec.test.exec: argv packing shape, per-arg truncation, and block VA...OK
207/478 exec.test.exec: more than 8 args is refused honestly (too_many_args)...OK
208/478 exec.test.exec: the argv-block room guard is exact at the 4 KiB page boundary...OK
209/478 exec.test.exec: argv block is a read-only leaf — uaccess reads it, writes fault, per-exec distinct...OK
210/478 text.test.text: asymmetric C raster is LSB-first in B8G8R8X8...OK
211/478 text.test.text: the full 95-glyph table rasters LSB-first — every pixel matches the raw source bits (issue 125)...OK
212/478 text.test.text: line wrap starts a new line at the region width...OK
213/478 text.test.text: backspace and carriage return move the cursor (U2)...OK
214/478 text.test.text: the scrollback ring is bounded and drops the oldest line...OK
215/478 text.test.text: clear resets the ring and cursor...OK
216/478 text.test.text: Ctrl-L's erase-in-display clears the layer instead of drawing '[2J'...OK
217/478 text.test.text: render never writes outside the canvas...OK
218/478 text.test.text: tab advances to the next multiple of the stop and fills spaces (U10)...OK
219/478 text.test.text: tab stops land on successive multiples (U10)...OK
220/478 text.test.text: tab width is configurable (4-stop editor style) and clamped (U10)...OK
221/478 text.test.text: tab near the region edge clamps without wrapping (U10)...OK
222/478 text.test.text: monospace guarantee — narrow and wide glyphs occupy exactly one cell (U10)...OK
223/478 text.test.text: char_width categories (U4)...OK
224/478 text.test.text: char_width is comptime-evaluable...OK
225/478 text.test.text: UTF-8 é decodes and stores the Latin-1 literal cell (U2)...OK
226/478 text.test.text: rendered é paints the accent-composed glyph, not blank (U2)...OK
227/478 text.test.text: a width-2 codepoint takes exactly two cells (U2/U4)...OK
228/478 text.test.text: broken UTF-8 becomes U+FFFD, not garbage cells (U2)...OK
229/478 text.test.text: DEL and unknown control bytes stay invisible blanks (U2)...OK
230/478 text.test.text: missing glyph falls back to the replacement character (U11)...OK
231/478 text.test.text: Ext-A Š decodes, stores literal, and paints its caron (U3)...OK
232/478 text.test.text: debug_font counts and reports misses through the hook (U11)...OK
233/478 text.test.text: e + combining acute is ONE cell and one cursor step (U5/U6)...OK
234/478 text.test.text: stacked marks stay one cell; identical clusters share a pool slot (U6)...OK
235/478 text.test.text: leading combining mark gets a dotted-circle base (U6)...OK
236/478 text.test.text: ignorable zero-width codepoints vanish without advancing (U6)...OK
237/478 text.test.text: backspace deletes a whole cluster — composed or wide (U5)...OK
238/478 text.test.text: font sizes — same glyph, exact nearest-neighbor cells (U1)...OK
239/478 text.test.text: visible geometry follows the font size and wrap respects it (U1)...OK
240/478 text.test.text: emoji render two cells wide with real art (U7)...OK
241/478 text.test.text: unknown wide codepoints stay double-wide fallback (U7)...OK
242/478 text.test.text: measure_text — exact monospace arithmetic (U12)...OK
243/478 text.test.text: wrap_line segment contents pin the issue's examples (U15)...OK
244/478 text.test.text: wrap_line reports truncation on a small out-buffer (U15)...OK
245/478 text.test.text: glyph cache hits, sizes, and LRU eviction (U13)...OK
246/478 text.test.text: cached rows are pixel-identical to the direct path (U13)...OK
247/478 text.test.text: Unicode torture document renders deterministically (U14)...OK
248/478 text.test.text: an exhausted cluster pool degrades to ignoring new marks (U6)...OK
249/478 timer.test.timer: GTDT fixture yields the EL1 physical timer GSIV...OK
250/478 timer.test.timer: GTDT with zero GSIV keeps the conventional PPI...OK
251/478 timer.test.timer: heartbeat cadence is every 5 ticks and prints once...OK
252/478 timer.test.timer: first IRQ is reported separately from heartbeat cadence...OK
253/478 timer.test.timer: ppi matching is exact...OK
254/478 timer.test.timer: period math for a 1 s tick...OK
255/478 timer.test.timer: wall_epoch tracks the boot epoch and local_time_of_day wraps (#1058)...OK
256/478 serial_ring.test.serial_ring: append and snapshot...OK
257/478 serial_ring.test.serial_ring: overflow wraps...OK
258/478 serial_ring.test.serial_ring: empty snapshot...OK
259/478 csprng.test.csprng: RFC 7539 §2.2.1 quarter-round state vector...OK
260/478 csprng.test.csprng: RFC 7539 §2.3.2 block-function vector...OK
261/478 csprng.test.csprng: RFC 7539 §2.4.2 114-byte ciphertext vector...OK
262/478 csprng.test.csprng: stream is continuous across block boundaries and seed-deterministic...OK
263/478 csprng.test.csprng: fallback leaves the module honestly unseeded...OK
264/478 csprng.test.csprng: ASLR stack placement stays in band, aligned, clear of text_va...OK
265/478 csprng.test.csprng: unseeded ASLR returns the fixed default...OK
266/478 virtio_gpu.test.virtio_gpu: spec constants, wire shapes, and the fill are the spec shapes...OK
267/478 virtio_gpu.test.virtio_gpu: fill writes the B8G8R8X8 little-endian byte order...OK
268/478 virtio_gpu.test.virtio_gpu: display-info response parse takes pmodes[0]...OK
269/478 wnd_core.test.wnd_core: hit_test returns the topmost visible interactive window...OK
270/478 wnd_core.test.wnd_core: hit_test honours workspace and visibility...OK
271/478 wnd_core.test.wnd_core: resize clamps are the on-scanout bounds...OK
272/478 wnd_core.test.wnd_core: workspace visibility rule (fixed layers always visible)...OK
273/478 wnd_core.test.wnd_core: WMS5 title-bar drag-grab rule (single source)...OK
274/478 wnd_core.test.wnd_core: chrome title layout (the shared truncation rule)...OK
275/478 wnd_core.test.wnd_core: z_rank reports registry order (0 = bottom)...OK
276/478 wnd_core.test.wnd_core: chrome descriptor validity refuses unknown kind/flags and zero kind...OK
277/478 wnd_core.test.wnd_core: WMS5 Gate 2 geometry rules are pinned (tile/snap/max — the WM's rect math)...OK
278/478 wnd_core.test.wnd_core: chrome descriptor is a flat number struct (the frozen ABI, v2 backward-compatible)...OK
279/478 wnd_core.test.wnd_core: tab item layout and cycle rules...OK
280/478 wnd_core.test.wnd_core: DQ2 tab-strip chrome geometry (strip row, title truncation, close box, hit-test)...OK
281/478 wnd_core.test.wnd_core: WM3 taskbar entry layout — rects, hit-test, tray clamp, title slice...OK
282/478 wnd_core.test.wnd_core: WM2 overview grid layout is pinned (shared kernel/WM rule)...OK
283/478 wnd_core.test.wnd_core: WM2 overview hit-testing (cards + workspace buttons)...OK
284/478 events.test.events: wire format layout and size is exactly 16 bytes...OK
285/478 events.test.events: push/peek/pop/drop FIFO sequence and monotonicity...OK
286/478 events.test.events: drop-oldest overflow discipline and wrap...OK
287/478 events.test.events: process isolation and lifecycle reset...OK
288/478 events.test.events: out-of-range PIDs and invalid kinds are defensive no-ops...OK
289/478 virtio_snd.test.virtio_snd: spec shapes — config layout, queue size, DID constants...OK
290/478 virtio_snd.test.virtio_snd: unarmed transport reports honestly...OK
291/478 virtio_snd.test.virtio_snd: stream-state setters are bounded and honest...OK
292/478 virtio_snd.test.virtio_snd: apply_stream_gain scales in place, zeroes when muted, and is bit-exact at 100%...OK
293/478 virtio_snd.test.virtio_snd: format/rate/channel math is deterministic...OK
294/478 virtio_snd.test.virtio_snd: pick_params prefers FLOAT then S16/S32, stereo when offered...OK
295/478 virtio_snd.test.virtio_snd: sine synthesis produces a bounded, non-silent buffer...OK
296/478 clipboard.test.clipboard: set/get round-trips bytes without consuming...OK
297/478 clipboard.test.clipboard: set truncates at the bound and a shorter set shrinks...OK
298/478 clipboard.test.clipboard: get truncates to a smaller destination...OK
299/478 clipboard.test.clipboard: init resets the buffer and the set counter...OK
300/478 font8x8.test.font8x8: source rows are LSB-first with bit zero at the left...OK
301/478 font8x8.test.font8x8: the 760-byte table is pinned — no row bits ever reverse (issue 125)...OK
302/478 font8x8.test.font8x8: the table is overwhelmingly horizontally asymmetric...OK
303/478 font8x8.test.font8x8: glyphs_16 is a correct 2x vertical stretch of glyphs...OK
304/478 font_emoji.test.font_emoji: every entry has ink and unique codepoints...OK
305/478 font_emoji.test.font_emoji: lookup finds knowns and rejects unknowns...OK
306/478 font_emoji.test.font_emoji: the smile is carved into the filled face...OK
307/478 font_emoji.test.font_emoji: thumbsdown is the vertical flip of thumbsup...OK
308/478 font_unicode.test.font_unicode: combining overlays exist for the common marks...OK
309/478 font_unicode.test.font_unicode: scaling is exact nearest-neighbor doubling/tripling...OK
310/478 font_unicode.test.font_unicode: é composes e with an acute overlay in the top rows...OK
311/478 font_unicode.test.font_unicode: ¡ and ¿ are vertical flips of ! and ?...OK
312/478 font_unicode.test.font_unicode: NBSP is blank, lookup rejects untabled ranges...OK
313/478 font_unicode.test.font_unicode: Ext-A covers the whole block with real art (M20-U3)...OK
314/478 font_unicode.test.font_unicode: FFFD is the diamond-with-question-mark silhouette...OK
315/478 xhci.test.xhci: HCSPARAMS1/HCCPARAMS1 field accessors...OK
316/478 xhci.test.xhci: TRB + ERST wire layouts are the spec shapes...OK
317/478 xhci.test.xhci: intr report-buffer slot wraps at the Link TRB boundary...OK
318/478 xhci.test.xhci: issue #118 — the armed TRB length is the device maxpkt, never clamped to 8...OK
319/478 xhci.test.xhci: issue #117 — the multi-TRB top-up keeps the armed depth constant across ring wraps...OK
320/478 xhci.test.xhci: ring geometry — the link TRB holds the wrap boundary...OK
321/478 xhci.test.xhci: I2 context wire layouts are the spec shapes...OK
322/478 xhci.test.xhci: hid_interval converts bInterval to the xHCI interval field...OK
323/478 xhci.test.xhci: control-transfer TRB control fields pack to the spec encodings...OK
324/478 xhci.test.xhci: U4 detach quiesces the registry so every consumer fails clean...OK
325/478 xhci.test.xhci: U4 rescan without a controller is a counted no-op...OK
326/478 uaccess.test.uaccess: copy_in copies exact bytes from a readable region...OK
327/478 uaccess.test.uaccess: copy_out writes exact bytes to a writable region...OK
328/478 uaccess.test.uaccess: boundary — range ending exactly at the region end is ok, one past faults...OK
329/478 uaccess.test.uaccess: overflow and zero length...OK
330/478 uaccess.test.uaccess: out-of-region kernel/MMIO/blanket addresses fault...OK
331/478 uaccess.test.uaccess: copy_out to the read-only text aperture is a permission fault...OK
332/478 uaccess.test.uaccess: a fault inside the window aborts the copy with EFAULT...OK
333/478 uaccess.test.uaccess: try_recover consumes only data aborts inside the window...OK
334/478 uaccess.test.uaccess: raw_copy_in is host-gated and diag is honest off-hardware...OK
335/478 usb_msc.test.usb_msc: CBW encodes signature/tag/len/dir/lun/cdb...OK
336/478 usb_msc.test.usb_msc: CSW parses signature/tag/residue/status...OK
337/478 usb_msc.test.usb_msc: SCSI CDB shapes (opcodes + big-endian LBA/length)...OK
338/478 usb_msc.test.usb_msc: INQUIRY/CAPACITY parsers...OK
339/478 gic.test.gic: MADT v3 fixture parses distributor + redistributor + gicc...OK
340/478 gic.test.gic: MADT v2 fixture parses GICC and picks the MMIO path...OK
341/478 gic.test.gic: unversioned MADT infers v3 from GICR presence...OK
342/478 gic.test.gic: unknown entry types are skipped; malformed lengths stop the walk...OK
343/478 gic.test.gic: absent/non-conformant MADT falls back to the VZ layout...OK
344/478 gic.test.gic: incomplete v2 MADT without a CPU interface falls back...OK
345/478 gic.test.gic: spurious sentinel is 1023 on both paths...OK
346/478 gic.test.gic: redistributor private-interrupt offsets include the SGI frame...OK
347/478 gic.test.gic: private interrupt trigger fields use ICFGR bit one...OK
348/478 gic.test.gic: SPI window register offsets match the distributor layout...OK
349/478 smp.test.smp: initial state and core tracking...OK
350/478 smp.test.smp: IPI counting...OK
351/478 wm_server.test.wm_server: register is one-seat and teardown falls back to the shim...OK
352/478 wm_server.test.wm_server: WMS5 raw-pointer and window-mirror fan-out is WM-only (kind 19/20 routing)...OK
353/478 wm_server.test.wm_server: remove_user_at fans a RELEASED mirror to the WM (M42 UX, flags bit 13)...OK
354/478 wm_server.test.wm_server: SET_STATE counter + keyboard fan-out (claim 4278, WMS5 Gate 2)...OK
355/478 wm_server.test.wm_server: OVERVIEW counter + opcode freeze (WM2, issue #707 card 2)...OK
356/478 wm_server.test.wm_server: COMPOSITE_TICK is delivered only to the registered WM with the present sequence...OK
357/478 wm_server.test.wm_server: the scanout grant is WM-seat-only; teardown clears the seat (claim 7397)...OK
358/478 wm_server.test.wm_server: REQUEST_PRESENT advances the present sequence and count...OK
359/478 elf.test.elf: minimal valid ELF32 parses with correct entry...OK
360/478 elf.test.elf: rejects bad magic, classes, endianness, and machine...OK
361/478 elf.test.elf: rejects truncated headers and tables...OK
362/478 elf.test.elf: rejects out-of-range and oversized segments...OK
363/478 elf.test.elf: enforces W^X segment flags and placement contract...OK
364/478 elf.test.elf: ELF64 parses and reports entry_rel correctly...OK
365/478 elf.test.elf: two-segment layout validates the data-base contract...OK
366/478 elf.test.elf: collect_symbols reads a hand-built symtab...OK
367/478 elf.test.elf: PT_INTERP and PT_DYNAMIC program headers are parsed...OK
368/478 elf.test.elf: auxv encoding and decoding...OK
369/478 elf.test.elf: dynamic tags parsing and relocation resolution...OK
370/478 symbol.test.symbol: add, count, get, and truncation...OK
371/478 symbol.test.symbol: lookup resolves the covering range and offset...OK
372/478 symbol.test.symbol: reset clears between programs...OK
373/478 symbol.test.symbol: full table refuses adds...OK
374/478 mailbox.test.mailbox: send/peek/drop round-trips a message FIFO...OK
375/478 mailbox.test.mailbox: ring wraps and a full ring refuses without losing bytes...OK
376/478 mailbox.test.mailbox: send/peek respect the 64-byte slot bound and truncate...OK
377/478 mailbox.test.mailbox: reset clears a ring and its counters (recycled process ids)...OK
378/478 mailbox.test.mailbox: out-of-range pids are defensive no-ops...OK
379/478 app_timers.test.app_timers: set/cancel/fire countdown round-trips a TIMER event...OK
380/478 app_timers.test.app_timers: clamping — 0 clamps to 1 tick, over-long truncates at max...OK
381/478 app_timers.test.app_timers: cancel disarms; re-arm replaces a pending timer...OK
382/478 app_timers.test.app_timers: per-process isolation, out-of-range pids, and reset...OK
383/478 app_timers.test.app_timers: a fired event wakes a blocked sys_wait_event task through the hook...OK
384/478 exceptions.test.exceptions: ec_name decodes known and unknown classes...OK
385/478 exceptions.test.exceptions: mode_name decodes SPSR M field...OK
386/478 exceptions.test.exceptions: vector-frame helpers match the reverse stp layout...OK
387/478 exceptions.test.exceptions: only AArch64 SVC from EL0t reaches the SVC seam...OK
388/478 exceptions.test.exceptions: is_from_el0 matches SPSR M field 0x0 only...OK
389/478 exceptions.test.exceptions: an EL0 sync fault reaches the fault dispatcher and resumes its frame...OK
390/478 exceptions.test.exceptions: SVC dispatcher mutates x0 and resumes the same EL0 frame...OK
391/478 exceptions.test.exceptions: handled SVC may select another existing scheduler frame...OK
392/478 exceptions.test.exceptions: kind_name is stable...OK
393/478 exceptions.test.exceptions: resume decision is sync-and-armed only...OK
394/478 exceptions.test.exceptions: format_report is deterministic (resume path)...OK
395/478 exceptions.test.exceptions: format_report is deterministic (park path, irq)...OK
396/478 exceptions.test.exceptions: install and trigger never execute in a host test process...OK
397/478 exceptions.test.exceptions: report buffer is bounded (max-size fields never overflow)...OK
398/478 exceptions.test.exceptions: try_handle_page_fault demand zero-fill and COW splitting...OK
399/478 virtio_net.test.virtio_net: feature selection negotiates VER1 + MAC only...OK
400/478 virtio_net.test.virtio_net: MAC read — feature path vs fixed fallback...OK
401/478 virtio_net.test.virtio_net: known-frame build is byte-exact against the fixture...OK
402/478 virtio_net.test.virtio_net: staging bounds — payload truncation is honest...OK
403/478 virtio_net.test.virtio_net: used-ring drain accounting is exact...OK
404/478 virtio_net.test.virtio_net: full TX submit + drain over a mock transport...OK
405/478 virtio_net.test.virtio_net: MAC filter — own MAC + broadcast accepted, other dropped...OK
406/478 virtio_net.test.virtio_net: bounded frame FIFO — push, pop, occupancy, drop-oldest...OK
407/478 virtio_net.test.virtio_net: RX supply + used-ring drain + filter + FIFO over a mock...OK
408/478 virtio_net.test.virtio_net: RX MAC filter drops a foreign frame (counter, not FIFO)...OK
409/478 virtio_net.test.virtio_net: RX ARP request is answered — byte-exact reply on TX over a mock...OK
410/478 virtio_net.test.virtio_net: RX ARP reply is learned into the bounded table...OK
411/478 arp.test.arp: dotted-quad parse — valid, malformed, out-of-range...OK
412/478 arp.test.arp: build_request is byte-exact against the fixture...OK
413/478 arp.test.arp: build_reply is byte-exact against the fixture...OK
414/478 arp.test.arp: classify — request-for-us, not-for-us, reply, non-ARP, malformed...OK
415/478 arp.test.arp: bounded table — lookup, upsert in place, first-free, drop-oldest...OK
416/478 arp.test.arp: handle_rx — answer for us, learn a reply, drop the rest...OK
417/478 secret.test.secret: defaults and the two principals...OK
418/478 secret.test.secret: set/parse bounds — 32/64 field caps and 8-entry store cap...OK
419/478 secret.test.secret: round-trip parse/serialize preserves values per uid...OK
420/478 secret.test.secret: sys_secret_get wire records are fixed-size and value-carrying...OK
421/478 secret.test.secret: malformed lines are skipped; unknown schema refuses the file...OK
422/478 secret.test.secret: the 8-entry cap counts the table, not one principal...OK
423/478 shared_region.test.shared_region: capacity bound...OK
424/478 shared_region.test.shared_region: owner always granted; a peer is WM-only...OK
425/478 shared_region.test.shared_region: no WM registered means no peer reads at all...OK
426/478 shared_region.test.shared_region: grant_read / drop_read maintain the read refcount...OK
427/478 shared_region.test.shared_region: teardown revokes every peer and frees the descriptor...OK
428/478 shared_region.test.shared_region: stale handle after teardown cannot re-grant old peers...OK
429/478 shared_region.test.shared_region: a reused slot starts clean — no stale SB2 wiring survives...OK
430/478 udp.test.udp: RFC 1071 pseudo-header checksum — known vector + fold...OK
431/478 udp.test.udp: build_datagram is byte-exact against the fixture...OK
432/478 udp.test.udp: build_frame is byte-exact against the fixture...OK
433/478 udp.test.udp: listen table — add, duplicate, full, close...OK
434/478 udp.test.udp: peek — copies without consuming, is_listening distinguishes...OK
435/478 udp.test.udp: handle_rx — deliver to a listener, drop badsum / closed / short...OK
436/478 udp.test.udp: bounded per-listener buffer — drop-oldest at 4...OK
437/478 udp.test.udp: loopback — send to our own IP delivers locally, no TX...OK
438/478 ipv4.test.ipv4: RFC 1071 checksum — known vector + odd length...OK
439/478 ipv4.test.ipv4: build_echo_request is byte-exact against the fixture...OK
440/478 ipv4.test.ipv4: build_echo_reply — swapped, echoed, byte-exact, checksums valid...OK
441/478 ipv4.test.ipv4: classify — fragments, bad checksums, foreign protocols, foreign dst...OK
442/478 ipv4.test.ipv4: handle_rx — answer an echo for us, observe a reply, drop the rest...OK
443/478 ipv4.test.ipv4: protocol dispatch — UDP (17) is handed to udp, TCP (6) to the tcp client...OK
444/478 pipe.test.pipe: write/read round-trips through the buffer...OK
445/478 pipe.test.pipe: overflow is dropped, never wraps...OK
446/478 pipe.test.pipe: sink console captures writes, source console feeds reads...OK
447/478 tombstone.test.tombstone: record and retrieve...OK
448/478 tombstone.test.tombstone: drop-oldest overflow...OK
449/478 tombstone.test.tombstone: format includes header...OK
450/478 tombstone.test.tombstone: crash inside a known symbol carries the note...OK
451/478 road_pops.test.road_pops: write tees to serial first, then the framebuffer...OK
452/478 road_pops.test.road_pops: drain presents once per dirty batch...OK
453/478 road_pops.test.road_pops: the first present emits the boot-banner evidence once...OK
454/478 road_pops.test.road_pops: no target degrades to serial-only (default VM)...OK
455/478 road_pops.test.road_pops: flush flushes the base and drains...OK
456/478 road_pops.test.road_pops: readByte delegates to the base (input stays on serial)...OK
457/478 road_pops.test.road_pops: a keyboard read source is consulted before serial (card I3)...OK
458/478 road_pops.test.road_pops: clear_framebuffer forwards to the target only...OK
459/478 road_pops.test.road_pops: report reflects armed/dirty/presents...OK
460/478 input.test.input: hid_to_ascii maps the usable subset (unshifted + shifted)...OK
461/478 input.test.input: usages outside the usable subset are refused (no invented bytes)...OK
462/478 input.test.input: hid_to_bytes maps the nav cluster to ESC sequences...OK
463/478 input.test.input: hid_to_bytes maps ctrl+a-z to ASCII control codes...OK
464/478 input.test.input: WMS8 Gate 5 — the drained geometry chords fan out but the kernel no longer consumes them (claim 9879)...OK
465/478 input.test.input: keyboard report decode pushes a ctrl chord and an arrow sequence...OK
466/478 input.test.input: keyboard report decode pushes key-down bytes with shift...OK
467/478 input.test.input: a held key does not re-fire (no repeat on unchanged report)...OK
468/478 input.test.input: FIFO is bounded and drops on overflow, never wrapping...OK
469/478 input.test.input: pointer report is recorded best-effort (buttons + LE X/Y)...OK
470/478 input.test.input: drain is a no-op when unarmed...OK
471/478 input.test.input: hid_modifiers_to_flags maps modifiers to ADR 0009 bitmasks...OK
472/478 input.test.input: keyboard routing delivers KEY_DOWN and KEY_UP events to focused user window...OK
473/478 input.test.input: a window-bound terminal receives encoded keys, not app events (#1082 A5)...OK
474/478 dns.test.dns: query encoding for standard hostname...OK
475/478 dns.test.dns: response parsing with direct question and answer...OK
476/478 dns.test.dns: response error conditions...OK
477/478 net_log.test.net_log: append and retrieve...OK
478/478 net_log.test.net_log: ring buffer wrap around...OK
All 478 tests passed.
=== transcript gate 2: emitted transcript vs canonical fixture ===
verify-transcript: PASS — mock transcript is byte-identical to the canonical fixture
zig build
elf2bin: ./.zig-cache/o/62d88ecd17faca1c47ca7f458948977a/user-desktop -> /Users/tbuddy/t3/zig/virelaios-buffy/.zig-cache/o/f052ca220ce9bc4a76cd0b39297ea12d/DESKTOP.BIN: entry_offset=0x30 image_size=20528 text=20480 data=0 (bss tail 81584) from 3 PT_LOAD segment(s)
elf2bin: ./.zig-cache/o/3b5e34cd8a3839720dfa5d875313811b/user-hardening-victim -> /Users/tbuddy/t3/zig/virelaios-buffy/.zig-cache/o/a5ae34555290f8d83916ebd557804409/VICTIM.BIN: entry_offset=0x30 image_size=4144 text=4096 data=0 (bss tail 1112) from 3 PT_LOAD segment(s)
elf2bin: ./.zig-cache/o/61aa335f234cb62de38df8b62f2d6cbf/user-schedring -> /Users/tbuddy/t3/zig/virelaios-buffy/.zig-cache/o/c9693cfd8144d5a328b45ae3cdb58a3b/SCHEDRING.BIN: entry_offset=0x18 image_size=213 (content 189 bytes from 1 PT_LOAD segment(s))
elf2bin: ./.zig-cache/o/62a9cea750bd42bdd052e965813a3e99/user-winclose -> /Users/tbuddy/t3/zig/virelaios-buffy/.zig-cache/o/434b12169480cfa9405841b0d16e0674/WINCLOSE.BIN: entry_offset=0x18 image_size=261 (content 237 bytes from 1 PT_LOAD segment(s))
elf2bin: ./.zig-cache/o/1a0c45b011c3a3d69a9b2868497ef8fb/user-smpst-ev -> /Users/tbuddy/t3/zig/virelaios-buffy/.zig-cache/o/35e0d4d50f1626895df46ce767d511b1/SMPEV.BIN: entry_offset=0x30 image_size=4144 text=4096 data=0 (bss tail 4) from 3 PT_LOAD segment(s)
elf2bin: ./.zig-cache/o/aeae522adf173262be7817e1117ca1ff/user-chime -> /Users/tbuddy/t3/zig/virelaios-buffy/.zig-cache/o/17f114d161e5555946e9fa25d5bb3659/CHIME.BIN: entry_offset=0x18 image_size=8688 (content 8664 bytes from 2 PT_LOAD segment(s))
elf2bin: ./.zig-cache/o/f5768c5e5919c564591eb5febe27cc7a/user-sb2-wm -> /Users/tbuddy/t3/zig/virelaios-buffy/.zig-cache/o/1563b990dc0b33e2f253429e14f6f430/SB2WM.BIN: entry_offset=0x18 image_size=1824 (content 1800 bytes from 2 PT_LOAD segment(s))
elf2bin: ./.zig-cache/o/163c3715b116cb48b252e9b8fbe69a19/user-timertest -> /Users/tbuddy/t3/zig/virelaios-buffy/.zig-cache/o/621ceda2d0cbe15d8c74a95c22e60df1/TIMER.BIN: entry_offset=0x18 image_size=1129 (content 1105 bytes from 2 PT_LOAD segment(s))
elf2bin: ./.zig-cache/o/007bd6ae8bd8f2e576bffe0c6f7683b8/user-spin -> /Users/tbuddy/t3/zig/virelaios-buffy/.zig-cache/o/3310081817ff577c91aa8029af3cbe65/SPIN.BIN: entry_offset=0x18 image_size=132 (content 108 bytes from 1 PT_LOAD segment(s))
elf2bin: ./.zig-cache/o/f2f27d3ff7a65a8b192af10c54be715c/user-savetext -> /Users/tbuddy/t3/zig/virelaios-buffy/.zig-cache/o/5f48c9edc2ba2b52da51439e2781d407/SAVETEXT.BIN: entry_offset=0x18 image_size=225 (content 201 bytes from 1 PT_LOAD segment(s))
elf2bin: ./.zig-cache/o/a35109b17aa5a22808d4d9b0590b432f/user-globals -> /Users/tbuddy/t3/zig/virelaios-buffy/.zig-cache/o/e0d821e16de95774f06d31a674562d22/GLOBALS.BIN: entry_offset=0x30 image_size=28728 text=28672 data=8 (bss tail 4104) from 3 PT_LOAD segment(s)
elf2bin: ./.zig-cache/o/74c617e0845f1927658ee788f7af74ee/user-sb6old -> /Users/tbuddy/t3/zig/virelaios-buffy/.zig-cache/o/da645c5a2f698d227770d0ef40e026b3/SB6OLD.BIN: entry_offset=0x18 image_size=476 (content 452 bytes from 2 PT_LOAD segment(s))
elf2bin: ./.zig-cache/o/f85e04b7137f6c014f4378bba9f52171/user-ttyecho -> /Users/tbuddy/t3/zig/virelaios-buffy/.zig-cache/o/2ee0533814d47c7ed19c66a14153e8bd/TTYECHO.BIN: entry_offset=0x18 image_size=1280 (content 1256 bytes from 2 PT_LOAD segment(s))
elf2bin: ./.zig-cache/o/0f3e9197ddd18a8f3a4de1bdaffbf7ff/user-ping -> /Users/tbuddy/t3/zig/virelaios-buffy/.zig-cache/o/a37f7bcb7a98144e30d883efb588950d/PING.BIN: entry_offset=0x18 image_size=5670 (content 5646 bytes from 2 PT_LOAD segment(s))
elf2bin: ./.zig-cache/o/f9407676a39ef9ba3aeaf23fd274c719/user-tcp -> /Users/tbuddy/t3/zig/virelaios-buffy/.zig-cache/o/9b8acf8056feb240c1e1c0717c3d7acd/TCP.BIN: entry_offset=0x18 image_size=267 (content 243 bytes from 1 PT_LOAD segment(s))
elf2bin: ./.zig-cache/o/782480d899b0df464a5049d8e8b264f4/user-vmtest -> /Users/tbuddy/t3/zig/virelaios-buffy/.zig-cache/o/61affd2c02aef8536012cce35bc927b1/VMTEST.BIN: entry_offset=0x18 image_size=968 (content 944 bytes from 2 PT_LOAD segment(s))
elf2bin: ./.zig-cache/o/fadf66e97ac9d41d2a57e8bd67cddf1d/user-tool -> /Users/tbuddy/t3/zig/virelaios-buffy/.zig-cache/o/cbd18a176afc7d6a4611fe8249d5ef5a/TOOL.BIN: entry_offset=0x30 image_size=12336 text=12288 data=0 (bss tail 45608) from 3 PT_LOAD segment(s)
elf2bin: ./.zig-cache/o/e201b070c941fdc8aa82d922f3bb106a/user-type -> /Users/tbuddy/t3/zig/virelaios-buffy/.zig-cache/o/137d3996404df66f23f2cf122bd4c1b4/TYPE.BIN: entry_offset=0x18 image_size=232 (content 208 bytes from 1 PT_LOAD segment(s))
elf2bin: ./.zig-cache/o/a979765a5f21890fbdc11d69a2ad6e1e/user-counter -> /Users/tbuddy/t3/zig/virelaios-buffy/.zig-cache/o/274b3bb3098667d7574af448979460ee/COUNTER.BIN: entry_offset=0x18 image_size=940 (content 916 bytes from 1 PT_LOAD segment(s))
elf2bin: ./.zig-cache/o/e7bc704131b1ef63a4b522d24177b49e/user-cryptod -> /Users/tbuddy/t3/zig/virelaios-buffy/.zig-cache/o/1fbbc2f551f158dcdb37523d7f417227/CRYPTOD.BIN: entry_offset=0x18 image_size=2464 (content 2440 bytes from 2 PT_LOAD segment(s))
elf2bin: ./.zig-cache/o/fca2db98e97c86fe311bf9abfbe4d142/user-sshpacket -> /Users/tbuddy/t3/zig/virelaios-buffy/.zig-cache/o/e9bea951bd8ad96874d2cde14366631f/SSHPACKET.BIN: entry_offset=0x30 image_size=4144 text=4096 data=0 (bss tail 35000) from 3 PT_LOAD segment(s)
elf2bin: ./.zig-cache/o/6fc5f5bdb2fd4e2b52d6502e6fde2d03/user-edit -> /Users/tbuddy/t3/zig/virelaios-buffy/.zig-cache/o/e42dbc0e5266931b3830a81998698222/EDIT.BIN: entry_offset=0x30 image_size=246160 text=49152 data=196960 (bss tail 115880) from 3 PT_LOAD segment(s)
elf2bin: ./.zig-cache/o/20c57eaed3227bc3bf247d84ca40e64d/user-sb3-wm -> /Users/tbuddy/t3/zig/virelaios-buffy/.zig-cache/o/104be06a3912671b3e191e14a998b618/SB3WM.BIN: entry_offset=0x18 image_size=1960 (content 1936 bytes from 2 PT_LOAD segment(s))
elf2bin: ./.zig-cache/o/c4f480b235b0dc450d8243e83310a881/user-smpst-net -> /Users/tbuddy/t3/zig/virelaios-buffy/.zig-cache/o/a04d5c49fe373f963fd5fabd755b749c/SMPNET.BIN: entry_offset=0x30 image_size=4144 text=4096 data=0 (bss tail 4) from 3 PT_LOAD segment(s)
elf2bin: ./.zig-cache/o/c0c2b131ce3672d632cb110fe1ae8f32/user-sb2-own -> /Users/tbuddy/t3/zig/virelaios-buffy/.zig-cache/o/8d4b9b164a687ff2214e98b91a16582d/SB2OWN.BIN: entry_offset=0x18 image_size=979 (content 955 bytes from 2 PT_LOAD segment(s))
elf2bin: ./.zig-cache/o/e836583a1d9e1213cb3a197c4bb5d9d7/user-sb3-own -> /Users/tbuddy/t3/zig/virelaios-buffy/.zig-cache/o/447c7056eb95c7e6d76803f4e99e8720/SB3OWN.BIN: entry_offset=0x18 image_size=1127 (content 1103 bytes from 2 PT_LOAD segment(s))
elf2bin: ./.zig-cache/o/d0b09fa71df87ee5bd6f750fd68af04a/user-smp1 -> /Users/tbuddy/t3/zig/virelaios-buffy/.zig-cache/o/3d4e8b79ba9e0b52eabcd7675019cd1b/SMP1.BIN: entry_offset=0x18 image_size=159 (content 135 bytes from 1 PT_LOAD segment(s))
elf2bin: ./.zig-cache/o/15778380dfdb1be7777272d6b41329d5/user-sb5wm -> /Users/tbuddy/t3/zig/virelaios-buffy/.zig-cache/o/2bf4840a538609c9dbce005a216ef718/SB5WM.BIN: entry_offset=0x18 image_size=2256 (content 2232 bytes from 2 PT_LOAD segment(s))
elf2bin: ./.zig-cache/o/fb5b92e14c20acc444254cef660afa62/user-hello -> /Users/tbuddy/t3/zig/virelaios-buffy/.zig-cache/o/4923d4db50b18a9a744246347382413e/USER.BIN: entry_offset=0x18 image_size=397 (content 373 bytes from 1 PT_LOAD segment(s))
elf2bin: ./.zig-cache/o/9c1da1d41050cfbb9bd37cc0264f1561/user-file-browser -> /Users/tbuddy/t3/zig/virelaios-buffy/.zig-cache/o/dd69f65d5e4a57759d81f1c9e51ff7c2/FILE.BIN: entry_offset=0x30 image_size=49248 text=49152 data=48 (bss tail 81584) from 3 PT_LOAD segment(s)
elf2bin: ./.zig-cache/o/66fa0751306476561b4551cf190495c3/user-settings -> /Users/tbuddy/t3/zig/virelaios-buffy/.zig-cache/o/0018e9983a936b8240e0bf71a5dac8f9/SETTINGS.BIN: entry_offset=0x30 image_size=20576 text=20480 data=48 (bss tail 81584) from 3 PT_LOAD segment(s)
elf2bin: ./.zig-cache/o/40211aa60a52d3d1e90e5715e195429b/user-m21demo -> /Users/tbuddy/t3/zig/virelaios-buffy/.zig-cache/o/f01fd0b126ee430fcac00e2f4abc7237/M21DEMO.BIN: entry_offset=0x18 image_size=593 (content 569 bytes from 1 PT_LOAD segment(s))
elf2bin: ./.zig-cache/o/fa43d23b22520b7745c39dfeb0b25404/user-jingle -> /Users/tbuddy/t3/zig/virelaios-buffy/.zig-cache/o/9267c0e453926c90561be0e71ae823e3/JINGLE.BIN: entry_offset=0x18 image_size=8624 (content 8600 bytes from 2 PT_LOAD segment(s))
elf2bin: ./.zig-cache/o/c28c32158faa2b62dca9c21fcbe3946d/user-smpst-win -> /Users/tbuddy/t3/zig/virelaios-buffy/.zig-cache/o/6df07674e56ff267c1494a82d8bfe051/SMPWIN.BIN: entry_offset=0x30 image_size=4144 text=4096 data=0 (bss tail 4) from 3 PT_LOAD segment(s)
elf2bin: ./.zig-cache/o/56bf73911621b2c53337464f9a23b83a/user-dns -> /Users/tbuddy/t3/zig/virelaios-buffy/.zig-cache/o/1abf47b9348c1d316aa545f2f224e6a3/DNS.BIN: entry_offset=0x18 image_size=4711 (content 4687 bytes from 2 PT_LOAD segment(s))
elf2bin: ./.zig-cache/o/68c052b506e482921b62238a48d56ce2/user-winloop -> /Users/tbuddy/t3/zig/virelaios-buffy/.zig-cache/o/bd2bbf64edaf5aceb8fb7d2a7bbed097/WINLOOP.BIN: entry_offset=0x18 image_size=417 (content 393 bytes from 1 PT_LOAD segment(s))
elf2bin: ./.zig-cache/o/7e0a89ac6e277f71f1b20521aae9b422/user-zc -> /Users/tbuddy/t3/zig/virelaios-buffy/.zig-cache/o/b441f20e8c539c78cb9c2731a4f00d7d/ZC.BIN: entry_offset=0x30 image_size=32816 text=32768 data=0 (bss tail 216184) from 3 PT_LOAD segment(s)
elf2bin: ./.zig-cache/o/05ecd362573125f626584951545b35ff/user-tabhold -> /Users/tbuddy/t3/zig/virelaios-buffy/.zig-cache/o/7e12fbc85ee9d51844b3cd82834699d9/TABHOLD.BIN: entry_offset=0x18 image_size=2440 (content 2416 bytes from 2 PT_LOAD segment(s))
elf2bin: ./.zig-cache/o/29a67717970d3078d6c62b9a741f44a4/user-peer -> /Users/tbuddy/t3/zig/virelaios-buffy/.zig-cache/o/6830c98005cfa1a5b1bb8fa4802e1ed4/PEER.BIN: entry_offset=0x18 image_size=623 (content 599 bytes from 1 PT_LOAD segment(s))
elf2bin: ./.zig-cache/o/6896299aae477e47e72d2e4f6f560b3e/virelai-kernel -> /Users/tbuddy/t3/zig/virelaios-buffy/.zig-cache/o/ae1d6f63cce1c2f50abeea2cf759007c/KERNEL.BIN: entry_offset=0x28 image_size=8806096 (4 PT_LOAD segment(s), 114 absolute reloc(s))
elf2bin: ./.zig-cache/o/52b351e80a2e3aa7e9aa0dfa88c1cc19/user-traceroute -> /Users/tbuddy/t3/zig/virelaios-buffy/.zig-cache/o/25b6dd58726c7cd0f115f8a2a80c0d10/TRACEROUTE.BIN: entry_offset=0x18 image_size=2464 (content 2440 bytes from 2 PT_LOAD segment(s))
elf2bin: ./.zig-cache/o/1f08a96038c71da871c1cec97d0da96e/user-download -> /Users/tbuddy/t3/zig/virelaios-buffy/.zig-cache/o/2879a4ac153c407cde24819d227e6f76/DOWNLOAD.BIN: entry_offset=0x18 image_size=3255 (content 3231 bytes from 2 PT_LOAD segment(s))
elf2bin: ./.zig-cache/o/49456f46727ee7883e7d452ca9712e1e/user-netstat -> /Users/tbuddy/t3/zig/virelaios-buffy/.zig-cache/o/f779ae0024cfed9961b9c764799681e3/NETSTAT.BIN: entry_offset=0x30 image_size=16432 text=16384 data=0 (bss tail 81824) from 3 PT_LOAD segment(s)
elf2bin: ./.zig-cache/o/dd778c19ebecdd6cafe4f7ce56e08f9b/user-sexitest -> /Users/tbuddy/t3/zig/virelaios-buffy/.zig-cache/o/4c39906adcc15d3ee6eddae6d8da3d23/SEXITEST.BIN: entry_offset=0x18 image_size=3088 (content 3064 bytes from 2 PT_LOAD segment(s))
elf2bin: ./.zig-cache/o/59fb174b70077361d52d9d3466ce6ca7/user-ttyed -> /Users/tbuddy/t3/zig/virelaios-buffy/.zig-cache/o/265c62f0d8c4fed76417383e0b200dc0/TTYED.BIN: entry_offset=0x18 image_size=8477 (content 8453 bytes from 2 PT_LOAD segment(s))
elf2bin: ./.zig-cache/o/280c6590a41935294bb1e6450d6f5e00/user-netprof -> /Users/tbuddy/t3/zig/virelaios-buffy/.zig-cache/o/70d028439e9b98938f987273be33aea6/NETPROF.BIN: entry_offset=0x18 image_size=4345 (content 4321 bytes from 2 PT_LOAD segment(s))
elf2bin: ./.zig-cache/o/1c51c1c241c4f27583d14ee5890020e9/user-wnd -> /Users/tbuddy/t3/zig/virelaios-buffy/.zig-cache/o/c9ce8ea54bbbd50f9dabd574977a171c/WND.BIN: entry_offset=0x30 image_size=54504 text=53248 data=1208 (bss tail 193864) from 3 PT_LOAD segment(s)
elf2bin: ./.zig-cache/o/079b546b40be93ef452bff1114e1f747/user-asm -> /Users/tbuddy/t3/zig/virelaios-buffy/.zig-cache/o/3d81be951d19a24d0a49a62475ebcbc6/ASM.BIN: entry_offset=0x18 image_size=12690 (content 12666 bytes from 2 PT_LOAD segment(s))
elf2bin: ./.zig-cache/o/a7479d864281a8fbdc52d4f5b485d8b6/user-sysmon -> /Users/tbuddy/t3/zig/virelaios-buffy/.zig-cache/o/cff6a25b2f6ec0664bb011a547c1d694/SYSMON.BIN: entry_offset=0x30 image_size=20576 text=20480 data=48 (bss tail 81584) from 3 PT_LOAD segment(s)
elf2bin: ./.zig-cache/o/b5e02d1b0e6ad72efadc3599cad77f28/user-sexiburg -> /Users/tbuddy/t3/zig/virelaios-buffy/.zig-cache/o/5e5c0055f0f347d5dc04ca2e31a49c2f/SEXIBURG.BIN: entry_offset=0x30 image_size=45104 text=45056 data=0 (bss tail 109392) from 3 PT_LOAD segment(s)
elf2bin: ./.zig-cache/o/327038c49bfb7d9cfc1552a194ab8adc/user-udp -> /Users/tbuddy/t3/zig/virelaios-buffy/.zig-cache/o/f4a6de1139d771a6541212f99727b229/UDP.BIN: entry_offset=0x18 image_size=605 (content 581 bytes from 1 PT_LOAD segment(s))
elf2bin: ./.zig-cache/o/9ec26232511c89d73b7a3d29cfb1fe75/user-blkd -> /Users/tbuddy/t3/zig/virelaios-buffy/.zig-cache/o/b3d389a14a9094ada01fe8642f4c5e61/BLKD.BIN: entry_offset=0x18 image_size=247 (content 223 bytes from 1 PT_LOAD segment(s))
elf2bin: ./.zig-cache/o/c7775a19afa69f6056ea780c30451b7e/user-devcons -> /Users/tbuddy/t3/zig/virelaios-buffy/.zig-cache/o/f91f96b281dbd482e54a7b1fba1e4042/DEVCONS.BIN: entry_offset=0x30 image_size=16492 text=16384 data=60 (bss tail 118508) from 3 PT_LOAD segment(s)
elf2bin: ./.zig-cache/o/5adb34350cb5314f7a6cf4155fce811d/user-winmove -> /Users/tbuddy/t3/zig/virelaios-buffy/.zig-cache/o/c4632594125cfd688f1d12ed19f8cabe/WINMOVE.BIN: entry_offset=0x18 image_size=1340 (content 1316 bytes from 1 PT_LOAD segment(s))
elf2bin: ./.zig-cache/o/3edf7625e5551217205ebc6bed3c2a67/user-sb5own -> /Users/tbuddy/t3/zig/virelaios-buffy/.zig-cache/o/1f3c94b558f79b9a0cfd1bbc3be2733b/SB5OWN.BIN: entry_offset=0x18 image_size=1141 (content 1117 bytes from 2 PT_LOAD segment(s))
elf2bin: ./.zig-cache/o/11e3deb78b0cbd60312998a90bc6dd62/user-tabwm -> /Users/tbuddy/t3/zig/virelaios-buffy/.zig-cache/o/0955a672a1bdbc7c6be63fa4dec0ccca/TABWM.BIN: entry_offset=0x30 image_size=45152 text=45056 data=48 (bss tail 96792) from 3 PT_LOAD segment(s)
elf2bin: ./.zig-cache/o/00614567227ed0750ff215114f5daf02/user-httpd -> /Users/tbuddy/t3/zig/virelaios-buffy/.zig-cache/o/7d6e3810046867b5ffd40857b88ded1c/HTTPD.BIN: entry_offset=0x18 image_size=15305 (content 15281 bytes from 2 PT_LOAD segment(s))
elf2bin: ./.zig-cache/o/979ce995d012968d3c0b2d4a50cddf0f/user-keytest -> /Users/tbuddy/t3/zig/virelaios-buffy/.zig-cache/o/67a4105f361f2f6df718f0eb981f7eab/KEYTEST.BIN: entry_offset=0x18 image_size=645 (content 621 bytes from 1 PT_LOAD segment(s))
elf2bin: ./.zig-cache/o/e87a26c1cb99bf99403905f578fa47b1/user-smpst-file -> /Users/tbuddy/t3/zig/virelaios-buffy/.zig-cache/o/41a1c9e4c339065d7e7859d916273247/SMPFILE.BIN: entry_offset=0x30 image_size=4144 text=4096 data=0 (bss tail 4) from 3 PT_LOAD segment(s)
elf2bin: ./.zig-cache/o/1a0aa6f912e67311fd4d7ad9894e2acf/user-wasm -> /Users/tbuddy/t3/zig/virelaios-buffy/.zig-cache/o/b4bb5509ec9df416fac0ede6dedd68e7/WASM.BIN: entry_offset=0x30 image_size=63456 text=32768 data=30640 (bss tail 152728) from 3 PT_LOAD segment(s)
elf2bin: ./.zig-cache/o/f80c512bfd0155cbc64d8f1b4c7836ce/user-sb6new -> /Users/tbuddy/t3/zig/virelaios-buffy/.zig-cache/o/5840703454467ad07b262de403f979da/SB6NEW.BIN: entry_offset=0x18 image_size=1273 (content 1249 bytes from 2 PT_LOAD segment(s))
elf2bin: ./.zig-cache/o/e46dbef62097feb9439abbd666aad58c/user-calc -> /Users/tbuddy/t3/zig/virelaios-buffy/.zig-cache/o/117af1bb1c5c812810aba63cffdfabe0/CALC.BIN: entry_offset=0x30 image_size=82016 text=81920 data=48 (bss tail 81592) from 3 PT_LOAD segment(s)
elf2bin: ./.zig-cache/o/d29ef46800a9f8da1f0b9203f25854d7/user-win -> /Users/tbuddy/t3/zig/virelaios-buffy/.zig-cache/o/98158495db791286fe2bdf0681599033/WIN.BIN: entry_offset=0x18 image_size=364 (content 340 bytes from 1 PT_LOAD segment(s))
elf2bin: ./.zig-cache/o/07b8b8976913a69e99dfc66928bbd2bb/user-dir -> /Users/tbuddy/t3/zig/virelaios-buffy/.zig-cache/o/656b1dadd46cb9a25bbd2064cfd913d7/DIR.BIN: entry_offset=0x18 image_size=248 (content 224 bytes from 1 PT_LOAD segment(s))
elf2bin: ./.zig-cache/o/8e574a4add9fc849964993aa5791e724/user-disas -> /Users/tbuddy/t3/zig/virelaios-buffy/.zig-cache/o/1b0b2c9078e97ff323cf3b4c0979db21/DISAS.BIN: entry_offset=0x18 image_size=6496 (content 6472 bytes from 2 PT_LOAD segment(s))
elf2bin: ./.zig-cache/o/928d47c5e84e54f5cd2e966ecf17751b/user-status43 -> /Users/tbuddy/t3/zig/virelaios-buffy/.zig-cache/o/9281447764ccd917bdf36062aeb968f7/STATUS43.BIN: entry_offset=0x18 image_size=134 (content 110 bytes from 1 PT_LOAD segment(s))
elf2bin: ./.zig-cache/o/a58a0bb5b06df16ebc60d60a47665261/user-term -> /Users/tbuddy/t3/zig/virelaios-buffy/.zig-cache/o/050cba1ce6ba1caa2c5c26c2dfa9e9c5/TERM.BIN: entry_offset=0x30 image_size=94264 text=94208 data=8 (bss tail 78712) from 3 PT_LOAD segment(s)
elf2bin: ./.zig-cache/o/4fe4e66a7e5df4c5275c77acbf79384a/user-fetch -> /Users/tbuddy/t3/zig/virelaios-buffy/.zig-cache/o/8fc758c2d562fb70cc681eed9d22c2e1/FETCH.BIN: entry_offset=0x18 image_size=2979 (content 2955 bytes from 2 PT_LOAD segment(s))
elf2bin: ./.zig-cache/o/2581ca982d4b183f7fa57c3c96e2f52a/user-ps -> /Users/tbuddy/t3/zig/virelaios-buffy/.zig-cache/o/a6758f073009057878976ec1c6d597ed/PS.BIN: entry_offset=0x30 image_size=12336 text=12288 data=0 (bss tail 82800) from 3 PT_LOAD segment(s)
elf2bin: ./.zig-cache/o/dcebd72daaf9118968afe7881649c2f1/user-wmrpc -> /Users/tbuddy/t3/zig/virelaios-buffy/.zig-cache/o/5497cc53eb13a62a455c2e1325a4c8bc/WMRPC.BIN: entry_offset=0x18 image_size=4366 (content 4342 bytes from 2 PT_LOAD segment(s))
elf2bin: ./.zig-cache/o/709de2fe16ddefbd32df0d377df950c3/user-notepad -> /Users/tbuddy/t3/zig/virelaios-buffy/.zig-cache/o/c8a7a41df651d616b082baef7a8259fb/NOTEPAD.BIN: entry_offset=0x30 image_size=28768 text=28672 data=48 (bss tail 81584) from 3 PT_LOAD segment(s)
elf2bin: ./.zig-cache/o/755816472d88a09b770e0c3c72b1320e/user-harden -> /Users/tbuddy/t3/zig/virelaios-buffy/.zig-cache/o/5fc4aa0078be3b544b21ee2596b2a548/HARDEN.BIN: entry_offset=0x18 image_size=714 (content 690 bytes from 2 PT_LOAD segment(s))
elf2bin: ./.zig-cache/o/01565e0c40b5b30e0ec04b9161b832fc/user-wndstub -> /Users/tbuddy/t3/zig/virelaios-buffy/.zig-cache/o/9d3c4fa16f2098c5d1b353d19a283400/WNDSTUB.BIN: entry_offset=0x18 image_size=230 (content 206 bytes from 1 PT_LOAD segment(s))
elf2bin: ./.zig-cache/o/72f095082af6723f5c50c070779cc9a7/user-resmon -> /Users/tbuddy/t3/zig/virelaios-buffy/.zig-cache/o/88b8bf7882e6fb78c030e91cd87761bf/RESMON.BIN: entry_offset=0x30 image_size=12336 text=12288 data=0 (bss tail 82800) from 3 PT_LOAD segment(s)
elf2bin: ./.zig-cache/o/dca46181aaac8f49a8695ed540fb1f77/user-chat -> /Users/tbuddy/t3/zig/virelaios-buffy/.zig-cache/o/31213f14bb58a4325e3a1c3405035dc9/CHAT.BIN: entry_offset=0x30 image_size=12336 text=12288 data=0 (bss tail 81584) from 3 PT_LOAD segment(s)
elf2bin: ./.zig-cache/o/1336ad1f33102c80956a898f919eade2/user-top -> /Users/tbuddy/t3/zig/virelaios-buffy/.zig-cache/o/ffc5c8091d72f7f7577d9f95d07a09c1/TOP.BIN: entry_offset=0x30 image_size=28768 text=28672 data=48 (bss tail 81584) from 3 PT_LOAD segment(s)
elf2bin: ./.zig-cache/o/a66287116fda07f095bd0a3c1c0c9cff/user-view -> /Users/tbuddy/t3/zig/virelaios-buffy/.zig-cache/o/0b1549e6b1feebb155cdcca6e86bc624/VIEW.BIN: entry_offset=0x30 image_size=28904 text=28672 data=184 (bss tail 89880) from 3 PT_LOAD segment(s)
elf2bin: ./.zig-cache/o/272d38816b8c95a2f0d5b3493ee7fba3/user-sh -> /Users/tbuddy/t3/zig/virelaios-buffy/.zig-cache/o/a3156711f60c2a8b1223259dc307bdd6/SH.BIN: entry_offset=0x30 image_size=98360 text=98304 data=8 (bss tail 85824) from 3 PT_LOAD segment(s)
elf2bin: ./.zig-cache/o/af06d442bb220c34cc81381c96db4a61/user-guard -> /Users/tbuddy/t3/zig/virelaios-buffy/.zig-cache/o/b11ea227b310ba0464b0ce271e377027/GUARD.BIN: entry_offset=0x18 image_size=88 (content 64 bytes from 1 PT_LOAD segment(s))
elf2bin: ./.zig-cache/o/ebdeb9429f212268af84b553e76ffc97/user-sb4dam -> /Users/tbuddy/t3/zig/virelaios-buffy/.zig-cache/o/6266d859d9dc20a3a7c9789c8f09f80e/SB4DAM.BIN: entry_offset=0x18 image_size=434 (content 410 bytes from 2 PT_LOAD segment(s))
elf2bin: ./.zig-cache/o/66a965b4f6f925efef917a912ac63470/user-sb6wm -> /Users/tbuddy/t3/zig/virelaios-buffy/.zig-cache/o/fa8996f23a280fa6287a3f6ba468c2b5/SB6WM.BIN: entry_offset=0x18 image_size=2600 (content 2576 bytes from 2 PT_LOAD segment(s))
zig build image
elf2bin: ./.zig-cache/o/6896299aae477e47e72d2e4f6f560b3e/virelai-kernel -> /Users/tbuddy/t3/zig/virelaios-buffy/.zig-cache/o/ae1d6f63cce1c2f50abeea2cf759007c/KERNEL.BIN: entry_offset=0x28 image_size=8806096 (4 PT_LOAD segment(s), 114 absolute reloc(s))
make-image: building FAT32+GPT boot image 'artifacts/disk.img' (0 MiB)...
mkfat32: wrote artifacts/disk.img.tmp (174592 EFI + 8806096 kernel bytes)
make-image: verifying image contents...
size: 35364864 bytes (69072 sectors)
LBA0: MBR present
GPT: valid signature, header crc32=0xde33e5c4
GPT: ESP partition at LBA 2048, 67024 sectors
FAT: boot sig ok, label='VIRELAIOS', 512-byte sectors, 1 sector/cluster, 32 reserved, 2 FATs x 516 sectors, root cluster 2
FAT: directory tree:
  EFI/
    BOOT/
      BOOTAA64.EFI  (174592 bytes)
  KERNEL.BIN  (8806096 bytes)
make-image: done.
zig build inspect
=== EFI binary: ./.zig-cache/o/90e1e79d4695743289c42248e1155def/bootaa64.efi ===
./.zig-cache/o/90e1e79d4695743289c42248e1155def/bootaa64.efi: PE32+ executable (EFI application) Aarch64, for MS Windows
-- llvm-objdump -f (file header) --

./.zig-cache/o/90e1e79d4695743289c42248e1155def/bootaa64.efi:	file format coff-arm64
architecture: aarch64
start address: 0x0000000000000000
-- llvm-objdump --private-headers (PE/COFF) --

./.zig-cache/o/90e1e79d4695743289c42248e1155def/bootaa64.efi:	file format coff-arm64
Characteristics 0x22
	executable
	large address aware

Time/Date               Sat Sep 12 11:18:17 2026
Magic                   020b	(PE32+)
MajorLinkerVersion      14
MinorLinkerVersion      0
SizeOfCode              0000000000022a00
SizeOfInitializedData   0000000000007c00
SizeOfUninitializedData 0000000000000000
AddressOfEntryPoint     000000000001b2bc
BaseOfCode              0000000000001000
ImageBase               0000000000000000
SectionAlignment        00001000
FileAlignment           00000200
MajorOSystemVersion     6
MinorOSystemVersion     0
MajorImageVersion       0
MinorImageVersion       0
MajorSubsystemVersion   6
MinorSubsystemVersion   0
Win32Version            00000000
SizeOfImage             0002d000
SizeOfHeaders           00000400
CheckSum                00000000
Subsystem               0000000a	(EFI application)
DllCharacteristics      00008160
					HIGH_ENTROPY_VA
					DYNAMIC_BASE
					NX_COMPAT
					TERMINAL_SERVER_AWARE
SizeOfStackReserve      0000000001000000
SizeOfStackCommit       0000000000001000
SizeOfHeapReserve       0000000000100000
SizeOfHeapCommit        0000000000001000
LoaderFlags             00000000
NumberOfRvaAndSizes     00000010

The Data Directory
Entry 0 0000000000000000 00000000 Export Directory [.edata (or where ever we found it)]
Entry 1 0000000000000000 00000000 Import Directory [parts of .idata]
Entry 2 0000000000000000 00000000 Resource Directory [.rsrc]
Entry 3 000000000002b000 00000958 Exception Directory [.pdata]
Entry 4 0000000000000000 00000000 Security Directory
Entry 5 000000000002c000 00000118 Base Relocation Directory [.reloc]
Entry 6 00000000000298d0 0000001c Debug Directory
Entry 7 0000000000000000 00000000 Description Directory
Entry 8 0000000000000000 00000000 Special Directory
Entry 9 0000000000000000 00000000 Thread Storage Directory [.tls]
Entry a 0000000000000000 00000000 Load Configuration Directory
Entry b 0000000000000000 00000000 Bound Import Directory
Entry c 0000000000000000 00000000 Import Address Table Directory
Entry d 0000000000000000 00000000 Delay Import Directory
Entry e 0000000000000000 00000000 CLR Runtime Header
Entry f 0000000000000000 00000000 Reserved

-- llvm-objdump -h (sections) --

./.zig-cache/o/90e1e79d4695743289c42248e1155def/bootaa64.efi:	file format coff-arm64

Sections:
Idx Name          Size     VMA              Type
  0 .text         00022820 0000000000001000 TEXT
  1 .data         00006fe0 0000000000024000 DATA
  2 .pdata        00000958 000000000002b000 DATA
  3 .reloc        00000118 000000000002c000 DATA
-- llvm-objdump -d (first 24 lines of disassembly) --

./.zig-cache/o/90e1e79d4695743289c42248e1155def/bootaa64.efi:	file format coff-arm64

Disassembly of section .text:

0000000000001000 <.text>:
    1000: f81e0ffc     	str	x28, [sp, #-0x20]!
    1004: a900fbfd     	stp	x29, x30, [sp, #0x8]
    1008: 910023fd     	add	x29, sp, #0x8
    100c: d10883ff     	sub	sp, sp, #0x220
    1010: d102c3a8     	sub	x8, x29, #0xb0
    1014: f9001be8     	str	x8, [sp, #0x30]
    1018: f9001ffe     	str	x30, [sp, #0x38]
    101c: aa0003e8     	mov	x8, x0
    1020: aa0803e0     	mov	x0, x8
    1024: f90023e0     	str	x0, [sp, #0x40]
    1028: aa0103e9     	mov	x9, x1
    102c: f90027e9     	str	x9, [sp, #0x48]
    1030: aa0203e9     	mov	x9, x2
    1034: f9002be9     	str	x9, [sp, #0x50]
    1038: d10343a0     	sub	x0, x29, #0xd0
    103c: 910163e9     	add	x9, sp, #0x58
    1040: f81383a9     	stur	x9, [x29, #-0xc8]
    1044: 52800409     	mov	w9, #0x20               // =32
  (tool not available: llvm-readobj)
-- symbols of interest --
./.zig-cache/o/90e1e79d4695743289c42248e1155def/bootaa64.efi: no symbols

=== Disk image: artifacts/disk.img ===
artifacts/disk.img: DOS/MBR boot sector; partition 1 : ID=0xee, start-CHS (0x0,0,0), end-CHS (0x3ff,255,63), startsector 1, 69071 sectors, extended partition table (last)
-- FAT/GPT listing (python) --
size: 35364864 bytes (69072 sectors)
LBA0: MBR present
GPT: valid signature, header crc32=0xde33e5c4
GPT: ESP partition at LBA 2048, 67024 sectors
FAT: boot sig ok, label='VIRELAIOS', 512-byte sectors, 1 sector/cluster, 32 reserved, 2 FATs x 516 sectors, root cluster 2
FAT: directory tree:
  EFI/
    BOOT/
      BOOTAA64.EFI  (174592 bytes)
  KERNEL.BIN  (8806096 bytes)
  (tool not available: mdir)
swift build --package-path host/vm-runner
Building for debugging...
[2 / 12]
[3 / 13] VFWire
Build complete! (0.64 sec)
zig build context
context written to artifacts/context.md
bash tools/status/verify-issue-coordination.sh
verify-issue-coordination: ok — 4 open claim issue(s) checked, no file overlaps
bash tools/status/test-coordination.sh
ok   disjoint claims pass
ok   overlap across branches fails (names both issues)
ok   blocked claim excluded from overlap
ok   same-branch overlap allowed (one editor)
ok   prefix-glob overlap fails
ok   missing backticked branch fails
ok   stale claim warns
ok   empty tracker passes
ok   sweep: fresh claims not flagged
ok   sweep: stale claims flagged (names both)
ok   sweep: already-flagged stale claim skipped
ok   sweep: updated claim unlabeled
ok   sweep: fresh unlabeled claim untouched
ok   guard: human comment unlabels a stale claim
ok   guard: sweep warning (bot author) does not unlabel
ok   guard: local-token sweep warning (marker) does not unlabel
ok   guard: third-party bot comment does not unlabel
ok   guard: human issues edit unlabels a stale claim
ok   guard: bot-driven issues event does not unlabel
ok   guard: third-party bot issues event does not unlabel
ok   guard: unlabeled claim left alone
ok   guard: closed claim left alone

test-coordination: 22/22 PASS
bash tools/inventory-gates.sh --check
inventory-gates --check: OK (docs/gate-fleet-inventory.md matches a fresh render)
inventory-gates --check: OK (render is locale-invariant: LC_ALL=C == en_US.UTF-8)
bash tools/lint-workflows.sh
lint-workflows: class-A parity OK -- all 18 command(s) of 'just verify-portable' are run by /Users/tbuddy/t3/zig/virelaios-buffy/.github/workflows/ci.yml
bash tools/verify-mmu-debt.sh
=== verify-mmu-debt: claim 1517 — MMU takeover contract intact (corrected start level T0SZ=16 + TLBI at the switch; deterministic, no VM) ===

--- 1. ADR 0006 exists with the invalidation list + supersession note ---
  PASS: docs/decisions/0006-mmu-debt-boundary.md exists
  PASS: ADR 0006 invalidation item: Descriptor changes
  PASS: ADR 0006 invalidation item: Permission/attribute changes
  PASS: ADR 0006 invalidation item: Page reclamation
  PASS: ADR 0006 invalidation item: Non-identity mappings
  PASS: ADR 0006 invalidation item: ASID / address-space work
  PASS: ADR 0006 invalidation item: Unmapping
  PASS: ADR 0006 invalidation item: Mappings above the blanket
  PASS: ADR 0006 invalidation item: TCR/MAIR changes
  PASS: ADR 0006 title
  PASS: ADR 0006 supersession note (claim 1517)

--- 2. ADR 0004 D3 records the corrected start level + TLBI and points to 0006 ---
  PASS: ADR 0004 D3 records the corrected start level (T0SZ=16)
  PASS: ADR 0004 D3 mentions the tlbi (historical + claim 1517)
  PASS: ADR 0004 D3 claim-1517 addendum present
  PASS: ADR 0004 D3 points to ADR 0006

--- 3. hardware-contract records the corrected MMU + post-MMU TX observations ---
  PASS: hardware-contract: production T0SZ=16
  PASS: hardware-contract: TLBI at the switch
  PASS: hardware-contract: post-MMU virtio TX [observed]
  PASS: hardware-contract: ADR 0006 pointer

--- 4. kernel install_identity_map() still carries the load-bearing comments ---
  PASS: kernel: TLBI executed at the switch
  PASS: kernel: claim-1517 TLBI comment
  PASS: kernel: 4 GiB blanket constant
  PASS: kernel: descriptors-immutable statement

verify-mmu-debt: PASS — MMU takeover contract intact (T0SZ=16 + TLBI at the switch; ADR 0006 + ADR 0004 D3 + hardware-contract + kernel comments).
bash tools/verify-glyph-raster.sh
=== verify-glyph-raster: the font8x8 LSB-first convention, as a named class-A gate ===

[1/3] raster-golden module tests (font8x8 + text + driving_award)
-- zig test kernel/src/font8x8.zig
1/4 font8x8.test.font8x8: source rows are LSB-first with bit zero at the left...OK
2/4 font8x8.test.font8x8: the 760-byte table is pinned — no row bits ever reverse (issue 125)...OK
3/4 font8x8.test.font8x8: the table is overwhelmingly horizontally asymmetric...OK
4/4 font8x8.test.font8x8: glyphs_16 is a correct 2x vertical stretch of glyphs...OK
All 4 tests passed.
-- zig test kernel/src/text.zig
1/72 text.test.text: asymmetric C raster is LSB-first in B8G8R8X8...OK
2/72 text.test.text: the full 95-glyph table rasters LSB-first — every pixel matches the raw source bits (issue 125)...OK
3/72 text.test.text: line wrap starts a new line at the region width...OK
4/72 text.test.text: backspace and carriage return move the cursor (U2)...OK
5/72 text.test.text: the scrollback ring is bounded and drops the oldest line...OK
6/72 text.test.text: clear resets the ring and cursor...OK
7/72 text.test.text: Ctrl-L's erase-in-display clears the layer instead of drawing '[2J'...OK
8/72 text.test.text: render never writes outside the canvas...OK
9/72 text.test.text: tab advances to the next multiple of the stop and fills spaces (U10)...OK
10/72 text.test.text: tab stops land on successive multiples (U10)...OK
11/72 text.test.text: tab width is configurable (4-stop editor style) and clamped (U10)...OK
12/72 text.test.text: tab near the region edge clamps without wrapping (U10)...OK
13/72 text.test.text: monospace guarantee — narrow and wide glyphs occupy exactly one cell (U10)...OK
14/72 text.test.text: char_width categories (U4)...OK
15/72 text.test.text: char_width is comptime-evaluable...OK
16/72 text.test.text: UTF-8 é decodes and stores the Latin-1 literal cell (U2)...OK
17/72 text.test.text: rendered é paints the accent-composed glyph, not blank (U2)...OK
18/72 text.test.text: a width-2 codepoint takes exactly two cells (U2/U4)...OK
19/72 text.test.text: broken UTF-8 becomes U+FFFD, not garbage cells (U2)...OK
20/72 text.test.text: DEL and unknown control bytes stay invisible blanks (U2)...OK
21/72 text.test.text: missing glyph falls back to the replacement character (U11)...OK
22/72 text.test.text: Ext-A Š decodes, stores literal, and paints its caron (U3)...OK
23/72 text.test.text: debug_font counts and reports misses through the hook (U11)...OK
24/72 text.test.text: e + combining acute is ONE cell and one cursor step (U5/U6)...OK
25/72 text.test.text: stacked marks stay one cell; identical clusters share a pool slot (U6)...OK
26/72 text.test.text: leading combining mark gets a dotted-circle base (U6)...OK
27/72 text.test.text: ignorable zero-width codepoints vanish without advancing (U6)...OK
28/72 text.test.text: backspace deletes a whole cluster — composed or wide (U5)...OK
29/72 text.test.text: font sizes — same glyph, exact nearest-neighbor cells (U1)...OK
30/72 text.test.text: visible geometry follows the font size and wrap respects it (U1)...OK
31/72 text.test.text: emoji render two cells wide with real art (U7)...OK
32/72 text.test.text: unknown wide codepoints stay double-wide fallback (U7)...OK
33/72 text.test.text: measure_text — exact monospace arithmetic (U12)...OK
34/72 text.test.text: wrap_line segment contents pin the issue's examples (U15)...OK
35/72 text.test.text: wrap_line reports truncation on a small out-buffer (U15)...OK
36/72 text.test.text: glyph cache hits, sizes, and LRU eviction (U13)...OK
37/72 text.test.text: cached rows are pixel-identical to the direct path (U13)...OK
38/72 text.test.text: Unicode torture document renders deterministically (U14)...OK
39/72 text.test.text: an exhausted cluster pool degrades to ignoring new marks (U6)...OK
40/72 virtio_gpu.test.virtio_gpu: spec constants, wire shapes, and the fill are the spec shapes...OK
41/72 virtio_gpu.test.virtio_gpu: fill writes the B8G8R8X8 little-endian byte order...OK
42/72 virtio_gpu.test.virtio_gpu: display-info response parse takes pmodes[0]...OK
43/72 font_emoji.test.font_emoji: every entry has ink and unique codepoints...OK
44/72 font_emoji.test.font_emoji: lookup finds knowns and rejects unknowns...OK
45/72 font_emoji.test.font_emoji: the smile is carved into the filled face...OK
46/72 font_emoji.test.font_emoji: thumbsdown is the vertical flip of thumbsup...OK
47/72 font8x8.test.font8x8: source rows are LSB-first with bit zero at the left...OK
48/72 font8x8.test.font8x8: the 760-byte table is pinned — no row bits ever reverse (issue 125)...OK
49/72 font8x8.test.font8x8: the table is overwhelmingly horizontally asymmetric...OK
50/72 font8x8.test.font8x8: glyphs_16 is a correct 2x vertical stretch of glyphs...OK
51/72 font_unicode.test.font_unicode: combining overlays exist for the common marks...OK
52/72 font_unicode.test.font_unicode: scaling is exact nearest-neighbor doubling/tripling...OK
53/72 font_unicode.test.font_unicode: é composes e with an acute overlay in the top rows...OK
54/72 font_unicode.test.font_unicode: ¡ and ¿ are vertical flips of ! and ?...OK
55/72 font_unicode.test.font_unicode: NBSP is blank, lookup rejects untabled ranges...OK
56/72 font_unicode.test.font_unicode: Ext-A covers the whole block with real art (M20-U3)...OK
57/72 font_unicode.test.font_unicode: FFFD is the diamond-with-question-mark silhouette...OK
58/72 mmu.test.mmu: build_user_root returns a fresh root per call (per-process roots)...OK
59/72 mmu.test.mmu: user leaves are page-local W^X and reject Device mappings...OK
60/72 mmu.test.mmu: map_user_page and unmap_user_page dynamic lifecycle...OK
61/72 mmu.test.mmu: map_user_cow_page and set_user_leaf_writable...OK
62/72 userspace.test.userspace: two sequenced pings preserve the claim-8215 round-trip...OK
63/72 console.test.console: mock captures writes in order...OK
64/72 console.test.console: reset clears capture and flags...OK
65/72 console.test.console: overflow truncates, flags, and never wraps...OK
66/72 console.test.console: zero-capacity mock flags every write...OK
67/72 console.test.console: print_hex prints fixed 16 lowercase digits...OK
68/72 console.test.console: print_hex_min prints minimal lowercase hex...OK
69/72 console.test.console: print_u64 prints decimal without leading zeros...OK
70/72 console.test.console: mock readByte returns scripted input in order...OK
71/72 console.test.console: mock feed overflow is refused and flagged, never wraps...OK
72/72 console.test.console: reset clears the scripted input queue too...OK
All 72 tests passed.
-- zig test kernel/src/driving_award.zig
All 0 tests passed.
module goldens: PASS

[2/3] offline in-cell mirror self-test (decode-screen-glyphs.py --self-test)
self-test: asymmetric C golden confirms source LSB-left orientation
self-test: forward title='clock' body='DRIVING AWARD'
self-test: after in-cell mirror, forward title='?J???' (4 unknowns) body='??J?J?? ?????' (10 unknowns)
self-test: after in-cell mirror, mirrored decode title='clock' body='DRIVING AWARD'
SELF-TEST PASS: the clock title/body tripwire reads forward and detects an in-cell mirror
offline self-test: PASS# --- 3. Mutation check: delegated to the generalized bit-order gate ---

[3/3] mutation check (delegated: tools/verify-mutations.sh — row_pixel reversal + FAT endianness + virtio NEXT-bit)
=== verify-mutations: the generalized bit-order mutation check ===

[mutation 1] font8x8 row_pixel (kernel/src/font8x8.zig)
  !! driving_award did NOT fail under the mutation — the golden cannot detect this regression
  detected (all listed modules failed)

[mutation 2] file_table traversal boundary (kernel/src/file_table.zig)
  detected (all listed modules failed)

[mutation 3] virtio chain-walk NEXT bit (kernel/src/virtio_custom.zig)
  detected (all listed modules failed)

=== verify-mutations: PASS (3 bit-order mutations applied; every golden failed under its mutation) ===
mutation check: PASS (every bit-order mutation failed its goldens)

=== verify-glyph-raster: PASS (goldens green, self-test green, mutation detected) ===
bash tools/verify-ttf-fonts.sh
=== verify-ttf-fonts: TrueType Engine & Typography Verification (Inter + Fira Code) ===

[1/3] Verifying source TrueType font files in image/fonts/
  Inter-Regular.ttf: 411640 bytes (OK)
  FiraCode-Regular.ttf: 289624 bytes (OK)

[2/3] Running TrueType parser, rasterizer, composite, cache & blend unit tests
1/5 font_ttf.test.TrueTypeFace parses Fira Code and Inter headers and cmap...OK
2/5 font_ttf.test.TrueTypeFace loads simple glyph outlines...OK
3/5 font_ttf.test.TrueTypeFace rasterizes anti-aliased glyphs with subpixel coverage...
--- Rasterized Inter 'O' (16px, 12x13, advance=12px) ---
  =%@@%=    
 #@+::+@+   
-%:    -@:  
#+      #+  
@-      -%  
@:      :@: 
@:      :@. 
@-      =#  
#*      #+  
:@+    +@.  
 +@#++#@-   
  .****.    
            

--- Rasterized Fira Code 'A' (14px, 10x11) ---
  :@#     
  +*@.    
  #.#-    
 .% +#    
 =+ .@.   
 #-  #-   
.@#**%#   
-#:::-@.  
*-    @-  
*     ++  
          
OK
4/5 font_ttf.test.TrueTypeFace loads and rasterizes composite glyphs (accented é)...OK
5/5 font_ttf.test.GlyphCache and blend_glyph_bgra render text into 32-bpp BGRA buffer...OK
All 5 tests passed.

[3/3] Compiling userland with font engine integrated
elf2bin: ./.zig-cache/o/62d88ecd17faca1c47ca7f458948977a/user-desktop -> /Users/tbuddy/t3/zig/virelaios-buffy/.zig-cache/o/f052ca220ce9bc4a76cd0b39297ea12d/DESKTOP.BIN: entry_offset=0x30 image_size=20528 text=20480 data=0 (bss tail 81584) from 3 PT_LOAD segment(s)
elf2bin: ./.zig-cache/o/6fc5f5bdb2fd4e2b52d6502e6fde2d03/user-edit -> /Users/tbuddy/t3/zig/virelaios-buffy/.zig-cache/o/e42dbc0e5266931b3830a81998698222/EDIT.BIN: entry_offset=0x30 image_size=246160 text=49152 data=196960 (bss tail 115880) from 3 PT_LOAD segment(s)

=== verify-ttf-fonts: PASS (Inter & Fira Code TrueType engine verified) ===
bash tools/verify-mutations.sh
=== verify-mutations: the generalized bit-order mutation check ===

[mutation 1] font8x8 row_pixel (kernel/src/font8x8.zig)
  !! driving_award did NOT fail under the mutation — the golden cannot detect this regression
  detected (all listed modules failed)

[mutation 2] file_table traversal boundary (kernel/src/file_table.zig)
  detected (all listed modules failed)

[mutation 3] virtio chain-walk NEXT bit (kernel/src/virtio_custom.zig)
  detected (all listed modules failed)

=== verify-mutations: PASS (3 bit-order mutations applied; every golden failed under its mutation) ===
bash tools/verify-bss-budget.sh
=== verify-bss-budget: ADR 0013 D3.1 CI gate — kernel .bss ceiling (class A, deterministic, no VM) ===
budget source: docs/decisions/0013-post-m14-abi-amendment.md D3.1
budget:        11534336 B (11.0 MiB)

-- building kernel --
elf2bin: ./.zig-cache/o/6896299aae477e47e72d2e4f6f560b3e/virelai-kernel -> /Users/tbuddy/t3/zig/virelaios-buffy/.zig-cache/o/ae1d6f63cce1c2f50abeea2cf759007c/KERNEL.BIN: entry_offset=0x28 image_size=8806096 (4 PT_LOAD segment(s), 114 absolute reloc(s))

-- kernel ELF section sizes --
  .bss:           8176632 B  (0x7cc3f8)
  .data:          107704 B  (0x01a4b8)
  .userbss:       36864 B  (0x009000)

-- budget check --
  measured:       8176632 B
  budget:         11534336 B
  remaining:      3357704 B
  over budget:    0 B
  status:         PASS

-- known large .bss contributors (sourced from kernel/src; informational) --
  mmu.table_storage (kernel/src/mmu.zig):     2,097,152 B (2.0 MiB; page-table carve-out, ADR 0006, doubled in M16 C4)
  virtio_gpu.gpu_fb (kernel/src/virtio_gpu.zig): 3,686,400 B (3.52 MiB; 1280x720x4 scanout, align 4096)
  post-M14 reservations (ADR 0013 D3):           1,737 B (~1.7 KiB; planned, not yet landed)
  other (font, console, scheduler, virtio rings, process table, mailbox, evidence, etc.): the remainder

verify-bss-budget: PASS — kernel .bss = 8176632 B / 11534336 B (3357704 B headroom).
bash tools/verify-vf-class-a.sh
=== verify-vf-class-a: M34 HF1–HF4 (issues #735/#736/#737/#738) — host file channel wire parity (class A) ===
0.16.0
swift-driver version: 1.168.6 Apple Swift version 6.4 (swiftlang-6.4.0.34.1 clang-2100.3.34.1)
revision: 3e4a1cea7da058fb20e58057753a6a438fa06cc9 branch=agent/buffy/wasm-zig-tool-spike dirty-files=6

── zig fmt --check ──

── zig build ──
elf2bin: ./.zig-cache/o/fa574606575a6efe6ab08a1d61a4fdf2/user-spin -> /Users/tbuddy/t3/zig/virelaios-buffy/.zig-cache/o/318b0173df481207c22c29ac6cb56a4d/SPIN.BIN: entry_offset=0x18 image_size=132 (content 108 bytes from 1 PT_LOAD segment(s))
elf2bin: ./.zig-cache/o/20c57eaed3227bc3bf247d84ca40e64d/user-sb3-wm -> /Users/tbuddy/t3/zig/virelaios-buffy/.zig-cache/o/104be06a3912671b3e191e14a998b618/SB3WM.BIN: entry_offset=0x18 image_size=1960 (content 1936 bytes from 2 PT_LOAD segment(s))
elf2bin: ./.zig-cache/o/0e9fcf5f686fb104c3634d59dafcce73/user-smpst-net -> /Users/tbuddy/t3/zig/virelaios-buffy/.zig-cache/o/b86dc08920950e76341d0a19c16e342e/SMPNET.BIN: entry_offset=0x30 image_size=4144 text=4096 data=0 (bss tail 4) from 3 PT_LOAD segment(s)
elf2bin: ./.zig-cache/o/fe8026eeff864d3baa7f6fad633464b5/user-vmtest -> /Users/tbuddy/t3/zig/virelaios-buffy/.zig-cache/o/4287e5e3474949abb2006c0349eee8b2/VMTEST.BIN: entry_offset=0x18 image_size=968 (content 944 bytes from 2 PT_LOAD segment(s))
elf2bin: ./.zig-cache/o/5570a138bc257e7d1d111a6438c53e07/user-sb2-wm -> /Users/tbuddy/t3/zig/virelaios-buffy/.zig-cache/o/b708d87dd56935575475f3407cfa2f80/SB2WM.BIN: entry_offset=0x18 image_size=1824 (content 1800 bytes from 2 PT_LOAD segment(s))
elf2bin: ./.zig-cache/o/6d63dee628e90ba098a007580e895578/user-ping -> /Users/tbuddy/t3/zig/virelaios-buffy/.zig-cache/o/641881893f73adb7641e4ad5d8ec100b/PING.BIN: entry_offset=0x18 image_size=5670 (content 5646 bytes from 2 PT_LOAD segment(s))
elf2bin: ./.zig-cache/o/a4be82bd40f0d0d3dac09b6ec71b1cc0/user-tabhold -> /Users/tbuddy/t3/zig/virelaios-buffy/.zig-cache/o/f76f74c73c01c8788cf4809fb61ee814/TABHOLD.BIN: entry_offset=0x18 image_size=2440 (content 2416 bytes from 2 PT_LOAD segment(s))
elf2bin: ./.zig-cache/o/f8f876be2df7b085f37aa253e6f4ca44/user-wmrpc -> /Users/tbuddy/t3/zig/virelaios-buffy/.zig-cache/o/3c0c46e56b188dd2010a198c36a636df/WMRPC.BIN: entry_offset=0x18 image_size=4366 (content 4342 bytes from 2 PT_LOAD segment(s))
elf2bin: ./.zig-cache/o/bbd0dec02df08c02089f9f664aee3afa/user-counter -> /Users/tbuddy/t3/zig/virelaios-buffy/.zig-cache/o/7f1c6f29fdc991565baaca0b26f3d0f0/COUNTER.BIN: entry_offset=0x18 image_size=940 (content 916 bytes from 1 PT_LOAD segment(s))
elf2bin: ./.zig-cache/o/a7479d864281a8fbdc52d4f5b485d8b6/user-sysmon -> /Users/tbuddy/t3/zig/virelaios-buffy/.zig-cache/o/cff6a25b2f6ec0664bb011a547c1d694/SYSMON.BIN: entry_offset=0x30 image_size=20576 text=20480 data=48 (bss tail 81584) from 3 PT_LOAD segment(s)
elf2bin: ./.zig-cache/o/386c4ff71bba49648a6299dcf74a5075/user-download -> /Users/tbuddy/t3/zig/virelaios-buffy/.zig-cache/o/f58bb2f33800fb4cf1bf7fa72fee198c/DOWNLOAD.BIN: entry_offset=0x18 image_size=3255 (content 3231 bytes from 2 PT_LOAD segment(s))
elf2bin: ./.zig-cache/o/aa7f88900eafb341e49a783c17b3ee52/user-top -> /Users/tbuddy/t3/zig/virelaios-buffy/.zig-cache/o/a3d262394f37ae547cbd1745a4474984/TOP.BIN: entry_offset=0x30 image_size=28768 text=28672 data=48 (bss tail 81584) from 3 PT_LOAD segment(s)
elf2bin: ./.zig-cache/o/184f9c0dc912c4f97924f07281781513/user-schedring -> /Users/tbuddy/t3/zig/virelaios-buffy/.zig-cache/o/f072bd82fe6e360a594a0d39046566b3/SCHEDRING.BIN: entry_offset=0x18 image_size=213 (content 189 bytes from 1 PT_LOAD segment(s))
elf2bin: ./.zig-cache/o/3f9b694d6b32d3dd4cf46ddabdc5a455/user-sb5wm -> /Users/tbuddy/t3/zig/virelaios-buffy/.zig-cache/o/067397d9f491d61a4fe65903491e6ca7/SB5WM.BIN: entry_offset=0x18 image_size=2256 (content 2232 bytes from 2 PT_LOAD segment(s))
elf2bin: ./.zig-cache/o/bb25e7fcc036176b129d3f80caa15967/user-globals -> /Users/tbuddy/t3/zig/virelaios-buffy/.zig-cache/o/930c2bbb37ae62c4aa025fdfc72964eb/GLOBALS.BIN: entry_offset=0x30 image_size=28728 text=28672 data=8 (bss tail 4104) from 3 PT_LOAD segment(s)
elf2bin: ./.zig-cache/o/6977988bcbe2a9d0573c81ae8d9e62cb/user-winclose -> /Users/tbuddy/t3/zig/virelaios-buffy/.zig-cache/o/5bc6182f47b08d8912867ed38fc19136/WINCLOSE.BIN: entry_offset=0x18 image_size=261 (content 237 bytes from 1 PT_LOAD segment(s))
elf2bin: ./.zig-cache/o/5d8beff21b6bbb049cb279ba7f0db0e2/user-sb6old -> /Users/tbuddy/t3/zig/virelaios-buffy/.zig-cache/o/a9d50618a3721dfb10d047c6e62d6c7e/SB6OLD.BIN: entry_offset=0x18 image_size=476 (content 452 bytes from 2 PT_LOAD segment(s))
elf2bin: ./.zig-cache/o/0bfffaa68823ce6715121e4cad037af7/user-dns -> /Users/tbuddy/t3/zig/virelaios-buffy/.zig-cache/o/55c4baea4d725f143b8d79cd0aa846c4/DNS.BIN: entry_offset=0x18 image_size=4711 (content 4687 bytes from 2 PT_LOAD segment(s))
elf2bin: ./.zig-cache/o/dc52dd716713e3a34e9844b3c2b62c04/user-ttyecho -> /Users/tbuddy/t3/zig/virelaios-buffy/.zig-cache/o/b2d4bbeef153668456599c54a20f7c02/TTYECHO.BIN: entry_offset=0x18 image_size=1280 (content 1256 bytes from 2 PT_LOAD segment(s))
elf2bin: ./.zig-cache/o/b5e02d1b0e6ad72efadc3599cad77f28/user-sexiburg -> /Users/tbuddy/t3/zig/virelaios-buffy/.zig-cache/o/5e5c0055f0f347d5dc04ca2e31a49c2f/SEXIBURG.BIN: entry_offset=0x30 image_size=45104 text=45056 data=0 (bss tail 109392) from 3 PT_LOAD segment(s)
elf2bin: ./.zig-cache/o/3fedcec3e0c62206dc80142ab6d2cd49/user-zc -> /Users/tbuddy/t3/zig/virelaios-buffy/.zig-cache/o/0f8940262f1590f022108c3e9189065d/ZC.BIN: entry_offset=0x30 image_size=32816 text=32768 data=0 (bss tail 216184) from 3 PT_LOAD segment(s)
elf2bin: ./.zig-cache/o/74d3ec00ec3d202bbdb9f682cf65c0be/user-calc -> /Users/tbuddy/t3/zig/virelaios-buffy/.zig-cache/o/e385b8373b9eb74d1cb76adc93984f26/CALC.BIN: entry_offset=0x30 image_size=82016 text=81920 data=48 (bss tail 81592) from 3 PT_LOAD segment(s)
elf2bin: ./.zig-cache/o/adcd5b26b2294176f907e20bc9645fa8/user-term -> /Users/tbuddy/t3/zig/virelaios-buffy/.zig-cache/o/98e893e691e238d596b220436135f67b/TERM.BIN: entry_offset=0x30 image_size=94264 text=94208 data=8 (bss tail 78712) from 3 PT_LOAD segment(s)
elf2bin: ./.zig-cache/o/272d38816b8c95a2f0d5b3493ee7fba3/user-sh -> /Users/tbuddy/t3/zig/virelaios-buffy/.zig-cache/o/a3156711f60c2a8b1223259dc307bdd6/SH.BIN: entry_offset=0x30 image_size=98360 text=98304 data=8 (bss tail 85824) from 3 PT_LOAD segment(s)
elf2bin: ./.zig-cache/o/2f0a46184b4186facf58a2dc51120d88/user-status43 -> /Users/tbuddy/t3/zig/virelaios-buffy/.zig-cache/o/bbe6561754a47957ffcba211825f60d2/STATUS43.BIN: entry_offset=0x18 image_size=134 (content 110 bytes from 1 PT_LOAD segment(s))
elf2bin: ./.zig-cache/o/238c549acd01e03502fda3f49e915a19/user-winloop -> /Users/tbuddy/t3/zig/virelaios-buffy/.zig-cache/o/6c7a0226719675a20da5ca3876194d60/WINLOOP.BIN: entry_offset=0x18 image_size=417 (content 393 bytes from 1 PT_LOAD segment(s))
elf2bin: ./.zig-cache/o/e201b070c941fdc8aa82d922f3bb106a/user-type -> /Users/tbuddy/t3/zig/virelaios-buffy/.zig-cache/o/137d3996404df66f23f2cf122bd4c1b4/TYPE.BIN: entry_offset=0x18 image_size=232 (content 208 bytes from 1 PT_LOAD segment(s))
elf2bin: ./.zig-cache/o/7bc60559e245e110c6ec9e5f0abed1b7/user-jingle -> /Users/tbuddy/t3/zig/virelaios-buffy/.zig-cache/o/38975ec10cdd710366047a899f7a90fb/JINGLE.BIN: entry_offset=0x18 image_size=8624 (content 8600 bytes from 2 PT_LOAD segment(s))
elf2bin: ./.zig-cache/o/52b351e80a2e3aa7e9aa0dfa88c1cc19/user-traceroute -> /Users/tbuddy/t3/zig/virelaios-buffy/.zig-cache/o/25b6dd58726c7cd0f115f8a2a80c0d10/TRACEROUTE.BIN: entry_offset=0x18 image_size=2464 (content 2440 bytes from 2 PT_LOAD segment(s))
elf2bin: ./.zig-cache/o/48c0f4a0eefacd63fe5b90d90bcfea85/user-ttyed -> /Users/tbuddy/t3/zig/virelaios-buffy/.zig-cache/o/05d36f3a5b8eabc9d1172f1a845c74f5/TTYED.BIN: entry_offset=0x18 image_size=8477 (content 8453 bytes from 2 PT_LOAD segment(s))
elf2bin: ./.zig-cache/o/a50e5936e388318162f7fb0a3c139f0b/user-disas -> /Users/tbuddy/t3/zig/virelaios-buffy/.zig-cache/o/b713181d77b6d9c980166db45db07ce5/DISAS.BIN: entry_offset=0x18 image_size=6496 (content 6472 bytes from 2 PT_LOAD segment(s))
elf2bin: ./.zig-cache/o/04fa14958d720f5677d2662a956ab937/user-asm -> /Users/tbuddy/t3/zig/virelaios-buffy/.zig-cache/o/d36821eb8d43d8dc4c0ff859e58d6a6e/ASM.BIN: entry_offset=0x18 image_size=12690 (content 12666 bytes from 2 PT_LOAD segment(s))
elf2bin: ./.zig-cache/o/709de2fe16ddefbd32df0d377df950c3/user-notepad -> /Users/tbuddy/t3/zig/virelaios-buffy/.zig-cache/o/c8a7a41df651d616b082baef7a8259fb/NOTEPAD.BIN: entry_offset=0x30 image_size=28768 text=28672 data=48 (bss tail 81584) from 3 PT_LOAD segment(s)
elf2bin: ./.zig-cache/o/d10afdabd558e9f32dbb926aad1c6367/user-wndstub -> /Users/tbuddy/t3/zig/virelaios-buffy/.zig-cache/o/3e1adf6d7d67399df31023a0b119da80/WNDSTUB.BIN: entry_offset=0x18 image_size=230 (content 206 bytes from 1 PT_LOAD segment(s))
elf2bin: ./.zig-cache/o/2d61e7360102047beaa131c588b8306d/user-hello -> /Users/tbuddy/t3/zig/virelaios-buffy/.zig-cache/o/6151ff2eb3615066f9b931651cfd633c/USER.BIN: entry_offset=0x18 image_size=397 (content 373 bytes from 1 PT_LOAD segment(s))
elf2bin: ./.zig-cache/o/ee8ce22e882eaf42245fa3362ab1ffef/user-sb3-own -> /Users/tbuddy/t3/zig/virelaios-buffy/.zig-cache/o/c1b53b6a28c856a43edae8bdaf23dbd2/SB3OWN.BIN: entry_offset=0x18 image_size=1127 (content 1103 bytes from 2 PT_LOAD segment(s))
elf2bin: ./.zig-cache/o/5fecdc40501bd37245b5c16a78f9db27/user-netprof -> /Users/tbuddy/t3/zig/virelaios-buffy/.zig-cache/o/c4086dc56d05e3d6bc6c33cf3d867c99/NETPROF.BIN: entry_offset=0x18 image_size=4345 (content 4321 bytes from 2 PT_LOAD segment(s))
elf2bin: ./.zig-cache/o/c0c2b131ce3672d632cb110fe1ae8f32/user-sb2-own -> /Users/tbuddy/t3/zig/virelaios-buffy/.zig-cache/o/8d4b9b164a687ff2214e98b91a16582d/SB2OWN.BIN: entry_offset=0x18 image_size=979 (content 955 bytes from 2 PT_LOAD segment(s))
elf2bin: ./.zig-cache/o/0dc5f0bad3fbc13e9f75e9acfdf63221/user-httpd -> /Users/tbuddy/t3/zig/virelaios-buffy/.zig-cache/o/c8922ce69e3b9d30e7ac2bf6c31de5ee/HTTPD.BIN: entry_offset=0x18 image_size=15305 (content 15281 bytes from 2 PT_LOAD segment(s))
elf2bin: ./.zig-cache/o/49295807298c202751842a59c6c1a42c/user-file-browser -> /Users/tbuddy/t3/zig/virelaios-buffy/.zig-cache/o/97e8a9a98bac71231656b9bf1e0f04da/FILE.BIN: entry_offset=0x30 image_size=49248 text=49152 data=48 (bss tail 81584) from 3 PT_LOAD segment(s)
elf2bin: ./.zig-cache/o/55ab1434b093b2effae55618dff7c64e/user-harden -> /Users/tbuddy/t3/zig/virelaios-buffy/.zig-cache/o/4804e0dd68bd56db373f9c10c8698960/HARDEN.BIN: entry_offset=0x18 image_size=714 (content 690 bytes from 2 PT_LOAD segment(s))
elf2bin: ./.zig-cache/o/e123555700a2959fb9a3546a6a5148e7/user-blkd -> /Users/tbuddy/t3/zig/virelaios-buffy/.zig-cache/o/c7f594cc7a550ceb20f59b9e63ef7495/BLKD.BIN: entry_offset=0x18 image_size=247 (content 223 bytes from 1 PT_LOAD segment(s))
elf2bin: ./.zig-cache/o/b41552cc7e6f091eec96dfcdb6c29fa4/user-sb6wm -> /Users/tbuddy/t3/zig/virelaios-buffy/.zig-cache/o/ffad54519384eaa624ec679d66e86782/SB6WM.BIN: entry_offset=0x18 image_size=2600 (content 2576 bytes from 2 PT_LOAD segment(s))
elf2bin: ./.zig-cache/o/0e3cb18c291206048e1db8363e57f8ab/user-cryptod -> /Users/tbuddy/t3/zig/virelaios-buffy/.zig-cache/o/e1ea60d3413b69b25e454c79acef146b/CRYPTOD.BIN: entry_offset=0x18 image_size=2464 (content 2440 bytes from 2 PT_LOAD segment(s))
elf2bin: ./.zig-cache/o/131e2e741151de519a2a78fd3ad9bc46/user-dir -> /Users/tbuddy/t3/zig/virelaios-buffy/.zig-cache/o/062ba185231d8fe6ecf61b130ee500b1/DIR.BIN: entry_offset=0x18 image_size=248 (content 224 bytes from 1 PT_LOAD segment(s))
elf2bin: ./.zig-cache/o/009f86a2b143ce6d2d80b09cf7d75687/user-keytest -> /Users/tbuddy/t3/zig/virelaios-buffy/.zig-cache/o/6e82cefc35567a62040cdbdac6fc6c37/KEYTEST.BIN: entry_offset=0x18 image_size=645 (content 621 bytes from 1 PT_LOAD segment(s))
elf2bin: ./.zig-cache/o/ce038cff8dfacb1bbf6b5cae269d72fa/user-netstat -> /Users/tbuddy/t3/zig/virelaios-buffy/.zig-cache/o/9f8aa2c5e4525fd7b9c4e13c0595ee4e/NETSTAT.BIN: entry_offset=0x30 image_size=16432 text=16384 data=0 (bss tail 81824) from 3 PT_LOAD segment(s)
elf2bin: ./.zig-cache/o/95fef2b3275781ced68bd9b8934c9d3a/user-m21demo -> /Users/tbuddy/t3/zig/virelaios-buffy/.zig-cache/o/eb0386c94bc75653f29fb3d849bac8c9/M21DEMO.BIN: entry_offset=0x18 image_size=593 (content 569 bytes from 1 PT_LOAD segment(s))
elf2bin: ./.zig-cache/o/341884f48a1352cc54c2446a447d895a/user-hardening-victim -> /Users/tbuddy/t3/zig/virelaios-buffy/.zig-cache/o/48b5399607735f6e87429980c9b90f1a/VICTIM.BIN: entry_offset=0x30 image_size=4144 text=4096 data=0 (bss tail 1112) from 3 PT_LOAD segment(s)
elf2bin: ./.zig-cache/o/be1acdc5792add568561577305da3c13/user-sb6new -> /Users/tbuddy/t3/zig/virelaios-buffy/.zig-cache/o/20da60145f5e70a82583ea20e8bc5586/SB6NEW.BIN: entry_offset=0x18 image_size=1273 (content 1249 bytes from 2 PT_LOAD segment(s))
elf2bin: ./.zig-cache/o/e2abfac2318350dd81c5eeebaf70a2e2/user-tool -> /Users/tbuddy/t3/zig/virelaios-buffy/.zig-cache/o/b292322f75c41612d75cdd3338fc87f2/TOOL.BIN: entry_offset=0x30 image_size=12336 text=12288 data=0 (bss tail 45608) from 3 PT_LOAD segment(s)
elf2bin: ./.zig-cache/o/f2f27d3ff7a65a8b192af10c54be715c/user-savetext -> /Users/tbuddy/t3/zig/virelaios-buffy/.zig-cache/o/5f48c9edc2ba2b52da51439e2781d407/SAVETEXT.BIN: entry_offset=0x18 image_size=225 (content 201 bytes from 1 PT_LOAD segment(s))
elf2bin: ./.zig-cache/o/c7775a19afa69f6056ea780c30451b7e/user-devcons -> /Users/tbuddy/t3/zig/virelaios-buffy/.zig-cache/o/f91f96b281dbd482e54a7b1fba1e4042/DEVCONS.BIN: entry_offset=0x30 image_size=16492 text=16384 data=60 (bss tail 118508) from 3 PT_LOAD segment(s)
elf2bin: ./.zig-cache/o/55c33d9900057d8da7c025f297e2bfd2/user-fetch -> /Users/tbuddy/t3/zig/virelaios-buffy/.zig-cache/o/aac836bd842525320908c8e1ebb53d01/FETCH.BIN: entry_offset=0x18 image_size=2979 (content 2955 bytes from 2 PT_LOAD segment(s))
elf2bin: ./.zig-cache/o/163c3715b116cb48b252e9b8fbe69a19/user-timertest -> /Users/tbuddy/t3/zig/virelaios-buffy/.zig-cache/o/621ceda2d0cbe15d8c74a95c22e60df1/TIMER.BIN: entry_offset=0x18 image_size=1129 (content 1105 bytes from 2 PT_LOAD segment(s))
elf2bin: ./.zig-cache/o/6cd65c3e45fe8f58bfdf4fd6f7ffc46f/user-peer -> /Users/tbuddy/t3/zig/virelaios-buffy/.zig-cache/o/3d13d77f2d9a84f47172c46d1095d367/PEER.BIN: entry_offset=0x18 image_size=623 (content 599 bytes from 1 PT_LOAD segment(s))
elf2bin: ./.zig-cache/o/7bc4ada936add68a60c2da546aac9774/user-tcp -> /Users/tbuddy/t3/zig/virelaios-buffy/.zig-cache/o/2f4f11f5069381e6d0af190f2a50a665/TCP.BIN: entry_offset=0x18 image_size=267 (content 243 bytes from 1 PT_LOAD segment(s))
elf2bin: ./.zig-cache/o/37890fea9b1173412fbb32e9612da7b2/user-smpst-ev -> /Users/tbuddy/t3/zig/virelaios-buffy/.zig-cache/o/873bc4a1c7b00c180043985597aef1b2/SMPEV.BIN: entry_offset=0x30 image_size=4144 text=4096 data=0 (bss tail 4) from 3 PT_LOAD segment(s)
elf2bin: ./.zig-cache/o/7fb945600bad91473c9168fc790e76c6/user-wnd -> /Users/tbuddy/t3/zig/virelaios-buffy/.zig-cache/o/08b0e9e48ce5352c353d5cc9108933c1/WND.BIN: entry_offset=0x30 image_size=54504 text=53248 data=1208 (bss tail 193864) from 3 PT_LOAD segment(s)
elf2bin: ./.zig-cache/o/aeae522adf173262be7817e1117ca1ff/user-chime -> /Users/tbuddy/t3/zig/virelaios-buffy/.zig-cache/o/17f114d161e5555946e9fa25d5bb3659/CHIME.BIN: entry_offset=0x18 image_size=8688 (content 8664 bytes from 2 PT_LOAD segment(s))
elf2bin: ./.zig-cache/o/421a09947fa1f05922d057cae05c473e/user-smpst-win -> /Users/tbuddy/t3/zig/virelaios-buffy/.zig-cache/o/98f2d61969a49ad7b602edf042ce34bb/SMPWIN.BIN: entry_offset=0x30 image_size=4144 text=4096 data=0 (bss tail 4) from 3 PT_LOAD segment(s)
elf2bin: ./.zig-cache/o/2c6623bb90d74179fb0c2a0389c1e327/user-sshpacket -> /Users/tbuddy/t3/zig/virelaios-buffy/.zig-cache/o/86f26ec0ee9d9256208eb94fc01061ae/SSHPACKET.BIN: entry_offset=0x30 image_size=4144 text=4096 data=0 (bss tail 35000) from 3 PT_LOAD segment(s)
elf2bin: ./.zig-cache/o/3ef26ec91ed0c232736e303c874f0b33/user-view -> /Users/tbuddy/t3/zig/virelaios-buffy/.zig-cache/o/7e177b6e727d82f1a9cca2949a3bbe52/VIEW.BIN: entry_offset=0x30 image_size=28904 text=28672 data=184 (bss tail 89880) from 3 PT_LOAD segment(s)
elf2bin: ./.zig-cache/o/3d49926cf4df10ac733d8a6df3fb3243/user-wasm -> /Users/tbuddy/t3/zig/virelaios-buffy/.zig-cache/o/8884679f6d960d9ca3cda83fa7afb36e/WASM.BIN: entry_offset=0x30 image_size=63456 text=32768 data=30640 (bss tail 152728) from 3 PT_LOAD segment(s)
elf2bin: ./.zig-cache/o/048f04bee36c4bb623cdf41cc8c05a59/user-guard -> /Users/tbuddy/t3/zig/virelaios-buffy/.zig-cache/o/6d9967a45bcda7a0b21ed6619a6893a5/GUARD.BIN: entry_offset=0x18 image_size=88 (content 64 bytes from 1 PT_LOAD segment(s))
elf2bin: ./.zig-cache/o/3edf7625e5551217205ebc6bed3c2a67/user-sb5own -> /Users/tbuddy/t3/zig/virelaios-buffy/.zig-cache/o/1f3c94b558f79b9a0cfd1bbc3be2733b/SB5OWN.BIN: entry_offset=0x18 image_size=1141 (content 1117 bytes from 2 PT_LOAD segment(s))
elf2bin: ./.zig-cache/o/766ea96932901983892fdbeba934186a/user-sb4dam -> /Users/tbuddy/t3/zig/virelaios-buffy/.zig-cache/o/0d54e1f791af7d675fb60f44e603cc6b/SB4DAM.BIN: entry_offset=0x18 image_size=434 (content 410 bytes from 2 PT_LOAD segment(s))
elf2bin: ./.zig-cache/o/ba176caf890ec65cc43b7565692d2808/user-ps -> /Users/tbuddy/t3/zig/virelaios-buffy/.zig-cache/o/cb087c6e93ea10ae0fde28c31bea490e/PS.BIN: entry_offset=0x30 image_size=12336 text=12288 data=0 (bss tail 82800) from 3 PT_LOAD segment(s)
elf2bin: ./.zig-cache/o/3fd123ce9f62aad72165455d5d9851ba/user-win -> /Users/tbuddy/t3/zig/virelaios-buffy/.zig-cache/o/bf36fbe0b59a4ec701b4d5fd44e6c5bf/WIN.BIN: entry_offset=0x18 image_size=364 (content 340 bytes from 1 PT_LOAD segment(s))
elf2bin: ./.zig-cache/o/c36cbcebb1c6b0e2d836314d462e1448/user-smpst-file -> /Users/tbuddy/t3/zig/virelaios-buffy/.zig-cache/o/bbae708cef0a07ec23fff9075272c1c7/SMPFILE.BIN: entry_offset=0x30 image_size=4144 text=4096 data=0 (bss tail 4) from 3 PT_LOAD segment(s)
elf2bin: ./.zig-cache/o/72f095082af6723f5c50c070779cc9a7/user-resmon -> /Users/tbuddy/t3/zig/virelaios-buffy/.zig-cache/o/88b8bf7882e6fb78c030e91cd87761bf/RESMON.BIN: entry_offset=0x30 image_size=12336 text=12288 data=0 (bss tail 82800) from 3 PT_LOAD segment(s)
elf2bin: ./.zig-cache/o/8e22c6437a9cbfd9ff22518eff1806e6/user-smp1 -> /Users/tbuddy/t3/zig/virelaios-buffy/.zig-cache/o/16a83ba3a6441a157a6a6eeaa2694f6c/SMP1.BIN: entry_offset=0x18 image_size=159 (content 135 bytes from 1 PT_LOAD segment(s))
elf2bin: ./.zig-cache/o/72fa3d6cc32c0af3d58a3927972860f4/user-winmove -> /Users/tbuddy/t3/zig/virelaios-buffy/.zig-cache/o/593db03bcba1f9473c38118caaf31921/WINMOVE.BIN: entry_offset=0x18 image_size=1340 (content 1316 bytes from 1 PT_LOAD segment(s))
elf2bin: ./.zig-cache/o/fe5887e2293dda55f79a45d7e3f8a2a6/user-sexitest -> /Users/tbuddy/t3/zig/virelaios-buffy/.zig-cache/o/7a089d18e32cd23e1822893793c2cde2/SEXITEST.BIN: entry_offset=0x18 image_size=3088 (content 3064 bytes from 2 PT_LOAD segment(s))
elf2bin: ./.zig-cache/o/6896299aae477e47e72d2e4f6f560b3e/virelai-kernel -> /Users/tbuddy/t3/zig/virelaios-buffy/.zig-cache/o/ae1d6f63cce1c2f50abeea2cf759007c/KERNEL.BIN: entry_offset=0x28 image_size=8806096 (4 PT_LOAD segment(s), 114 absolute reloc(s))
elf2bin: ./.zig-cache/o/94e3d74db448112bbaac2b854cf9e7c6/user-udp -> /Users/tbuddy/t3/zig/virelaios-buffy/.zig-cache/o/092c9a9243bfca85689aabbc735667d8/UDP.BIN: entry_offset=0x18 image_size=605 (content 581 bytes from 1 PT_LOAD segment(s))
elf2bin: ./.zig-cache/o/dca46181aaac8f49a8695ed540fb1f77/user-chat -> /Users/tbuddy/t3/zig/virelaios-buffy/.zig-cache/o/31213f14bb58a4325e3a1c3405035dc9/CHAT.BIN: entry_offset=0x30 image_size=12336 text=12288 data=0 (bss tail 81584) from 3 PT_LOAD segment(s)
elf2bin: ./.zig-cache/o/609e43e252c91e98f336806b9413c4de/user-settings -> /Users/tbuddy/t3/zig/virelaios-buffy/.zig-cache/o/0585292d395580f571c824c5b4883eba/SETTINGS.BIN: entry_offset=0x30 image_size=20576 text=20480 data=48 (bss tail 81584) from 3 PT_LOAD segment(s)
elf2bin: ./.zig-cache/o/51b213f1adabd7244c05b35054a0e088/user-desktop -> /Users/tbuddy/t3/zig/virelaios-buffy/.zig-cache/o/697e438b5e8597a769fcba067dd417a1/DESKTOP.BIN: entry_offset=0x30 image_size=20528 text=20480 data=0 (bss tail 81584) from 3 PT_LOAD segment(s)
elf2bin: ./.zig-cache/o/8a5a3aa21f88408f22946c5af5318bf5/user-tabwm -> /Users/tbuddy/t3/zig/virelaios-buffy/.zig-cache/o/d1969c9cb89e563dd5fa3a20e15f3338/TABWM.BIN: entry_offset=0x30 image_size=45152 text=45056 data=48 (bss tail 96792) from 3 PT_LOAD segment(s)
elf2bin: ./.zig-cache/o/1f9456b824411f17add7d28fda6eb054/user-edit -> /Users/tbuddy/t3/zig/virelaios-buffy/.zig-cache/o/a53cfcf516b48b0f73ab5af2eab20a45/EDIT.BIN: entry_offset=0x30 image_size=246160 text=49152 data=196960 (bss tail 115880) from 3 PT_LOAD segment(s)

── zig build image ──
elf2bin: ./.zig-cache/o/6896299aae477e47e72d2e4f6f560b3e/virelai-kernel -> /Users/tbuddy/t3/zig/virelaios-buffy/.zig-cache/o/ae1d6f63cce1c2f50abeea2cf759007c/KERNEL.BIN: entry_offset=0x28 image_size=8806096 (4 PT_LOAD segment(s), 114 absolute reloc(s))
make-image: building FAT32+GPT boot image 'artifacts/disk.img' (0 MiB)...
mkfat32: wrote artifacts/disk.img.tmp (174592 EFI + 8806096 kernel bytes)
make-image: verifying image contents...
size: 35364864 bytes (69072 sectors)
LBA0: MBR present
GPT: valid signature, header crc32=0xde33e5c4
GPT: ESP partition at LBA 2048, 67024 sectors
FAT: boot sig ok, label='VIRELAIOS', 512-byte sectors, 1 sector/cluster, 32 reserved, 2 FATs x 516 sectors, root cluster 2
FAT: directory tree:
  EFI/
    BOOT/
      BOOTAA64.EFI  (174592 bytes)
  KERNEL.BIN  (8806096 bytes)
make-image: done.

── virtio_file host tests (G1–G12) ──
1/56 virtio_file.test.virtio_file: G1 — pattern generator parity is pinned (fixture class)...OK
2/56 virtio_file.test.virtio_file: G2 — reply_len clamp math — over-cap dlen never reads OOB...OK
3/56 virtio_file.test.virtio_file: G3 — probe request shape + the raw 32 KiB pattern reply...OK
4/56 virtio_file.test.virtio_file: G4 — hostile envelopes (bad status, truncated rows) are honest...OK
5/56 virtio_file.test.virtio_file: G5 — entry row round trip + read payload + streaming cksum...OK
6/56 virtio_file.test.virtio_file: G6 — request encode bounds (over-long payload, small out)...OK
7/56 virtio_file.test.virtio_file: G7 — HF3 op/status constants + 8-handle parity with file_table.zig...OK
8/56 virtio_file.test.virtio_file: G8 — open request flags + reply handle decode...OK
9/56 virtio_file.test.virtio_file: G9 — write payload shape + written-cursor reply...OK
10/56 virtio_file.test.virtio_file: G10 — truncate/close/fsync payloads (handle + size)...OK
11/56 virtio_file.test.virtio_file: G11 — rename NUL-framed payload + bounds...OK
12/56 virtio_file.test.virtio_file: G12 — pattern chunk plan for the mutation gate...OK
13/56 virtio_file.test.virtio_file: G13 — HF7 clone op: 0x0c, NUL frame, bounds, honest refusal...OK
14/56 virtio_file.test.virtio_file: read_chunk and read_into copy-out under test_share...OK
15/56 virtio_file.test.virtio_file: clean_path strips leading slashes...OK
16/56 virtio_custom.test.virtio_custom: payload is the 16-byte known string, reply cap 64, big payload 12340...OK
17/56 virtio_custom.test.virtio_custom: ring shapes match the split-ring spec...OK
18/56 virtio_custom.test.virtio_custom: feature bits are the spec's ANY_LAYOUT / VERSION_1 / NOTIFICATION_DATA...OK
19/56 virtio_custom.test.virtio_custom: allocator hands out chains, recycles freed indices, and exhausts...OK
20/56 virtio_custom.test.virtio_custom: post_avail builds the spec-correct chain (read-then-write)...OK
21/56 virtio_custom.test.virtio_custom: post_avail builds an ANY_LAYOUT chain (write first) with a 3-part scatter...OK
22/56 virtio_custom.test.virtio_custom: scan_used matches by id, handles out-of-order completion, wraps...OK
23/56 virtio_custom.test.virtio_custom: park_chain keeps a timed-out head out of the free list until reap_parked sees its reply...OK
24/56 virtio_custom.test.virtio_custom: the reply read is length-driven, clamped to the buffer...OK
25/56 virtio_custom.test.virtio_custom: fresh transport reports no-device honestly...OK
26/56 virtio_custom.test.virtio_custom: note_irq records the first INTID and count...OK
27/56 virtio_custom.test.virtio_custom: push-echo shapes (claim 3141) — queue index, buffer sizes...OK
28/56 virtio_custom.test.virtio_custom: input-channel shapes (claim 9588) — queue index, envelope, pool...OK
29/56 virtio_custom.test.virtio_custom: dispatch_input_msg validates the envelope and counts honestly...OK
30/56 virtio_custom.test.virtio_custom: kind-2 pointer messages dispatch through the pointer hook (claim 9367)...OK
31/56 virtio_custom.test.virtio_custom: checksum1071 matches RFC 1071 semantics...OK
32/56 virtio_custom.test.virtio_custom: snapshot framing builders produce the documented wire shapes (claim 0680)...OK
33/56 virtio_custom.test.virtio_custom: kind-3 console control arms and disarms the tee (claim 0680)...OK
34/56 virtio_custom.test.virtio_custom: kind-4 snapshot request pends for the idle seam (claim 0680)...OK
35/56 virtio_custom.test.virtio_custom: console tee accumulator buffers, splits, and drops (claim 0680)...OK
36/56 spinlock.test.spinlock: basic uncontended lock and unlock...OK
37/56 spinlock.test.spinlock: try_lock behavior...OK
38/56 spinlock.test.spinlock: concurrent multi-threaded stress test...OK
39/56 mmu.test.mmu: build_user_root returns a fresh root per call (per-process roots)...OK
40/56 mmu.test.mmu: user leaves are page-local W^X and reject Device mappings...OK
41/56 mmu.test.mmu: map_user_page and unmap_user_page dynamic lifecycle...OK
42/56 mmu.test.mmu: map_user_cow_page and set_user_leaf_writable...OK
43/56 userspace.test.userspace: two sequenced pings preserve the claim-8215 round-trip...OK
44/56 console.test.console: mock captures writes in order...OK
45/56 console.test.console: reset clears capture and flags...OK
46/56 console.test.console: overflow truncates, flags, and never wraps...OK
47/56 console.test.console: zero-capacity mock flags every write...OK
48/56 console.test.console: print_hex prints fixed 16 lowercase digits...OK
49/56 console.test.console: print_hex_min prints minimal lowercase hex...OK
50/56 console.test.console: print_u64 prints decimal without leading zeros...OK
51/56 console.test.console: mock readByte returns scripted input in order...OK
52/56 console.test.console: mock feed overflow is refused and flagged, never wraps...OK
53/56 console.test.console: reset clears the scripted input queue too...OK
54/56 virtio_gpu.test.virtio_gpu: spec constants, wire shapes, and the fill are the spec shapes...OK
55/56 virtio_gpu.test.virtio_gpu: fill writes the B8G8R8X8 little-endian byte order...OK
56/56 virtio_gpu.test.virtio_gpu: display-info response parse takes pmodes[0]...OK
All 56 tests passed.

── verify-unit-tests.sh (all monitor modules incl. virtio_file) ──
=== verify-unit-tests: running unified parallel test suite (zig build test) ===
Build Summary: 158/158 steps succeeded; 3249/3249 tests passed
test success
+- run test 4 pass (4 total) 106ms MaxRSS:2M
|  +- compile test Debug native success 1s MaxRSS:276M
|     +- options cached
|     +- options (reused)
|     +- options (reused)
|     +- options (reused)
|     +- options (reused)
|     +- options (reused)
|     +- options (reused)
|     +- options (reused)
|     +- options (reused)
|     +- options (reused)
|     +- options (reused)
|     +- options (reused)
|     +- options (reused)
+- run test success 91ms MaxRSS:2M
|  +- compile test Debug native success 2s MaxRSS:234M
|     +- options (reused)
|     +- options (reused)
|     +- options (reused)
|     +- options (reused)
|     +- options (reused)
|     +- options (reused)
|     +- options (reused)
|     +- options (reused)
|     +- options (reused)
|     +- options (reused)
|     +- options (reused)
|     +- options (reused)
|     +- options (reused)
+- run test 33 pass (33 total) 162ms MaxRSS:3M
|  +- compile test Debug native success 1s MaxRSS:290M
|     +- options (reused)
|     +- options (reused)
|     +- options (reused)
|     +- options (reused)
|     +- options (reused)
|     +- options (reused)
|     +- options (reused)
|     +- options (reused)
|     +- options (reused)
|     +- options (reused)
|     +- options (reused)
|     +- options (reused)
|     +- options (reused)
+- run test 6 pass (6 total) 144ms MaxRSS:2M
|  +- compile test Debug native success 1s MaxRSS:281M
|     +- options (reused)
|     +- options (reused)
|     +- options (reused)
|     +- options (reused)
|     +- options (reused)
|     +- options (reused)
|     +- options (reused)
|     +- options (reused)
|     +- options (reused)
|     +- options (reused)
|     +- options (reused)
|     +- options (reused)
|     +- options (reused)
+- run test 10 pass (10 total) 133ms MaxRSS:2M
|  +- compile test Debug native success 1s MaxRSS:225M
|     +- options (reused)
|     +- options (reused)
|     +- options (reused)
|     +- options (reused)
|     +- options (reused)
|     +- options (reused)
|     +- options (reused)
|     +- options (reused)
|     +- options (reused)
|     +- options (reused)
|     +- options (reused)
|     +- options (reused)
|     +- options (reused)
+- run test 10 pass (10 total) 82ms MaxRSS:2M
|  +- compile test Debug native success 2s MaxRSS:232M
|     +- options (reused)
|     +- options (reused)
|     +- options (reused)
|     +- options (reused)
|     +- options (reused)
|     +- options (reused)
|     +- options (reused)
|     +- options (reused)
|     +- options (reused)
|     +- options (reused)
|     +- options (reused)
|     +- options (reused)
|     +- options (reused)
+- run test success 72ms MaxRSS:2M
|  +- compile test Debug native success 1s MaxRSS:272M
|     +- options (reused)
|     +- options (reused)
|     +- options (reused)
|     +- options (reused)
|     +- options (reused)
|     +- options (reused)
|     +- options (reused)
|     +- options (reused)
|     +- options (reused)
|     +- options (reused)
|     +- options (reused)
|     +- options (reused)
|     +- options (reused)
+- run test 3 pass (3 total) 85ms MaxRSS:2M
|  +- compile test Debug native success 2s MaxRSS:240M
|     +- options (reused)
|     +- options (reused)
|     +- options (reused)
|     +- options (reused)
|     +- options (reused)
|     +- options (reused)
|     +- options (reused)
|     +- options (reused)
|     +- options (reused)
|     +- options (reused)
|     +- options (reused)
|     +- options (reused)
|     +- options (reused)
+- run test success 90ms MaxRSS:2M
|  +- compile test Debug native success 1s MaxRSS:271M
|     +- options (reused)
|     +- options (reused)
|     +- options (reused)
|     +- options (reused)
|     +- options (reused)
|     +- options (reused)
|     +- options (reused)
|     +- options (reused)
|     +- options (reused)
|     +- options (reused)
|     +- options (reused)
|     +- options (reused)
|     +- options (reused)
+- run test 28 pass (28 total) 144ms MaxRSS:3M
|  +- compile test Debug native success 2s MaxRSS:268M
|     +- options (reused)
|     +- options (reused)
|     +- options (reused)
|     +- options (reused)
|     +- options (reused)
|     +- options (reused)
|     +- options (reused)
|     +- options (reused)
|     +- options (reused)
|     +- options (reused)
|     +- options (reused)
|     +- options (reused)
|     +- options (reused)
+- run test 369 pass (369 total) 144ms MaxRSS:12M
|  +- compile test Debug native success 3s MaxRSS:409M
|     +- options (reused)
|     +- options (reused)
|     +- options (reused)
|     +- options (reused)
|     +- options (reused)
|     +- options (reused)
|     +- options (reused)
|     +- options (reused)
|     +- options (reused)
|     +- options (reused)
|     +- options (reused)
|     +- options (reused)
|     +- options (reused)
+- run test 71 pass (71 total) 93ms MaxRSS:3M
|  +- compile test Debug native success 2s MaxRSS:260M
|     +- options (reused)
|     +- options (reused)
|     +- options (reused)
|     +- options (reused)
|     +- options (reused)
|     +- options (reused)
|     +- options (reused)
|     +- options (reused)
|     +- options (reused)
|     +- options (reused)
|     +- options (reused)
|     +- options (reused)
|     +- options (reused)
+- run test 4 pass (4 total) 118ms MaxRSS:2M
|  +- compile test Debug native success 1s MaxRSS:278M
|     +- options (reused)
|     +- options (reused)
|     +- options (reused)
|     +- options (reused)
|     +- options (reused)
|     +- options (reused)
|     +- options (reused)
|     +- options (reused)
|     +- options (reused)
|     +- options (reused)
|     +- options (reused)
|     +- options (reused)
|     +- options (reused)
+- run test 25 pass (25 total) 162ms MaxRSS:2M
|  +- compile test Debug native success 2s MaxRSS:284M
|     +- options (reused)
|     +- options (reused)
|     +- options (reused)
|     +- options (reused)
|     +- options (reused)
|     +- options (reused)
|     +- options (reused)
|     +- options (reused)
|     +- options (reused)
|     +- options (reused)
|     +- options (reused)
|     +- options (reused)
|     +- options (reused)
+- run test 4 pass (4 total) 76ms MaxRSS:2M
|  +- compile test Debug native success 2s MaxRSS:232M
|     +- options (reused)
|     +- options (reused)
|     +- options (reused)
|     +- options (reused)
|     +- options (reused)
|     +- options (reused)
|     +- options (reused)
|     +- options (reused)
|     +- options (reused)
|     +- options (reused)
|     +- options (reused)
|     +- options (reused)
|     +- options (reused)
+- run test 163 pass (163 total) 98ms MaxRSS:7M
|  +- compile test Debug native success 2s MaxRSS:347M
|     +- options (reused)
|     +- options (reused)
|     +- options (reused)
|     +- options (reused)
|     +- options (reused)
|     +- options (reused)
|     +- options (reused)
|     +- options (reused)
|     +- options (reused)
|     +- options (reused)
|     +- options (reused)
|     +- options (reused)
|     +- options (reused)
+- run test 20 pass (20 total) 79ms MaxRSS:2M
|  +- compile test Debug native success 2s MaxRSS:251M
|     +- options (reused)
|     +- options (reused)
|     +- options (reused)
|     +- options (reused)
|     +- options (reused)
|     +- options (reused)
|     +- options (reused)
|     +- options (reused)
|     +- options (reused)
|     +- options (reused)
|     +- options (reused)
|     +- options (reused)
|     +- options (reused)
+- run test 33 pass (33 total) 107ms MaxRSS:3M
|  +- compile test Debug native success 2s MaxRSS:240M
|     +- options (reused)
|     +- options (reused)
|     +- options (reused)
|     +- options (reused)
|     +- options (reused)
|     +- options (reused)
|     +- options (reused)
|     +- options (reused)
|     +- options (reused)
|     +- options (reused)
|     +- options (reused)
|     +- options (reused)
|     +- options (reused)
+- run test 20 pass (20 total) 65ms MaxRSS:2M
|  +- compile test Debug native success 2s MaxRSS:228M
|     +- options (reused)
|     +- options (reused)
|     +- options (reused)
|     +- options (reused)
|     +- options (reused)
|     +- options (reused)
|     +- options (reused)
|     +- options (reused)
|     +- options (reused)
|     +- options (reused)
|     +- options (reused)
|     +- options (reused)
|     +- options (reused)
+- run test 28 pass (28 total) 75ms MaxRSS:3M
|  +- compile test Debug native success 2s MaxRSS:292M
|     +- options (reused)
|     +- options (reused)
|     +- options (reused)
|     +- options (reused)
|     +- options (reused)
|     +- options (reused)
|     +- options (reused)
|     +- options (reused)
|     +- options (reused)
|     +- options (reused)
|     +- options (reused)
|     +- options (reused)
|     +- options (reused)
+- run test 5 pass (5 total) 76ms MaxRSS:2M
|  +- compile test Debug native success 2s MaxRSS:276M
|     +- options (reused)
|     +- options (reused)
|     +- options (reused)
|     +- options (reused)
|     +- options (reused)
|     +- options (reused)
|     +- options (reused)
|     +- options (reused)
|     +- options (reused)
|     +- options (reused)
|     +- options (reused)
|     +- options (reused)
|     +- options (reused)
+- run test 15 pass (15 total) 80ms MaxRSS:2M
|  +- compile test Debug native success 1s MaxRSS:281M
|     +- options (reused)
|     +- options (reused)
|     +- options (reused)
|     +- options (reused)
|     +- options (reused)
|     +- options (reused)
|     +- options (reused)
|     +- options (reused)
|     +- options (reused)
|     +- options (reused)
|     +- options (reused)
|     +- options (reused)
|     +- options (reused)
+- run test success 76ms MaxRSS:2M
|  +- compile test Debug native success 1s MaxRSS:219M
|     +- options (reused)
|     +- options (reused)
|     +- options (reused)
|     +- options (reused)
|     +- options (reused)
|     +- options (reused)
|     +- options (reused)
|     +- options (reused)
|     +- options (reused)
|     +- options (reused)
|     +- options (reused)
|     +- options (reused)
|     +- options (reused)
+- run test 22 pass (22 total) 80ms MaxRSS:3M
|  +- compile test Debug native success 2s MaxRSS:228M
|     +- options (reused)
|     +- options (reused)
|     +- options (reused)
|     +- options (reused)
|     +- options (reused)
|     +- options (reused)
|     +- options (reused)
|     +- options (reused)
|     +- options (reused)
|     +- options (reused)
|     +- options (reused)
|     +- options (reused)
|     +- options (reused)
+- run test 23 pass (23 total) 75ms MaxRSS:3M
|  +- compile test Debug native success 1s MaxRSS:288M
|     +- options (reused)
|     +- options (reused)
|     +- options (reused)
|     +- options (reused)
|     +- options (reused)
|     +- options (reused)
|     +- options (reused)
|     +- options (reused)
|     +- options (reused)
|     +- options (reused)
|     +- options (reused)
|     +- options (reused)
|     +- options (reused)
+- run test 2 pass (2 total) 113ms MaxRSS:2M
|  +- compile test Debug native success 2s MaxRSS:248M
|     +- options (reused)
|     +- options (reused)
|     +- options (reused)
|     +- options (reused)
|     +- options (reused)
|     +- options (reused)
|     +- options (reused)
|     +- options (reused)
|     +- options (reused)
|     +- options (reused)
|     +- options (reused)
|     +- options (reused)
|     +- options (reused)
+- run test 16 pass (16 total) 66ms MaxRSS:2M
|  +- compile test Debug native success 1s MaxRSS:282M
|     +- options (reused)
|     +- options (reused)
|     +- options (reused)
|     +- options (reused)
|     +- options (reused)
|     +- options (reused)
|     +- options (reused)
|     +- options (reused)
|     +- options (reused)
|     +- options (reused)
|     +- options (reused)
|     +- options (reused)
|     +- options (reused)
+- run test 19 pass (19 total) 229ms MaxRSS:2M
|  +- compile test Debug native success 1s MaxRSS:280M
|     +- options (reused)
|     +- options (reused)
|     +- options (reused)
|     +- options (reused)
|     +- options (reused)
|     +- options (reused)
|     +- options (reused)
|     +- options (reused)
|     +- options (reused)
|     +- options (reused)
|     +- options (reused)
|     +- options (reused)
|     +- options (reused)
+- run test success 80ms MaxRSS:2M
|  +- compile test Debug native success 2s MaxRSS:224M
|     +- options (reused)
|     +- options (reused)
|     +- options (reused)
|     +- options (reused)
|     +- options (reused)
|     +- options (reused)
|     +- options (reused)
|     +- options (reused)
|     +- options (reused)
|     +- options (reused)
|     +- options (reused)
|     +- options (reused)
|     +- options (reused)
+- run test 4 pass (4 total) 76ms MaxRSS:2M
|  +- compile test Debug native success 1s MaxRSS:276M
|     +- options (reused)
|     +- options (reused)
|     +- options (reused)
|     +- options (reused)
|     +- options (reused)
|     +- options (reused)
|     +- options (reused)
|     +- options (reused)
|     +- options (reused)
|     +- options (reused)
|     +- options (reused)
|     +- options (reused)
|     +- options (reused)
+- run test 29 pass (29 total) 75ms MaxRSS:3M
|  +- compile test Debug native success 2s MaxRSS:253M
|     +- options (reused)
|     +- options (reused)
|     +- options (reused)
|     +- options (reused)
|     +- options (reused)
|     +- options (reused)
|     +- options (reused)
|     +- options (reused)
|     +- options (reused)
|     +- options (reused)
|     +- options (reused)
|     +- options (reused)
|     +- options (reused)
+- run test 83 pass (83 total) 180ms MaxRSS:6M
|  +- compile test Debug native success 1s MaxRSS:297M
|     +- options (reused)
|     +- options (reused)
|     +- options (reused)
|     +- options (reused)
|     +- options (reused)
|     +- options (reused)
|     +- options (reused)
|     +- options (reused)
|     +- options (reused)
|     +- options (reused)
|     +- options (reused)
|     +- options (reused)
|     +- options (reused)
+- run test 7 pass (7 total) 87ms MaxRSS:2M
|  +- compile test Debug native success 2s MaxRSS:276M
|     +- options (reused)
|     +- options (reused)
|     +- options (reused)
|     +- options (reused)
|     +- options (reused)
|     +- options (reused)
|     +- options (reused)
|     +- options (reused)
|     +- options (reused)
|     +- options (reused)
|     +- options (reused)
|     +- options (reused)
|     +- options (reused)
+- run test 478 pass (478 total) 153ms MaxRSS:13M
|  +- compile test Debug native success 5s MaxRSS:496M
|     +- options (reused)
|     +- options (reused)
|     +- options (reused)
|     +- options (reused)
|     +- options (reused)
|     +- options (reused)
|     +- options (reused)
|     +- options (reused)
|     +- options (reused)
|     +- options (reused)
|     +- options (reused)
|     +- options (reused)
|     +- options (reused)
+- run test 2 pass (2 total) 83ms MaxRSS:2M
|  +- compile test Debug native success 2s MaxRSS:243M
|     +- options (reused)
|     +- options (reused)
|     +- options (reused)
|     +- options (reused)
|     +- options (reused)
|     +- options (reused)
|     +- options (reused)
|     +- options (reused)
|     +- options (reused)
|     +- options (reused)
|     +- options (reused)
|     +- options (reused)
|     +- options (reused)
+- run test 3 pass (3 total) 99ms MaxRSS:2M
|  +- compile test Debug native success 2s MaxRSS:276M
|     +- options (reused)
|     +- options (reused)
|     +- options (reused)
|     +- options (reused)
|     +- options (reused)
|     +- options (reused)
|     +- options (reused)
|     +- options (reused)
|     +- options (reused)
|     +- options (reused)
|     +- options (reused)
|     +- options (reused)
|     +- options (reused)
+- run test 10 pass (10 total) 113ms MaxRSS:2M
|  +- compile test Debug native success 2s MaxRSS:229M
|     +- options (reused)
|     +- options (reused)
|     +- options (reused)
|     +- options (reused)
|     +- options (reused)
|     +- options (reused)
|     +- options (reused)
|     +- options (reused)
|     +- options (reused)
|     +- options (reused)
|     +- options (reused)
|     +- options (reused)
|     +- options (reused)
+- run test success 123ms MaxRSS:2M
|  +- compile test Debug native success 1s MaxRSS:225M
|     +- options (reused)
|     +- options (reused)
|     +- options (reused)
|     +- options (reused)
|     +- options (reused)
|     +- options (reused)
|     +- options (reused)
|     +- options (reused)
|     +- options (reused)
|     +- options (reused)
|     +- options (reused)
|     +- options (reused)
|     +- options (reused)
+- run test success 112ms MaxRSS:2M
|  +- compile test Debug native success 2s MaxRSS:245M
|     +- options (reused)
|     +- options (reused)
|     +- options (reused)
|     +- options (reused)
|     +- options (reused)
|     +- options (reused)
|     +- options (reused)
|     +- options (reused)
|     +- options (reused)
|     +- options (reused)
|     +- options (reused)
|     +- options (reused)
|     +- options (reused)
+- run test 88 pass (88 total) 155ms MaxRSS:3M
|  +- compile test Debug native success 1s MaxRSS:313M
|     +- options (reused)
|     +- options (reused)
|     +- options (reused)
|     +- options (reused)
|     +- options (reused)
|     +- options (reused)
|     +- options (reused)
|     +- options (reused)
|     +- options (reused)
|     +- options (reused)
|     +- options (reused)
|     +- options (reused)
|     +- options (reused)
+- run test 202 pass (202 total) 115ms MaxRSS:8M
|  +- compile test Debug native success 3s MaxRSS:304M
|     +- options (reused)
|     +- options (reused)
|     +- options (reused)
|     +- options (reused)
|     +- options (reused)
|     +- options (reused)
|     +- options (reused)
|     +- options (reused)
|     +- options (reused)
|     +- options (reused)
|     +- options (reused)
|     +- options (reused)
|     +- options (reused)
+- run test 72 pass (72 total) 110ms MaxRSS:6M
|  +- compile test Debug native success 2s MaxRSS:300M
|     +- options (reused)
|     +- options (reused)
|     +- options (reused)
|     +- options (reused)
|     +- options (reused)
|     +- options (reused)
|     +- options (reused)
|     +- options (reused)
|     +- options (reused)
|     +- options (reused)
|     +- options (reused)
|     +- options (reused)
|     +- options (reused)
+- run test 22 pass (22 total) 142ms MaxRSS:2M
|  +- compile test Debug native success 1s MaxRSS:284M
|     +- options (reused)
|     +- options (reused)
|     +- options (reused)
|     +- options (reused)
|     +- options (reused)
|     +- options (reused)
|     +- options (reused)
|     +- options (reused)
|     +- options (reused)
|     +- options (reused)
|     +- options (reused)
|     +- options (reused)
|     +- options (reused)
+- run test 17 pass (17 total) 94ms MaxRSS:2M
|  +- compile test Debug native success 2s MaxRSS:254M
|     +- options (reused)
|     +- options (reused)
|     +- options (reused)
|     +- options (reused)
|     +- options (reused)
|     +- options (reused)
|     +- options (reused)
|     +- options (reused)
|     +- options (reused)
|     +- options (reused)
|     +- options (reused)
|     +- options (reused)
|     +- options (reused)
+- run test 24 pass (24 total) 93ms MaxRSS:2M
|  +- compile test Debug native success 2s MaxRSS:243M
|     +- options (reused)
|     +- options (reused)
|     +- options (reused)
|     +- options (reused)
|     +- options (reused)
|     +- options (reused)
|     +- options (reused)
|     +- options (reused)
|     +- options (reused)
|     +- options (reused)
|     +- options (reused)
|     +- options (reused)
|     +- options (reused)
+- run test 14 pass (14 total) 68ms MaxRSS:2M
|  +- compile test Debug native success 2s MaxRSS:244M
|     +- options (reused)
|     +- options (reused)
|     +- options (reused)
|     +- options (reused)
|     +- options (reused)
|     +- options (reused)
|     +- options (reused)
|     +- options (reused)
|     +- options (reused)
|     +- options (reused)
|     +- options (reused)
|     +- options (reused)
|     +- options (reused)
+- run test 11 pass (11 total) 100ms MaxRSS:2M
|  +- compile test Debug native success 2s MaxRSS:279M
|     +- options (reused)
|     +- options (reused)
|     +- options (reused)
|     +- options (reused)
|     +- options (reused)
|     +- options (reused)
|     +- options (reused)
|     +- options (reused)
|     +- options (reused)
|     +- options (reused)
|     +- options (reused)
|     +- options (reused)
|     +- options (reused)
+- run test 41 pass (41 total) 83ms MaxRSS:6M
|  +- compile test Debug native success 2s MaxRSS:251M
|     +- options (reused)
|     +- options (reused)
|     +- options (reused)
|     +- options (reused)
|     +- options (reused)
|     +- options (reused)
|     +- options (reused)
|     +- options (reused)
|     +- options (reused)
|     +- options (reused)
|     +- options (reused)
|     +- options (reused)
|     +- options (reused)
+- run test 16 pass (16 total) 75ms MaxRSS:2M
|  +- compile test Debug native success 2s MaxRSS:243M
|     +- options (reused)
|     +- options (reused)
|     +- options (reused)
|     +- options (reused)
|     +- options (reused)
|     +- options (reused)
|     +- options (reused)
|     +- options (reused)
|     +- options (reused)
|     +- options (reused)
|     +- options (reused)
|     +- options (reused)
|     +- options (reused)
+- run test 56 pass (56 total) 89ms MaxRSS:7M
|  +- compile test Debug native success 2s MaxRSS:259M
|     +- options (reused)
|     +- options (reused)
|     +- options (reused)
|     +- options (reused)
|     +- options (reused)
|     +- options (reused)
|     +- options (reused)
|     +- options (reused)
|     +- options (reused)
|     +- options (reused)
|     +- options (reused)
|     +- options (reused)
|     +- options (reused)
+- run test 18 pass (18 total) 140ms MaxRSS:6M
|  +- compile test Debug native success 1s MaxRSS:281M
|     +- options (reused)
|     +- options (reused)
|     +- options (reused)
|     +- options (reused)
|     +- options (reused)
|     +- options (reused)
|     +- options (reused)
|     +- options (reused)
|     +- options (reused)
|     +- options (reused)
|     +- options (reused)
|     +- options (reused)
|     +- options (reused)
+- run test 47 pass (47 total) 161ms MaxRSS:3M
|  +- compile test Debug native success 1s MaxRSS:304M
|     +- options (reused)
|     +- options (reused)
|     +- options (reused)
|     +- options (reused)
|     +- options (reused)
|     +- options (reused)
|     +- options (reused)
|     +- options (reused)
|     +- options (reused)
|     +- options (reused)
|     +- options (reused)
|     +- options (reused)
|     +- options (reused)
+- run test 204 pass (204 total) 207ms MaxRSS:8M
|  +- compile test Debug native success 2s MaxRSS:366M
|     +- options (reused)
|     +- options (reused)
|     +- options (reused)
|     +- options (reused)
|     +- options (reused)
|     +- options (reused)
|     +- options (reused)
|     +- options (reused)
|     +- options (reused)
|     +- options (reused)
|     +- options (reused)
|     +- options (reused)
|     +- options (reused)
+- run test 15 pass (15 total) 203ms MaxRSS:2M
|  +- compile test Debug native success 2s MaxRSS:282M
|     +- options (reused)
|     +- options (reused)
|     +- options (reused)
|     +- options (reused)
|     +- options (reused)
|     +- options (reused)
|     +- options (reused)
|     +- options (reused)
|     +- options (reused)
|     +- options (reused)
|     +- options (reused)
|     +- options (reused)
|     +- options (reused)
+- run test 26 pass (26 total) 69ms MaxRSS:2M
|  +- compile test Debug native success 2s MaxRSS:245M
|     +- options (reused)
|     +- options (reused)
|     +- options (reused)
|     +- options (reused)
|     +- options (reused)
|     +- options (reused)
|     +- options (reused)
|     +- options (reused)
|     +- options (reused)
|     +- options (reused)
|     +- options (reused)
|     +- options (reused)
|     +- options (reused)
+- run test success 101ms MaxRSS:2M
|  +- compile test Debug native success 2s MaxRSS:244M
|     +- options (reused)
|     +- options (reused)
|     +- options (reused)
|     +- options (reused)
|     +- options (reused)
|     +- options (reused)
|     +- options (reused)
|     +- options (reused)
|     +- options (reused)
|     +- options (reused)
|     +- options (reused)
|     +- options (reused)
|     +- options (reused)
+- run test 29 pass (29 total) 128ms MaxRSS:3M
|  +- compile test Debug native success 1s MaxRSS:293M
|     +- options (reused)
|     +- options (reused)
|     +- options (reused)
|     +- options (reused)
|     +- options (reused)
|     +- options (reused)
|     +- options (reused)
|     +- options (reused)
|     +- options (reused)
|     +- options (reused)
|     +- options (reused)
|     +- options (reused)
|     +- options (reused)
+- run test 61 pass (61 total) 84ms MaxRSS:3M
|  +- compile test Debug native success 2s MaxRSS:270M
|     +- options (reused)
|     +- options (reused)
|     +- options (reused)
|     +- options (reused)
|     +- options (reused)
|     +- options (reused)
|     +- options (reused)
|     +- options (reused)
|     +- options (reused)
|     +- options (reused)
|     +- options (reused)
|     +- options (reused)
|     +- options (reused)
+- run test 6 pass (6 total) 99ms MaxRSS:2M
|  +- compile test Debug native success 2s MaxRSS:277M
|     +- options (reused)
|     +- options (reused)
|     +- options (reused)
|     +- options (reused)
|     +- options (reused)
|     +- options (reused)
|     +- options (reused)
|     +- options (reused)
|     +- options (reused)
|     +- options (reused)
|     +- options (reused)
|     +- options (reused)
|     +- options (reused)
+- run test 13 pass (13 total) 82ms MaxRSS:2M
|  +- compile test Debug native success 2s MaxRSS:247M
|     +- options (reused)
|     +- options (reused)
|     +- options (reused)
|     +- options (reused)
|     +- options (reused)
|     +- options (reused)
|     +- options (reused)
|     +- options (reused)
|     +- options (reused)
|     +- options (reused)
|     +- options (reused)
|     +- options (reused)
|     +- options (reused)
+- run test 4 pass (4 total) 72ms MaxRSS:2M
|  +- compile test Debug native success 2s MaxRSS:232M
|     +- options (reused)
|     +- options (reused)
|     +- options (reused)
|     +- options (reused)
|     +- options (reused)
|     +- options (reused)
|     +- options (reused)
|     +- options (reused)
|     +- options (reused)
|     +- options (reused)
|     +- options (reused)
|     +- options (reused)
|     +- options (reused)
+- run test 16 pass (16 total) 117ms MaxRSS:3M
|  +- compile test Debug native success 1s MaxRSS:292M
|     +- options (reused)
|     +- options (reused)
|     +- options (reused)
|     +- options (reused)
|     +- options (reused)
|     +- options (reused)
|     +- options (reused)
|     +- options (reused)
|     +- options (reused)
|     +- options (reused)
|     +- options (reused)
|     +- options (reused)
|     +- options (reused)
+- run test 42 pass (42 total) 193ms MaxRSS:3M
|  +- compile test Debug native success 1s MaxRSS:290M
|     +- options (reused)
|     +- options (reused)
|     +- options (reused)
|     +- options (reused)
|     +- options (reused)
|     +- options (reused)
|     +- options (reused)
|     +- options (reused)
|     +- options (reused)
|     +- options (reused)
|     +- options (reused)
|     +- options (reused)
|     +- options (reused)
+- run test 61 pass (61 total) 437ms MaxRSS:3M
|  +- compile test Debug native success 2s MaxRSS:295M
|     +- options (reused)
|     +- options (reused)
|     +- options (reused)
|     +- options (reused)
|     +- options (reused)
|     +- options (reused)
|     +- options (reused)
|     +- options (reused)
|     +- options (reused)
|     +- options (reused)
|     +- options (reused)
|     +- options (reused)
|     +- options (reused)
+- run test 9 pass (9 total) 71ms MaxRSS:2M
|  +- compile test Debug native success 2s MaxRSS:248M
|     +- options (reused)
|     +- options (reused)
|     +- options (reused)
|     +- options (reused)
|     +- options (reused)
|     +- options (reused)
|     +- options (reused)
|     +- options (reused)
|     +- options (reused)
|     +- options (reused)
|     +- options (reused)
|     +- options (reused)
|     +- options (reused)
+- run test 4 pass (4 total) 72ms MaxRSS:2M
|  +- compile test Debug native success 2s MaxRSS:229M
|     +- options (reused)
|     +- options (reused)
|     +- options (reused)
|     +- options (reused)
|     +- options (reused)
|     +- options (reused)
|     +- options (reused)
|     +- options (reused)
|     +- options (reused)
|     +- options (reused)
|     +- options (reused)
|     +- options (reused)
|     +- options (reused)
+- run test 13 pass (13 total) 83ms MaxRSS:2M
|  +- compile test Debug native success 2s MaxRSS:237M
|     +- options (reused)
|     +- options (reused)
|     +- options (reused)
|     +- options (reused)
|     +- options (reused)
|     +- options (reused)
|     +- options (reused)
|     +- options (reused)
|     +- options (reused)
|     +- options (reused)
|     +- options (reused)
|     +- options (reused)
|     +- options (reused)
+- run test 36 pass (36 total) 184ms MaxRSS:3M
|  +- compile test Debug native success 1s MaxRSS:303M
|     +- options (reused)
|     +- options (reused)
|     +- options (reused)
|     +- options (reused)
|     +- options (reused)
|     +- options (reused)
|     +- options (reused)
|     +- options (reused)
|     +- options (reused)
|     +- options (reused)
|     +- options (reused)
|     +- options (reused)
|     +- options (reused)
+- run test 64 pass (64 total) 180ms MaxRSS:3M
|  +- compile test Debug native success 2s MaxRSS:309M
|     +- options (reused)
|     +- options (reused)
|     +- options (reused)
|     +- options (reused)
|     +- options (reused)
|     +- options (reused)
|     +- options (reused)
|     +- options (reused)
|     +- options (reused)
|     +- options (reused)
|     +- options (reused)
|     +- options (reused)
|     +- options (reused)
+- run test 33 pass (33 total) 82ms MaxRSS:3M
|  +- compile test Debug native success 2s MaxRSS:322M
|     +- options (reused)
|     +- options (reused)
|     +- options (reused)
|     +- options (reused)
|     +- options (reused)
|     +- options (reused)
|     +- options (reused)
|     +- options (reused)
|     +- options (reused)
|     +- options (reused)
|     +- options (reused)
|     +- options (reused)
|     +- options (reused)
+- run test 72 pass (72 total) 170ms MaxRSS:7M
|  +- compile test Debug native success 3s MaxRSS:387M
|     +- options (reused)
|     +- options (reused)
|     +- options (reused)
|     +- options (reused)
|     +- options (reused)
|     +- options (reused)
|     +- options (reused)
|     +- options (reused)
|     +- options (reused)
|     +- options (reused)
|     +- options (reused)
|     +- options (reused)
|     +- options (reused)
+- run test 73 pass (73 total) 122ms MaxRSS:4M
|  +- compile test Debug native success 3s MaxRSS:373M
|     +- options (reused)
|     +- options (reused)
|     +- options (reused)
|     +- options (reused)
|     +- options (reused)
|     +- options (reused)
|     +- options (reused)
|     +- options (reused)
|     +- options (reused)
|     +- options (reused)
|     +- options (reused)
|     +- options (reused)
|     +- options (reused)
+- run test 161 pass (161 total) 182ms MaxRSS:4M
|  +- compile test Debug native success 3s MaxRSS:402M
|     +- options (reused)
|     +- options (reused)
|     +- options (reused)
|     +- options (reused)
|     +- options (reused)
|     +- options (reused)
|     +- options (reused)
|     +- options (reused)
|     +- options (reused)
|     +- options (reused)
|     +- options (reused)
|     +- options (reused)
|     +- options (reused)
+- run test 26 pass (26 total) 212ms MaxRSS:3M
|  +- compile test Debug native success 2s MaxRSS:282M
|     +- options (reused)
|     +- options (reused)
|     +- options (reused)
|     +- options (reused)
|     +- options (reused)
|     +- options (reused)
|     +- options (reused)
|     +- options (reused)
|     +- options (reused)
|     +- options (reused)
|     +- options (reused)
|     +- options (reused)
|     +- options (reused)
+- run test 16 pass (16 total) 117ms MaxRSS:2M
|  +- compile test Debug native success 2s MaxRSS:286M
|     +- options (reused)
|     +- options (reused)
|     +- options (reused)
|     +- options (reused)
|     +- options (reused)
|     +- options (reused)
|     +- options (reused)
|     +- options (reused)
|     +- options (reused)
|     +- options (reused)
|     +- options (reused)
|     +- options (reused)
|     +- options (reused)
+- run test 14 pass (14 total) 109ms MaxRSS:2M
|  +- compile test Debug native success 1s MaxRSS:284M
|     +- options (reused)
|     +- options (reused)
|     +- options (reused)
|     +- options (reused)
|     +- options (reused)
|     +- options (reused)
|     +- options (reused)
|     +- options (reused)
|     +- options (reused)
|     +- options (reused)
|     +- options (reused)
|     +- options (reused)
|     +- options (reused)
+- run test 64 pass (64 total) 238ms MaxRSS:15M
|  +- compile test Debug native success 2s MaxRSS:275M
|     +- options (reused)
|     +- options (reused)
|     +- options (reused)
|     +- options (reused)
|     +- options (reused)
|     +- options (reused)
|     +- options (reused)
|     +- options (reused)
|     +- options (reused)
|     +- options (reused)
|     +- options (reused)
|     +- options (reused)
|     +- options (reused)
+- run test 10 pass (10 total) 72ms MaxRSS:2M
   +- compile test Debug native success 1s MaxRSS:282M
      +- options (reused)
      +- options (reused)
      +- options (reused)
      +- options (reused)
      +- options (reused)
      +- options (reused)
      +- options (reused)
      +- options (reused)
      +- options (reused)
      +- options (reused)
      +- options (reused)
      +- options (reused)
      +- options (reused)

=== verify-unit-tests: app-level test roots (direct zig test) ===
1/35 tabapp.test.tabapp: dispatch classifies WM lifecycle events and tracks the canvas...OK
2/35 tabapp.test.tabapp: scale is the identity at the native canvas (zero-regression fixed point)...OK
3/35 tabapp.test.tabapp: scale maps a fixed layout into the full viewport...OK
4/35 tabapp.test.tabapp: scale never produces zero-size rects...OK
5/35 tabapp.test.tabapp: nav declare/poll are best-effort with no WM seat (M48/BT5)...OK
6/35 ui.abi.test.WMS7 Gate B: the toolkit WM_RPC wire mirror matches the frozen wnd_core ABI...OK
7/35 ui.draw.test.draw: draw_image_buf source-over into a raw buffer...OK
8/35 ui.draw.test.draw: draw_image_buf clips to buffer and stride...OK
9/35 image.test.image: pixel_at bounds checking...OK
10/35 image.test.image: sub_image view and zero-sized handling...OK
11/35 image.test.image: blit Porter-Duff alpha blending...OK
12/35 image.test.image: format dispatch with QOI...OK
13/35 image.test.image: format dispatch with PNG...OK
14/35 qoi.test.qoi: reject header magic and truncated headers...OK
15/35 qoi.test.qoi: decode solid red 4x4 fixture...OK
16/35 qoi.test.qoi: decode gradient rgba 8x8 fixture...OK
17/35 qoi.test.qoi: decode non-square 12x4 fixture...OK
18/35 qoi.test.qoi: buffer too small rejection...OK
19/35 qoi.test.qoi: corrupt end marker rejection...OK
20/35 png.test.png: reject invalid signature and corrupt crc...OK
21/35 png.test.png: decode solid rgb 4x4 fixture...OK
22/35 png.test.png: decode gradient rgba 8x8 fixture...OK
23/35 png.test.png: decode non-square 12x4 fixture...OK
24/35 png.test.png: scan sizes the multi-chunk viewer fixture exactly...OK
25/35 png.test.png: workspace decode of the split-IDAT viewer fixture...OK
26/35 png.test.png: scan rejects bad signature and bad crc...OK
27/35 png.test.png: workspace decode covers images past the convenience caps...OK
28/35 png.test.png: decode grayscale 8x8 fixture...OK
29/35 crc32.test.crc32: standard vectors...OK
30/35 flate.test.flate: uncompressed block...OK
31/35 flate.test.flate: zlib wrapped hello...OK
32/35 flate.test.flate: raw deflate hello...OK
33/35 flate.test.flate: zlib large repetitive dynamic Huffman and LZ77...OK
34/35 flate.test.flate: buffer too small rejection...OK
35/35 flate.test.flate: invalid zlib header and adler mismatch...OK
All 35 tests passed.
1/100 tabwm.test.tabwm: tab manager allocation and lifecycle...OK
2/100 tabwm.test.tabwm: tab manager active index adjustment on removal...OK
3/100 tabwm.test.tabwm: tab cycle forward and backward...OK
4/100 tabwm.test.tabwm: keyboard shortcuts routing...OK
5/100 tabwm.test.tabwm: pointer hit testing and tab selection / close button...OK
6/100 tabwm.test.tabwm: wnd_mail_apply RPC commands...OK
7/100 tabwm.test.tabwm: geometry constants respect M39 tokens...OK
8/100 tabwm.test.tabwm: compute_tab_viewport centering and full bleed...OK
9/100 tabwm.test.tabwm: draw_viewport_backdrop writes canvas outside window...OK
10/100 tabwm.test.tabwm: proper mascot emblem decodes at 28x28 (M42 SX1)...OK
11/100 tabwm.test.tabwm: draw_sidebar blits the raster emblem into the scanout (M42 SX1)...OK
12/100 tabwm.test.tabwm: tab-aware fixed app takes the full viewport (M42 SX2)...OK
13/100 tabwm.test.tabwm: viewport_change_needed idempotence (M42 SX2)...OK
14/100 tabwm.test.tabwm: declare_fullscreen RPC registers and applies the full viewport (M42 SX2)...OK
15/100 tabwm.test.tabwm: declare_fullscreen on an inactive tab defers the proposal (M42 SX2)...OK
16/100 tabwm.test.tabwm: god-menu overlay filters the manifest (M42 SX5)...OK
17/100 tabwm.test.tabwm: god-menu overlay keys — filter, select, launch, dismiss (M42 SX5)...OK
18/100 tabwm.test.tabwm: overlay keys are consumed only while open (M42 SX5)...OK
19/100 tabwm.test.tabwm: god-menu overlay accepts digits, minus, period in the filter (M42 SX5)...OK
20/100 tabwm.test.tabwm: released mirror removes the tab and activates the next (M42 UX)...OK
21/100 tabwm.test.tabwm: released mirror for an unknown id is a no-op (M42 UX)...OK
22/100 tabwm.test.tabwm: hide mirror without released does NOT remove a tab (M42 UX)...OK
23/100 tabwm.test.tabwm: visible mirror upserts geometry (M42 UX)...OK
24/100 tabwm.test.tabwm: the 17th window is ignored, tab 0 not hijacked (M42 UX)...OK
25/100 tabwm.test.tabwm: + New tab affordance and Ctrl+T trigger the new-tab path (M42 UX)...OK
26/100 tabwm.test.tabwm: overlay empty vs filtered-empty messages are distinguishable (M42 UX)...OK
27/100 tabwm.test.tabwm: close_tab removes the tab and activates the next (M42 UX)...OK
28/100 tabwm.test.tabwm: unsaved bit-12 mirror sets, clears, and still releases (M42 UX r2)...OK
29/100 tabwm.test.tabwm: request_close_tab intercepts a dirty tab with the dialog (M42 UX r2)...OK
30/100 tabwm.test.tabwm: unsaved choices — save closes, cancel keeps, discard defers to the mirror (M42 UX r2)...OK
31/100 tabwm.test.tabwm: wnd_core dialog hit-test maps the three buttons (M42 UX r2)...OK
32/100 tabwm.test.tabwm: alt_tab_next policy — null, cycle, invert, 0-start (M42 UX r2)...OK
33/100 tabwm.test.tabwm: Alt+Tab chord moves the active tab, Alt+Shift+Tab inverts (M42 UX r2)...OK
34/100 tabwm.test.tabwm: close_flash_active lives for the tick window then expires (M42 UX r2)...OK
35/100 tabwm.test.tabwm: dialog modal keys — Enter saves, Escape cancels, chords swallowed (M42 UX r2)...OK
36/100 tabwm.test.tabwm: dialog modal pointer — clicks route to the buttons, tabs are safe (M42 UX r2)...OK
37/100 tabwm.test.tabwm: the Sexiburger overlay cannot summon over the modal dialog (M42 UX r2)...OK
38/100 tabwm.test.tabwm: unsaved + alt-tab markers are pinned (M42 UX r2)...OK
39/100 tabwm.test.tabwm: tab_index_at only reaches DRAWN rows (the shared row rule)...OK
40/100 tabwm.test.tabwm: RPC upserts refuse a full manager instead of aliasing tab 0...OK
41/100 tabwm.test.tabwm: parse_clock_epoch accepts seconds-since-midnight, rejects junk...OK
42/100 tabwm.test.tabwm: clock_hms shows wall time with an epoch, uptime without...OK
43/100 tabwm.test.tabwm: resetForTest restores every mutated global to cold-boot...OK
44/100 tabwm.test.tabwm: overflow scroll moves the list window and the hit-test follows...OK
45/100 tabwm.test.tabwm: overflow_label reports the visible window with arrows...OK
46/100 tabwm.test.tabwm: keyboard nav moves the selection, scrolls, and activates...OK
47/100 tabwm.test.tabwm: serialize_tabs/parse_tabs round-trip order and active...OK
48/100 tabwm.test.tabwm: persisted order re-applies by title and sets the active tab...OK
49/100 tabwm.test.tabwm: new-tab pill tracks the visible window...OK
50/100 tabwm.test.tabwm: tick_clock_face prefers the host epoch, else uptime on the host...OK
51/100 tabwm.test.tabwm: middle-click closes the tab under the pointer (#1064)...OK
52/100 tabwm.test.tabwm: keyboard reorder moves the active tab (#1064)...OK
53/100 tabwm.test.tabwm: reopen-closed re-execs a TABWM-launched app (#1064)...OK
54/100 tabwm.test.tabwm: M48 markers are pinned (BT1–BT6)...OK
55/100 tabwm.test.tabwm: duplicate active tab re-execs its recorded bin (M48/BT1)...OK
56/100 tabwm.test.tabwm: move_tab shifts, keeps active, and reorder persists (M48/BT2)...OK
57/100 tabwm.test.tabwm: pointer drag reorders tabs (M48/BT2)...OK
58/100 tabwm.test.tabwm: pinning sorts pinned tabs first (M48/BT3)...OK
59/100 tabwm.test.tabwm: manifest group parsing + dock pin adoption (M48/BT3)...OK
60/100 tabwm.test.tabwm: START surface summons, shares the catalog, and launches (M48/BT4)...OK
61/100 tabwm.test.tabwm: per-tab navigation history records, dedupes, truncates, bounds (M48/BT5)...OK
62/100 tabwm.test.tabwm: back/forward queue the target for the owning app (M48/BT5)...OK
63/100 tabwm.test.tabwm: hover preview dwell, frozen badge, and tab search (M48/BT6)...OK
64/100 lib.ui.draw.test.draw: draw_image_buf source-over into a raw buffer...OK
65/100 lib.ui.draw.test.draw: draw_image_buf clips to buffer and stride...OK
66/100 lib.ui.abi.test.WMS7 Gate B: the toolkit WM_RPC wire mirror matches the frozen wnd_core ABI...OK
67/100 lib.image.test.image: pixel_at bounds checking...OK
68/100 lib.image.test.image: sub_image view and zero-sized handling...OK
69/100 lib.image.test.image: blit Porter-Duff alpha blending...OK
70/100 lib.image.test.image: format dispatch with QOI...OK
71/100 lib.image.test.image: format dispatch with PNG...OK
72/100 lib.qoi.test.qoi: reject header magic and truncated headers...OK
73/100 lib.qoi.test.qoi: decode solid red 4x4 fixture...OK
74/100 lib.qoi.test.qoi: decode gradient rgba 8x8 fixture...OK
75/100 lib.qoi.test.qoi: decode non-square 12x4 fixture...OK
76/100 lib.qoi.test.qoi: buffer too small rejection...OK
77/100 lib.qoi.test.qoi: corrupt end marker rejection...OK
78/100 lib.png.test.png: reject invalid signature and corrupt crc...OK
79/100 lib.png.test.png: decode solid rgb 4x4 fixture...OK
80/100 lib.png.test.png: decode gradient rgba 8x8 fixture...OK
81/100 lib.png.test.png: decode non-square 12x4 fixture...OK
82/100 lib.png.test.png: scan sizes the multi-chunk viewer fixture exactly...OK
83/100 lib.png.test.png: workspace decode of the split-IDAT viewer fixture...OK
84/100 lib.png.test.png: scan rejects bad signature and bad crc...OK
85/100 lib.png.test.png: workspace decode covers images past the convenience caps...OK
86/100 lib.png.test.png: decode grayscale 8x8 fixture...OK
87/100 lib.crc32.test.crc32: standard vectors...OK
88/100 lib.flate.test.flate: uncompressed block...OK
89/100 lib.flate.test.flate: zlib wrapped hello...OK
90/100 lib.flate.test.flate: raw deflate hello...OK
91/100 lib.flate.test.flate: zlib large repetitive dynamic Huffman and LZ77...OK
92/100 lib.flate.test.flate: buffer too small rejection...OK
93/100 lib.flate.test.flate: invalid zlib header and adler mismatch...OK
94/100 lib.font_ttf.test.TrueTypeFace parses Fira Code and Inter headers and cmap...OK
95/100 lib.font_ttf.test.TrueTypeFace loads simple glyph outlines...OK
96/100 lib.font_ttf.test.TrueTypeFace rasterizes anti-aliased glyphs with subpixel coverage...
--- Rasterized Inter 'O' (16px, 12x13, advance=12px) ---
  =%@@%=    
 #@+::+@+   
-%:    -@:  
#+      #+  
@-      -%  
@:      :@: 
@:      :@. 
@-      =#  
#*      #+  
:@+    +@.  
 +@#++#@-   
  .****.    
            

--- Rasterized Fira Code 'A' (14px, 10x11) ---
  :@#     
  +*@.    
  #.#-    
 .% +#    
 =+ .@.   
 #-  #-   
.@#**%#   
-#:::-@.  
*-    @-  
*     ++  
          
OK
97/100 lib.font_ttf.test.TrueTypeFace loads and rasterizes composite glyphs (accented é)...OK
98/100 lib.font_ttf.test.GlyphCache and blend_glyph_bgra render text into 32-bpp BGRA buffer...OK
99/100 lib.font8x8.test.user font8x8: source rows are LSB-first with bit zero at the left...OK
100/100 lib.font8x8.test.user font8x8: the 760-byte table is pinned...OK
All 100 tests passed.
1/55 sexiburger.test.sexiburger app: initial state and button trigger...OK
2/55 sexiburger.test.sexiburger app: chord trigger opens menu...OK
3/55 sexiburger.test.sexiburger app: command invocation updates last action...OK
4/55 sexiburger.test.sexiburger app: proper 24x24 and 64x64 mascot rasters decode...OK
5/55 lib.image.test.image: pixel_at bounds checking...OK
6/55 lib.image.test.image: sub_image view and zero-sized handling...OK
7/55 lib.image.test.image: blit Porter-Duff alpha blending...OK
8/55 lib.image.test.image: format dispatch with QOI...OK
9/55 lib.image.test.image: format dispatch with PNG...OK
10/55 lib.qoi.test.qoi: reject header magic and truncated headers...OK
11/55 lib.qoi.test.qoi: decode solid red 4x4 fixture...OK
12/55 lib.qoi.test.qoi: decode gradient rgba 8x8 fixture...OK
13/55 lib.qoi.test.qoi: decode non-square 12x4 fixture...OK
14/55 lib.qoi.test.qoi: buffer too small rejection...OK
15/55 lib.qoi.test.qoi: corrupt end marker rejection...OK
16/55 lib.sexiburger.test.sexiburger menu: zero-pixel idle footprint until summoned...OK
17/55 lib.sexiburger.test.sexiburger menu: chord open and dismiss...OK
18/55 lib.sexiburger.test.sexiburger menu: six sections at invariant positions...OK
19/55 lib.sexiburger.test.sexiburger menu: type-to-filter interaction...OK
20/55 lib.sexiburger.test.sexiburger menu: raster mascot emblem integration...OK
21/55 lib.sexiburger.test.sexiburger manifest: parses apps, skips comments/blanks/malformed...OK
22/55 lib.sexiburger.test.sexiburger manifest: empty text yields zero, overlong input caps at out.len...OK
23/55 lib.ui.draw.test.draw: draw_image_buf source-over into a raw buffer...OK
24/55 lib.ui.draw.test.draw: draw_image_buf clips to buffer and stride...OK
25/55 lib.action_registry.test.covenant of six: exactly six canonical sections...OK
26/55 lib.action_registry.test.covenant of six: seventh section registration strictly rejected with citation...OK
27/55 lib.action_registry.test.action registry: command registration and section isolation...OK
28/55 lib.action_registry.test.action registry: shell verb lookup (M19 synergy)...OK
29/55 lib.action_registry.test.action registry: active app contextual scoping...OK
30/55 lib.action_registry.test.action registry: type-to-filter with abbreviation and fuzzy matching...OK
31/55 lib.action_registry.test.mascot diagnostics: deterministic 6-layer 6-tentacle accounting...OK
32/55 lib.ui.abi.test.WMS7 Gate B: the toolkit WM_RPC wire mirror matches the frozen wnd_core ABI...OK
33/55 lib.png.test.png: reject invalid signature and corrupt crc...OK
34/55 lib.png.test.png: decode solid rgb 4x4 fixture...OK
35/55 lib.png.test.png: decode gradient rgba 8x8 fixture...OK
36/55 lib.png.test.png: decode non-square 12x4 fixture...OK
37/55 lib.png.test.png: scan sizes the multi-chunk viewer fixture exactly...OK
38/55 lib.png.test.png: workspace decode of the split-IDAT viewer fixture...OK
39/55 lib.png.test.png: scan rejects bad signature and bad crc...OK
40/55 lib.png.test.png: workspace decode covers images past the convenience caps...OK
41/55 lib.png.test.png: decode grayscale 8x8 fixture...OK
42/55 lib.crc32.test.crc32: standard vectors...OK
43/55 lib.flate.test.flate: uncompressed block...OK
44/55 lib.flate.test.flate: zlib wrapped hello...OK
45/55 lib.flate.test.flate: raw deflate hello...OK
46/55 lib.flate.test.flate: zlib large repetitive dynamic Huffman and LZ77...OK
47/55 lib.flate.test.flate: buffer too small rejection...OK
48/55 lib.flate.test.flate: invalid zlib header and adler mismatch...OK
49/55 lib.font_ttf.test.TrueTypeFace parses Fira Code and Inter headers and cmap...OK
50/55 lib.font_ttf.test.TrueTypeFace loads simple glyph outlines...OK
51/55 lib.font_ttf.test.TrueTypeFace rasterizes anti-aliased glyphs with subpixel coverage...
--- Rasterized Inter 'O' (16px, 12x13, advance=12px) ---
  =%@@%=    
 #@+::+@+   
-%:    -@:  
#+      #+  
@-      -%  
@:      :@: 
@:      :@. 
@-      =#  
#*      #+  
:@+    +@.  
 +@#++#@-   
  .****.    
            

--- Rasterized Fira Code 'A' (14px, 10x11) ---
  :@#     
  +*@.    
  #.#-    
 .% +#    
 =+ .@.   
 #-  #-   
.@#**%#   
-#:::-@.  
*-    @-  
*     ++  
          
OK
52/55 lib.font_ttf.test.TrueTypeFace loads and rasterizes composite glyphs (accented é)...OK
53/55 lib.font_ttf.test.GlyphCache and blend_glyph_bgra render text into 32-bpp BGRA buffer...OK
54/55 lib.font8x8.test.user font8x8: source rows are LSB-first with bit zero at the left...OK
55/55 lib.font8x8.test.user font8x8: the 760-byte table is pinned...OK
All 55 tests passed.
verify-unit-tests: all unit tests passed

── swift test (VFWire S1–S10) ──
Building for debugging...
Build complete! (0.21 sec)
Test Suite 'All tests' started at 2026-09-12 11:22:33.535.
Test Suite 'VMRunnerTests.xctest' started at 2026-09-12 11:22:33.537.
Test Suite 'VFWireTests' started at 2026-09-12 11:22:33.537.
Test Case '-[VMRunnerTests.VFWireTests testProbeChecksumStable]' started.
Test Case '-[VMRunnerTests.VFWireTests testProbeChecksumStable]' passed (0.007 seconds).
Test Case '-[VMRunnerTests.VFWireTests testS10HandleTableCap]' started.
Test Case '-[VMRunnerTests.VFWireTests testS10HandleTableCap]' passed (0.004 seconds).
Test Case '-[VMRunnerTests.VFWireTests testS11CloneOpAndFraming]' started.
Test Case '-[VMRunnerTests.VFWireTests testS11CloneOpAndFraming]' passed (0.000 seconds).
Test Case '-[VMRunnerTests.VFWireTests testS1PatternGeneratorParity]' started.
Test Case '-[VMRunnerTests.VFWireTests testS1PatternGeneratorParity]' passed (0.012 seconds).
Test Case '-[VMRunnerTests.VFWireTests testS2RequestEncodeParity]' started.
Test Case '-[VMRunnerTests.VFWireTests testS2RequestEncodeParity]' passed (0.000 seconds).
Test Case '-[VMRunnerTests.VFWireTests testS3ReplyDecodeParity]' started.
Test Case '-[VMRunnerTests.VFWireTests testS3ReplyDecodeParity]' passed (0.001 seconds).
Test Case '-[VMRunnerTests.VFWireTests testS4PathDefense]' started.
Test Case '-[VMRunnerTests.VFWireTests testS4PathDefense]' passed (0.002 seconds).
Test Case '-[VMRunnerTests.VFWireTests testS5Hf3ConstantsParity]' started.
Test Case '-[VMRunnerTests.VFWireTests testS5Hf3ConstantsParity]' passed (0.000 seconds).
Test Case '-[VMRunnerTests.VFWireTests testS6PayloadBuildersAndReplyEncoders]' started.
Test Case '-[VMRunnerTests.VFWireTests testS6PayloadBuildersAndReplyEncoders]' passed (0.000 seconds).
Test Case '-[VMRunnerTests.VFWireTests testS7RenameFraming]' started.
Test Case '-[VMRunnerTests.VFWireTests testS7RenameFraming]' passed (0.000 seconds).
Test Case '-[VMRunnerTests.VFWireTests testS8HandleTableCursorAndTruncate]' started.
Test Case '-[VMRunnerTests.VFWireTests testS8HandleTableCursorAndTruncate]' passed (0.001 seconds).
Test Case '-[VMRunnerTests.VFWireTests testS9HandleTableAppend]' started.
Test Case '-[VMRunnerTests.VFWireTests testS9HandleTableAppend]' passed (0.001 seconds).
Test Suite 'VFWireTests' passed at 2026-09-12 11:22:33.567.
	 Executed 12 tests, with 0 failures (0 unexpected) in 0.029 (0.030) seconds
Test Suite 'VMRunnerTests.xctest' passed at 2026-09-12 11:22:33.567.
	 Executed 12 tests, with 0 failures (0 unexpected) in 0.029 (0.030) seconds
Test Suite 'All tests' passed at 2026-09-12 11:22:33.567.
	 Executed 12 tests, with 0 failures (0 unexpected) in 0.029 (0.032) seconds
VF-CKSUM-32K: 0x0000
􀟈  Test run started.
􀄵  Testing Library Version: 2084
􀄵  Target Platform: arm64e-apple-macos14.0
􁁛  Test run with 0 tests in 0 suites passed after 0.001 seconds.

── fixture sha256 pins + python generator cross-check ──
vf-pattern-32k.bin: 32768 B sha256=8b16fec9d2a8c48be47789a462c2d4b3d9be75ec91310607ec5fb5e180982ed5 OK
vf-req-read.bin: 23 B sha256=605f3306e9b608dcf763e7b8498438cbb3b4b160620160eed35c984627a14724 OK
vf-reply-read.bin: 8 B sha256=c018a33ef9fe2bb21707201011270883aa7dc3da2b5ab368687255da5197e3ce OK
vf-reply-list.bin: 83 B sha256=710a1372b7a64e14c53105774e37ccfb5cb9e6a93e889a4c76b6039acd83e909 OK
vf-pattern-32k.bin: python generator reproduces the fixture byte-for-byte
pattern cksum1071 = 0x0000

── verify-bss-budget.sh ──
=== verify-bss-budget: ADR 0013 D3.1 CI gate — kernel .bss ceiling (class A, deterministic, no VM) ===
budget source: docs/decisions/0013-post-m14-abi-amendment.md D3.1
budget:        11534336 B (11.0 MiB)

-- building kernel --
elf2bin: ./.zig-cache/o/6896299aae477e47e72d2e4f6f560b3e/virelai-kernel -> /Users/tbuddy/t3/zig/virelaios-buffy/.zig-cache/o/ae1d6f63cce1c2f50abeea2cf759007c/KERNEL.BIN: entry_offset=0x28 image_size=8806096 (4 PT_LOAD segment(s), 114 absolute reloc(s))

-- kernel ELF section sizes --
  .bss:           8176632 B  (0x7cc3f8)
  .data:          107704 B  (0x01a4b8)
  .userbss:       36864 B  (0x009000)

-- budget check --
  measured:       8176632 B
  budget:         11534336 B
  remaining:      3357704 B
  over budget:    0 B
  status:         PASS

-- known large .bss contributors (sourced from kernel/src; informational) --
  mmu.table_storage (kernel/src/mmu.zig):     2,097,152 B (2.0 MiB; page-table carve-out, ADR 0006, doubled in M16 C4)
  virtio_gpu.gpu_fb (kernel/src/virtio_gpu.zig): 3,686,400 B (3.52 MiB; 1280x720x4 scanout, align 4096)
  post-M14 reservations (ADR 0013 D3):           1,737 B (~1.7 KiB; planned, not yet landed)
  other (font, console, scheduler, virtio rings, process table, mailbox, evidence, etc.): the remainder

verify-bss-budget: PASS — kernel .bss = 8176632 B / 11534336 B (3357704 B headroom).

── verify-issue-coordination.sh ──
verify-issue-coordination: ok — 4 open claim issue(s) checked, no file overlaps

verify-vf-class-a: PASS — wire parity locked on both sides, budgets green.
