=== fleet run: 13 member(s): live-calc-depth live-desktop live-wnd-server live-editor live-net-tcp live-procs-syscall live-roadpops live-sb4-damage-tracking live-sb5-wm-compose-n live-sched-ring live-wasm live-win-move live-wnd8-dialog-drain

--- [1/13] spec live-calc-depth
=== vgate live-calc-depth: milestone-twenty-four depth gate (claims ===
spec: /Users/tbuddy/t3/zig/dos-fb-games/tools/gate/specs/live-calc-depth.spec
revision: c7290e65db8437890d0051c79bf8daccbc159446 branch=agent/buffy/gf6-closeout dirty-files=4
elf2bin: ./.zig-cache/o/c181519619fd6cdf3e9b8e9cab68b6da/user-smpst-win -> /Users/tbuddy/t3/zig/dos-fb-games/.zig-cache/o/27ddfbea3880345354fd046b184b398c/SMPWIN.BIN: entry_offset=0x30 image_size=4144 text=4096 data=0 (bss tail 4) from 3 PT_LOAD segment(s)
elf2bin: ./.zig-cache/o/2fdc5ddbab2a17b93299acad7654c4d9/user-win -> /Users/tbuddy/t3/zig/dos-fb-games/.zig-cache/o/bdbe1e8c0a02b9f492a0a1809bf753d4/WIN.BIN: entry_offset=0x18 image_size=364 (content 340 bytes from 1 PT_LOAD segment(s))
elf2bin: ./.zig-cache/o/b53bb19abab1a800b3343c98e3c6edac/user-wmrpc -> /Users/tbuddy/t3/zig/dos-fb-games/.zig-cache/o/5fa271ba159990cef04e4c6885c110ea/WMRPC.BIN: entry_offset=0x18 image_size=4366 (content 4342 bytes from 2 PT_LOAD segment(s))
elf2bin: ./.zig-cache/o/deea6614f589cdf7ce1d638ba1ecf44c/user-edit -> /Users/tbuddy/t3/zig/dos-fb-games/.zig-cache/o/8af60b505e564dc8e3508ea83adf1c2c/EDIT.BIN: entry_offset=0x30 image_size=246160 text=49152 data=196960 (bss tail 115880) from 3 PT_LOAD segment(s)
elf2bin: ./.zig-cache/o/4190ef1c6173636fe5715488aff00bbe/user-view -> /Users/tbuddy/t3/zig/dos-fb-games/.zig-cache/o/853118821b4c40e157619e51b881f1dc/VIEW.BIN: entry_offset=0x30 image_size=28904 text=28672 data=184 (bss tail 89880) from 3 PT_LOAD segment(s)
elf2bin: ./.zig-cache/o/e0e1cd8a19e2abf771d66c715d79a9f7/user-winclose -> /Users/tbuddy/t3/zig/dos-fb-games/.zig-cache/o/43b9cd0e5f216903ad80e496d195f858/WINCLOSE.BIN: entry_offset=0x18 image_size=261 (content 237 bytes from 1 PT_LOAD segment(s))
elf2bin: ./.zig-cache/o/042073e21dd17eca541a19e2f6584202/user-tcp -> /Users/tbuddy/t3/zig/dos-fb-games/.zig-cache/o/9ee55916d4d1a796f79eb78a7599e24b/TCP.BIN: entry_offset=0x18 image_size=267 (content 243 bytes from 1 PT_LOAD segment(s))
elf2bin: ./.zig-cache/o/5a41758f479ca7b33b16a625dd26dcb1/user-wnd -> /Users/tbuddy/t3/zig/dos-fb-games/.zig-cache/o/ec6d07b77749a1dfa7f68c964b609a12/WND.BIN: entry_offset=0x30 image_size=54504 text=53248 data=1208 (bss tail 193864) from 3 PT_LOAD segment(s)
elf2bin: ./.zig-cache/o/b84f734af113c7bb1cdda926376d52e3/user-sb6wm -> /Users/tbuddy/t3/zig/dos-fb-games/.zig-cache/o/3efa6e5811528fbb4dd21a5970a82afd/SB6WM.BIN: entry_offset=0x18 image_size=2600 (content 2576 bytes from 2 PT_LOAD segment(s))
elf2bin: ./.zig-cache/o/4da86b50ea8972ea32625ead4e1a938e/user-harden -> /Users/tbuddy/t3/zig/dos-fb-games/.zig-cache/o/ccebc4933c2df8d686cdc3ccd55f937f/HARDEN.BIN: entry_offset=0x18 image_size=714 (content 690 bytes from 2 PT_LOAD segment(s))
elf2bin: ./.zig-cache/o/df528105e38c6b46ab576f2556c6f9a6/user-globals -> /Users/tbuddy/t3/zig/dos-fb-games/.zig-cache/o/2d2857bc19ad6668ae6c1eeba178709c/GLOBALS.BIN: entry_offset=0x30 image_size=28728 text=28672 data=8 (bss tail 4104) from 3 PT_LOAD segment(s)
elf2bin: ./.zig-cache/o/6dd7f345443e036b434c153a0caea26f/user-download -> /Users/tbuddy/t3/zig/dos-fb-games/.zig-cache/o/452229232d5f746142344b708975b7e8/DOWNLOAD.BIN: entry_offset=0x18 image_size=3255 (content 3231 bytes from 2 PT_LOAD segment(s))
elf2bin: ./.zig-cache/o/c70323867e00eff6e08e26661448d640/user-smpst-net -> /Users/tbuddy/t3/zig/dos-fb-games/.zig-cache/o/a9cfd98dbf1f23f29e07308378cdcf2b/SMPNET.BIN: entry_offset=0x30 image_size=4144 text=4096 data=0 (bss tail 4) from 3 PT_LOAD segment(s)
elf2bin: ./.zig-cache/o/17499a16ea3783890f36dcf457e11b86/user-vmtest -> /Users/tbuddy/t3/zig/dos-fb-games/.zig-cache/o/bfafdb0759b1d2092ad746ae547af134/VMTEST.BIN: entry_offset=0x18 image_size=968 (content 944 bytes from 2 PT_LOAD segment(s))
elf2bin: ./.zig-cache/o/0d41c059f2f1c015a7aa45b8e1aa9878/user-spin -> /Users/tbuddy/t3/zig/dos-fb-games/.zig-cache/o/38d336ac883e609d061b080308b76a07/SPIN.BIN: entry_offset=0x18 image_size=132 (content 108 bytes from 1 PT_LOAD segment(s))
elf2bin: ./.zig-cache/o/ade01e621747395a80467fdec294bb7d/user-winloop -> /Users/tbuddy/t3/zig/dos-fb-games/.zig-cache/o/fe803f9360afd6e6a5c7d792d8a56a7b/WINLOOP.BIN: entry_offset=0x18 image_size=417 (content 393 bytes from 1 PT_LOAD segment(s))
elf2bin: ./.zig-cache/o/053bfbccc25440fd5f932768b5005120/user-devcons -> /Users/tbuddy/t3/zig/dos-fb-games/.zig-cache/o/7f0926e7da79cd88f74af92dfbc6085c/DEVCONS.BIN: entry_offset=0x30 image_size=16492 text=16384 data=60 (bss tail 118508) from 3 PT_LOAD segment(s)
elf2bin: ./.zig-cache/o/b6b48db40e50336d0f88382acc7971cb/user-sexitest -> /Users/tbuddy/t3/zig/dos-fb-games/.zig-cache/o/447c9cf3ce4e0ecaa0542fa790e045fa/SEXITEST.BIN: entry_offset=0x18 image_size=3088 (content 3064 bytes from 2 PT_LOAD segment(s))
elf2bin: ./.zig-cache/o/e7f32f89ec31d13c1248792acc0490db/user-peer -> /Users/tbuddy/t3/zig/dos-fb-games/.zig-cache/o/8b62ff4016555b66312c926d4598e0f4/PEER.BIN: entry_offset=0x18 image_size=623 (content 599 bytes from 1 PT_LOAD segment(s))
elf2bin: ./.zig-cache/o/5a55f9d85a61c8d87367f6a4676aab9a/user-guard -> /Users/tbuddy/t3/zig/dos-fb-games/.zig-cache/o/f1219d8f43d1467252fc886154bbe781/GUARD.BIN: entry_offset=0x18 image_size=88 (content 64 bytes from 1 PT_LOAD segment(s))
elf2bin: ./.zig-cache/o/af91bb5d2336fa9598296fe7e2c29959/user-winmove -> /Users/tbuddy/t3/zig/dos-fb-games/.zig-cache/o/6bec406e3c6e3b42bc528bc385d67e8f/WINMOVE.BIN: entry_offset=0x18 image_size=1340 (content 1316 bytes from 1 PT_LOAD segment(s))
elf2bin: ./.zig-cache/o/e6d19fcff162f5c5f228b205a2bd555a/user-netstat -> /Users/tbuddy/t3/zig/dos-fb-games/.zig-cache/o/c0975032dfe3fa6582cd64393e29a8ba/NETSTAT.BIN: entry_offset=0x30 image_size=16432 text=16384 data=0 (bss tail 81824) from 3 PT_LOAD segment(s)
elf2bin: ./.zig-cache/o/724156a0002ff11d98cb4dd929024f1f/user-sb5wm -> /Users/tbuddy/t3/zig/dos-fb-games/.zig-cache/o/f023dd2aefa403c5f07acc4a241079ec/SB5WM.BIN: entry_offset=0x18 image_size=2256 (content 2232 bytes from 2 PT_LOAD segment(s))
elf2bin: ./.zig-cache/o/3411c6b2d9ee965c3e128c2091e718b7/user-hardening-victim -> /Users/tbuddy/t3/zig/dos-fb-games/.zig-cache/o/e652ac633d7ee71dbdc4b6c5be2f0c09/VICTIM.BIN: entry_offset=0x30 image_size=4144 text=4096 data=0 (bss tail 1112) from 3 PT_LOAD segment(s)
elf2bin: ./.zig-cache/o/a12c373c47d29fde98ee075cc48b361e/user-settings -> /Users/tbuddy/t3/zig/dos-fb-games/.zig-cache/o/d29bc684fc7cd848a335419e630bbd57/SETTINGS.BIN: entry_offset=0x30 image_size=20576 text=20480 data=48 (bss tail 81584) from 3 PT_LOAD segment(s)
elf2bin: ./.zig-cache/o/b809a146d2e8b5443aaf17bd25e158bb/virelai-kernel -> /Users/tbuddy/t3/zig/dos-fb-games/.zig-cache/o/9bc7e7cb6bc18f9ee1c64d39cf8506d1/KERNEL.BIN: entry_offset=0x18 image_size=8616144 (content 8616120 bytes from 4 PT_LOAD segment(s))
elf2bin: ./.zig-cache/o/c72fd955efc6a07573aacb13b8e21339/user-chime -> /Users/tbuddy/t3/zig/dos-fb-games/.zig-cache/o/4fc4c599b096adb8b09911d79b0c5791/CHIME.BIN: entry_offset=0x18 image_size=8688 (content 8664 bytes from 2 PT_LOAD segment(s))
elf2bin: ./.zig-cache/o/e15a54d957ac40caa6e28f1df7d8377c/user-notepad -> /Users/tbuddy/t3/zig/dos-fb-games/.zig-cache/o/5fa31d5b5e3154684223bd82cc76fe24/NOTEPAD.BIN: entry_offset=0x30 image_size=28768 text=28672 data=48 (bss tail 81584) from 3 PT_LOAD segment(s)
elf2bin: ./.zig-cache/o/4e79477318f85a42f825b306ecf54b93/user-top -> /Users/tbuddy/t3/zig/dos-fb-games/.zig-cache/o/587bca890e385b8619d533af17a7f86b/TOP.BIN: entry_offset=0x30 image_size=28768 text=28672 data=48 (bss tail 81584) from 3 PT_LOAD segment(s)
elf2bin: ./.zig-cache/o/e402cba64be88cb9a1e0a757085c8070/user-httpd -> /Users/tbuddy/t3/zig/dos-fb-games/.zig-cache/o/e67e12ce905ee624c14c07cf5a4d4c67/HTTPD.BIN: entry_offset=0x18 image_size=15305 (content 15281 bytes from 2 PT_LOAD segment(s))
elf2bin: ./.zig-cache/o/1a99dd4708037a7b6b1acab947bdd401/user-tabwm -> /Users/tbuddy/t3/zig/dos-fb-games/.zig-cache/o/384a7b55b34dc85b9af26c372a1af837/TABWM.BIN: entry_offset=0x30 image_size=28772 text=28672 data=52 (bss tail 88484) from 3 PT_LOAD segment(s)
elf2bin: ./.zig-cache/o/096711e19ab7cb0e05a84c5f42d50d0f/user-chat -> /Users/tbuddy/t3/zig/dos-fb-games/.zig-cache/o/9442a0b07c4ead0959dba4ddf0d89041/CHAT.BIN: entry_offset=0x30 image_size=12336 text=12288 data=0 (bss tail 81584) from 3 PT_LOAD segment(s)
elf2bin: ./.zig-cache/o/9922856723bab73614abac5e1b82bd82/user-savetext -> /Users/tbuddy/t3/zig/dos-fb-games/.zig-cache/o/4b145c6d9de9a632ec8a6ef89aa48b82/SAVETEXT.BIN: entry_offset=0x18 image_size=225 (content 201 bytes from 1 PT_LOAD segment(s))
elf2bin: ./.zig-cache/o/6a4db286c57e9b005cdad5342a842d4a/user-wasm -> /Users/tbuddy/t3/zig/dos-fb-games/.zig-cache/o/760af3cd41b141aa5dec2523907de1a3/WASM.BIN: entry_offset=0x30 image_size=63456 text=32768 data=30640 (bss tail 152728) from 3 PT_LOAD segment(s)
elf2bin: ./.zig-cache/o/6d38d7cfaa9cd8eb9d2cc93d094dac8d/user-sb2-wm -> /Users/tbuddy/t3/zig/dos-fb-games/.zig-cache/o/c9cfe294f333ad46dff65a24ae1564d6/SB2WM.BIN: entry_offset=0x18 image_size=1824 (content 1800 bytes from 2 PT_LOAD segment(s))
elf2bin: ./.zig-cache/o/f35859df5deb3196d13d9da4fec50819/user-wndstub -> /Users/tbuddy/t3/zig/dos-fb-games/.zig-cache/o/18e38a339213c8b573388c331bd16ca0/WNDSTUB.BIN: entry_offset=0x18 image_size=230 (content 206 bytes from 1 PT_LOAD segment(s))
elf2bin: ./.zig-cache/o/6f46a2be4c0997be9d20e2d1590c8558/user-sb2-own -> /Users/tbuddy/t3/zig/dos-fb-games/.zig-cache/o/ec3b97240afd2436deb3f8f4c75c2a34/SB2OWN.BIN: entry_offset=0x18 image_size=979 (content 955 bytes from 2 PT_LOAD segment(s))
elf2bin: ./.zig-cache/o/1bff0a56691760337161b9c5927d4fb4/user-ps -> /Users/tbuddy/t3/zig/dos-fb-games/.zig-cache/o/c1c91dfedf98cd66d000aef322e7cf73/PS.BIN: entry_offset=0x30 image_size=12336 text=12288 data=0 (bss tail 82800) from 3 PT_LOAD segment(s)
elf2bin: ./.zig-cache/o/6a94ebd826deb7c0f991f238fa9a6601/user-sb6old -> /Users/tbuddy/t3/zig/dos-fb-games/.zig-cache/o/a37a6c906ca8a0aa8578af500bc1ca5d/SB6OLD.BIN: entry_offset=0x18 image_size=476 (content 452 bytes from 2 PT_LOAD segment(s))
elf2bin: ./.zig-cache/o/a29176312a9e71a08ac6240dcb418323/user-udp -> /Users/tbuddy/t3/zig/dos-fb-games/.zig-cache/o/72311f5e06b98dc1988dcbfc9846a731/UDP.BIN: entry_offset=0x18 image_size=605 (content 581 bytes from 1 PT_LOAD segment(s))
elf2bin: ./.zig-cache/o/e0c0c4214efe4ec549f7f0383fc738c2/user-sb6new -> /Users/tbuddy/t3/zig/dos-fb-games/.zig-cache/o/12de2bcad574fd990422991d1b803d76/SB6NEW.BIN: entry_offset=0x18 image_size=1273 (content 1249 bytes from 2 PT_LOAD segment(s))
elf2bin: ./.zig-cache/o/e90a2a1675d70e45ba5ad1a3c99a019c/user-netprof -> /Users/tbuddy/t3/zig/dos-fb-games/.zig-cache/o/5f327fb4148f79ba43b3d0e14dfa14f7/NETPROF.BIN: entry_offset=0x18 image_size=4345 (content 4321 bytes from 2 PT_LOAD segment(s))
elf2bin: ./.zig-cache/o/140d7d25e93f00ac91f130c794ea06e1/user-sb3-wm -> /Users/tbuddy/t3/zig/dos-fb-games/.zig-cache/o/b6603ff1ec8a5dad49a7570e26f5c40c/SB3WM.BIN: entry_offset=0x18 image_size=1960 (content 1936 bytes from 2 PT_LOAD segment(s))
elf2bin: ./.zig-cache/o/4d991fc6ceb842555b01d437637e4c3f/user-tabhold -> /Users/tbuddy/t3/zig/dos-fb-games/.zig-cache/o/3e842c29ecc4e81a89f06f492e2f562c/TABHOLD.BIN: entry_offset=0x18 image_size=2440 (content 2416 bytes from 2 PT_LOAD segment(s))
elf2bin: ./.zig-cache/o/1c9b3871740b486870a6be38e30de055/user-file-browser -> /Users/tbuddy/t3/zig/dos-fb-games/.zig-cache/o/c4fb770dc95e9cda8384af9156f9b070/FILE.BIN: entry_offset=0x30 image_size=49248 text=49152 data=48 (bss tail 81584) from 3 PT_LOAD segment(s)
elf2bin: ./.zig-cache/o/f953992d496ebc0c1084e7cb0f1e9ff9/user-sysmon -> /Users/tbuddy/t3/zig/dos-fb-games/.zig-cache/o/aeb2ad93d8f16c8f6fc842116c37a98c/SYSMON.BIN: entry_offset=0x30 image_size=20576 text=20480 data=48 (bss tail 81584) from 3 PT_LOAD segment(s)
elf2bin: ./.zig-cache/o/023a62e9025c79d2e828a4c87261546e/user-sexiburg -> /Users/tbuddy/t3/zig/dos-fb-games/.zig-cache/o/a700a449ddb0c6a40eeec24944106767/SEXIBURG.BIN: entry_offset=0x30 image_size=45104 text=45056 data=0 (bss tail 109392) from 3 PT_LOAD segment(s)
elf2bin: ./.zig-cache/o/f7e326795f85c7d2a1063844673bcfc2/user-jingle -> /Users/tbuddy/t3/zig/dos-fb-games/.zig-cache/o/b28c2791ccd842bb4a360e1fcaaff2e7/JINGLE.BIN: entry_offset=0x18 image_size=8624 (content 8600 bytes from 2 PT_LOAD segment(s))
elf2bin: ./.zig-cache/o/5470e69848f0e5ad7e819a51c8b8c917/user-counter -> /Users/tbuddy/t3/zig/dos-fb-games/.zig-cache/o/1dd2f87a2f22b9186ee59932de7d732b/COUNTER.BIN: entry_offset=0x18 image_size=940 (content 916 bytes from 1 PT_LOAD segment(s))
elf2bin: ./.zig-cache/o/fb555083c95185f3e4712658636e01f9/user-zc -> /Users/tbuddy/t3/zig/dos-fb-games/.zig-cache/o/1306a2e55905b2dc725e27530f11bb1c/ZC.BIN: entry_offset=0x30 image_size=32816 text=32768 data=0 (bss tail 216184) from 3 PT_LOAD segment(s)
elf2bin: ./.zig-cache/o/4fab8be63d9586bca03cfa7e13342466/user-sb3-own -> /Users/tbuddy/t3/zig/dos-fb-games/.zig-cache/o/6018417593a1f5f27efb95d3998603d8/SB3OWN.BIN: entry_offset=0x18 image_size=1127 (content 1103 bytes from 2 PT_LOAD segment(s))
elf2bin: ./.zig-cache/o/32f5202d7b1ea6fc518b74ce7195239a/user-sb5own -> /Users/tbuddy/t3/zig/dos-fb-games/.zig-cache/o/a88e7c3c2e421fec7b2f5ddd63f5c490/SB5OWN.BIN: entry_offset=0x18 image_size=1141 (content 1117 bytes from 2 PT_LOAD segment(s))
elf2bin: ./.zig-cache/o/512a39fa7ace8c25ef857d8dd143f7b1/user-desktop -> /Users/tbuddy/t3/zig/dos-fb-games/.zig-cache/o/d288c47856dff974bbfd29e7c7332b60/DESKTOP.BIN: entry_offset=0x30 image_size=20528 text=20480 data=0 (bss tail 81584) from 3 PT_LOAD segment(s)
elf2bin: ./.zig-cache/o/92702c4672e7242dcd48600ca216a27b/user-m21demo -> /Users/tbuddy/t3/zig/dos-fb-games/.zig-cache/o/8e69bb42bc6f19ceb1eaad9ce2ec26fd/M21DEMO.BIN: entry_offset=0x18 image_size=593 (content 569 bytes from 1 PT_LOAD segment(s))
elf2bin: ./.zig-cache/o/6a135345f0e6e77e2751c8002961558e/user-schedring -> /Users/tbuddy/t3/zig/dos-fb-games/.zig-cache/o/8916b734b7493e0a8502a53d92f0881b/SCHEDRING.BIN: entry_offset=0x18 image_size=213 (content 189 bytes from 1 PT_LOAD segment(s))
elf2bin: ./.zig-cache/o/80a5899e9d679826081409bdfa621b3a/user-fetch -> /Users/tbuddy/t3/zig/dos-fb-games/.zig-cache/o/47972f54ec3324ef5264a7abab081a51/FETCH.BIN: entry_offset=0x18 image_size=2979 (content 2955 bytes from 2 PT_LOAD segment(s))
elf2bin: ./.zig-cache/o/0b2f0d6840d15250050b861b7b684082/user-sb4dam -> /Users/tbuddy/t3/zig/dos-fb-games/.zig-cache/o/a500c5aeda3f042fb457c78c77f8eda2/SB4DAM.BIN: entry_offset=0x18 image_size=434 (content 410 bytes from 2 PT_LOAD segment(s))
elf2bin: ./.zig-cache/o/cae78eb9ad8bb5496318e3cd659f977d/user-smpst-ev -> /Users/tbuddy/t3/zig/dos-fb-games/.zig-cache/o/da63ddb5db09284d520214baa071d15f/SMPEV.BIN: entry_offset=0x30 image_size=4144 text=4096 data=0 (bss tail 4) from 3 PT_LOAD segment(s)
elf2bin: ./.zig-cache/o/e2de6e54d62f6b6f2139792b6221f74c/user-timertest -> /Users/tbuddy/t3/zig/dos-fb-games/.zig-cache/o/8ac200506b8113ea24eaccaed9417751/TIMER.BIN: entry_offset=0x18 image_size=1129 (content 1105 bytes from 2 PT_LOAD segment(s))
elf2bin: ./.zig-cache/o/556ce42323e0e9cefb5c628f4e5c3ebb/user-status43 -> /Users/tbuddy/t3/zig/dos-fb-games/.zig-cache/o/267bf2f20edc02690e0d732f1e9ca666/STATUS43.BIN: entry_offset=0x18 image_size=134 (content 110 bytes from 1 PT_LOAD segment(s))
elf2bin: ./.zig-cache/o/de8d8c3c93bd2a587e6f65043098dbd0/user-traceroute -> /Users/tbuddy/t3/zig/dos-fb-games/.zig-cache/o/e92a3534bfa8a517a86db7374172b1b5/TRACEROUTE.BIN: entry_offset=0x18 image_size=2464 (content 2440 bytes from 2 PT_LOAD segment(s))
elf2bin: ./.zig-cache/o/f9b823878a7128e82af4b70b1e75d989/user-disas -> /Users/tbuddy/t3/zig/dos-fb-games/.zig-cache/o/4a3d6a91135a00218640528176c7c490/DISAS.BIN: entry_offset=0x18 image_size=6496 (content 6472 bytes from 2 PT_LOAD segment(s))
elf2bin: ./.zig-cache/o/720d6a257d2f690057e894d3c29935df/user-asm -> /Users/tbuddy/t3/zig/dos-fb-games/.zig-cache/o/894c1bb1ceb2f9b3b920e472f0fcea14/ASM.BIN: entry_offset=0x18 image_size=12690 (content 12666 bytes from 2 PT_LOAD segment(s))
elf2bin: ./.zig-cache/o/5cf2f4b644664ab6352c68c7dccbc8b7/user-dns -> /Users/tbuddy/t3/zig/dos-fb-games/.zig-cache/o/76d254dc367d45524f01eb01df7bfe5d/DNS.BIN: entry_offset=0x18 image_size=4711 (content 4687 bytes from 2 PT_LOAD segment(s))
elf2bin: ./.zig-cache/o/7d938226a1f4e6200008120332ab1595/user-resmon -> /Users/tbuddy/t3/zig/dos-fb-games/.zig-cache/o/ebdaebbb44c877459004f974020f9a90/RESMON.BIN: entry_offset=0x30 image_size=12336 text=12288 data=0 (bss tail 82800) from 3 PT_LOAD segment(s)
elf2bin: ./.zig-cache/o/0c4f24165d937a6e89642938a95a01e9/user-type -> /Users/tbuddy/t3/zig/dos-fb-games/.zig-cache/o/7a445aad4e3d67217215d69661cec034/TYPE.BIN: entry_offset=0x18 image_size=232 (content 208 bytes from 1 PT_LOAD segment(s))
elf2bin: ./.zig-cache/o/73161eb172b9eac098940ae9c22f4b23/user-calc -> /Users/tbuddy/t3/zig/dos-fb-games/.zig-cache/o/00e6e0960f2017d557196a204455770f/CALC.BIN: entry_offset=0x30 image_size=82016 text=81920 data=48 (bss tail 81592) from 3 PT_LOAD segment(s)
elf2bin: ./.zig-cache/o/a91817d5a8333fe8a84335dfd1ab7698/user-hello -> /Users/tbuddy/t3/zig/dos-fb-games/.zig-cache/o/acbc519b08891d0ceb025c3cae3853fb/USER.BIN: entry_offset=0x18 image_size=393 (content 369 bytes from 1 PT_LOAD segment(s))
elf2bin: ./.zig-cache/o/b955832e5b609b0a56ee0a1286359d6f/user-smpst-file -> /Users/tbuddy/t3/zig/dos-fb-games/.zig-cache/o/8840d6f429e9801dc57be08c2175167c/SMPFILE.BIN: entry_offset=0x30 image_size=4144 text=4096 data=0 (bss tail 4) from 3 PT_LOAD segment(s)
elf2bin: ./.zig-cache/o/dd1c0158e028dc5963b7135799d1d931/user-keytest -> /Users/tbuddy/t3/zig/dos-fb-games/.zig-cache/o/1fed85cdbbc0610981755e4c2e795e7e/KEYTEST.BIN: entry_offset=0x18 image_size=645 (content 621 bytes from 1 PT_LOAD segment(s))
elf2bin: ./.zig-cache/o/c48f9ec4b46f8266eb339f5434fcf272/user-smp1 -> /Users/tbuddy/t3/zig/dos-fb-games/.zig-cache/o/4d122d39e03480e81842e2610545cb2f/SMP1.BIN: entry_offset=0x18 image_size=159 (content 135 bytes from 1 PT_LOAD segment(s))
elf2bin: ./.zig-cache/o/34a3890754ca6f0d7cfdefbaa5001b65/user-dir -> /Users/tbuddy/t3/zig/dos-fb-games/.zig-cache/o/61f5b80a9ee67dba7481086ac36cfc15/DIR.BIN: entry_offset=0x18 image_size=248 (content 224 bytes from 1 PT_LOAD segment(s))
elf2bin: ./.zig-cache/o/9dd5fb2be4029e8926a3b4f263f481b8/user-ping -> /Users/tbuddy/t3/zig/dos-fb-games/.zig-cache/o/9babd50e05d7b294331a392e5174edff/PING.BIN: entry_offset=0x18 image_size=5670 (content 5646 bytes from 2 PT_LOAD segment(s))
elf2bin: ./.zig-cache/o/b809a146d2e8b5443aaf17bd25e158bb/virelai-kernel -> /Users/tbuddy/t3/zig/dos-fb-games/.zig-cache/o/9bc7e7cb6bc18f9ee1c64d39cf8506d1/KERNEL.BIN: entry_offset=0x18 image_size=8616144 (content 8616120 bytes from 4 PT_LOAD segment(s))
make-image: building FAT32+GPT boot image 'artifacts/disk.img' (0 MiB)...
mkfat32: wrote artifacts/disk.img.tmp (169472 EFI + 8616144 kernel bytes)
make-image: verifying image contents...
size: 35364864 bytes (69072 sectors)
LBA0: MBR present
GPT: valid signature, header crc32=0xde33e5c4
GPT: ESP partition at LBA 2048, 67024 sectors
FAT: boot sig ok, label='VIRELAIOS', 512-byte sectors, 1 sector/cluster, 32 reserved, 2 FATs x 516 sectors, root cluster 2
FAT: directory tree:
  EFI/
    BOOT/
      BOOTAA64.EFI  (169472 bytes)
  KERNEL.BIN  (8616144 bytes)
make-image: done.
Building for production...
[1 / 1]
[2 / 6] VFWire
[4 / 7] VFWire
[7 / 10] VMRunner-product
/Users/tbuddy/t3/zig/dos-fb-games/host/vm-runner/Sources/VMRunner/main.swift:1650:79: [1;33mwarning: [1;39m'activateIgnoringOtherApps' was deprecated in macOS 14.0: ignoringOtherApps is deprecated in macOS 14 and will have no effect.[0;0m [#]8;;https://docs.swift.org/compiler/documentation/diagnostics/deprecated-declaration\DeprecatedDeclaration]8;;\]
[0;36m1648 |[0;0m         NSApp.activate(ignoringOtherApps: true)
[0;36m1649 |[0;0m         NSApp.activate()
[0;36m1650 |[0;0m         NSRunningApplication.current.activate(options: [.activateAllWindows, .activateIgnoringOtherApps])
     [0;36m|[0;0m                                                                               `- [1;33mwarning: [1;39m'activateIgnoringOtherApps' was deprecated in macOS 14.0: ignoringOtherApps is deprecated in macOS 14 and will have no effect.[0;0m [#]8;;https://docs.swift.org/compiler/documentation/diagnostics/deprecated-declaration\DeprecatedDeclaration]8;;\]
[0;36m1651 |[0;0m         // Re-assert after the run loop has a chance to complete the
[0;36m1652 |[0;0m         // activation (async on macOS), so the first synthesized event

/Users/tbuddy/t3/zig/dos-fb-games/host/vm-runner/Sources/VMRunner/main.swift:1658:83: [1;33mwarning: [1;39m'activateIgnoringOtherApps' was deprecated in macOS 14.0: ignoringOtherApps is deprecated in macOS 14 and will have no effect.[0;0m [#]8;;https://docs.swift.org/compiler/documentation/diagnostics/deprecated-declaration\DeprecatedDeclaration]8;;\]
[0;36m1656 |[0;0m             NSApp.activate(ignoringOtherApps: true)
[0;36m1657 |[0;0m             NSApp.activate()
[0;36m1658 |[0;0m             NSRunningApplication.current.activate(options: [.activateAllWindows, .activateIgnoringOtherApps])
     [0;36m|[0;0m                                                                                   `- [1;33mwarning: [1;39m'activateIgnoringOtherApps' was deprecated in macOS 14.0: ignoringOtherApps is deprecated in macOS 14 and will have no effect.[0;0m [#]8;;https://docs.swift.org/compiler/documentation/diagnostics/deprecated-declaration\DeprecatedDeclaration]8;;\]
[0;36m1659 |[0;0m             pmo("diag key-after-activate=\(window.isKeyWindow) main=\(window.isMainWindow) active=\(NSApp.isActive) visible=\(window.isVisible) onscreen=\(window.isOnActiveSpace)")
[0;36m1660 |[0;0m         }

/Users/tbuddy/t3/zig/dos-fb-games/host/vm-runner/Sources/VMRunner/main.swift:2215:6: [1;33mwarning: [1;39mconcurrently-executed global function 'requestTeeStop()' must be marked as '@Sendable'; this is an error in the Swift 6 language mode[0;0m
[0;36m2213 |[0;0m var teeStopRequested = false
[0;36m2214 |[0;0m 
[0;36m2215 |[0;0m func requestTeeStop() {
     [0;36m|[0;0m      `- [1;33mwarning: [1;39mconcurrently-executed global function 'requestTeeStop()' must be marked as '@Sendable'; this is an error in the Swift 6 language mode[0;0m
[0;36m2216 |[0;0m     teeStopLock.lock()
[0;36m2217 |[0;0m     teeStopRequested = true

/Users/tbuddy/t3/zig/dos-fb-games/host/vm-runner/Sources/VMRunner/main.swift:5227:22: [1;33mwarning: [1;39mno calls to throwing functions occur within 'try' expression[0;0m [#]8;;https://docs.swift.org/compiler/documentation/diagnostics/unnecessary-effect-marker\UnnecessaryEffectMarker]8;;\]
[0;36m5225 |[0;0m             // injected newlines, so the capture stays byte-faithful.
[0;36m5226 |[0;0m             if let h = cvcConsoleFileHandle {
[0;36m5227 |[0;0m                 do { try h.write(Data(bytes)) } catch {
     [0;36m|[0;0m                      `- [1;33mwarning: [1;39mno calls to throwing functions occur within 'try' expression[0;0m [#]8;;https://docs.swift.org/compiler/documentation/diagnostics/unnecessary-effect-marker\UnnecessaryEffectMarker]8;;\]
[0;36m5228 |[0;0m                     print("CUSTOM-VIRTIO-CONSOLE: file write FAILED: \(error)")
[0;36m5229 |[0;0m                 }

/Users/tbuddy/t3/zig/dos-fb-games/host/vm-runner/Sources/VMRunner/main.swift:5227:49: [1;33mwarning: [1;39m'catch' block is unreachable because no errors are thrown in 'do' block[0;0m
[0;36m5225 |[0;0m             // injected newlines, so the capture stays byte-faithful.
[0;36m5226 |[0;0m             if let h = cvcConsoleFileHandle {
[0;36m5227 |[0;0m                 do { try h.write(Data(bytes)) } catch {
     [0;36m|[0;0m                                                 `- [1;33mwarning: [1;39m'catch' block is unreachable because no errors are thrown in 'do' block[0;0m
[0;36m5228 |[0;0m                     print("CUSTOM-VIRTIO-CONSOLE: file write FAILED: \(error)")
[0;36m5229 |[0;0m                 }

[#DeprecatedDeclaration]: <https://docs.swift.org/compiler/documentation/diagnostics/deprecated-declaration>
[#UnnecessaryEffectMarker]: <https://docs.swift.org/compiler/documentation/diagnostics/unnecessary-effect-marker>
[8 / 11] VMRunner-product
[10 / 11] VMRunner-product
[11 / 11] VMRunner-product
Build complete! (9.54 sec)
host/vm-runner/.build/release/VMRunner: replacing existing signature
gate-run: share armed (empty) at /var/folders/p_/h710w89x7b16x249r_061lkw0000gn/T//virelai-live-calc-depth.SThKsB/share
mkhello-elf: wrote /var/folders/p_/h710w89x7b16x249r_061lkw0000gn/T//virelai-live-calc-depth.SThKsB/share/HELLO.ELF (142 bytes; entry=0x400000 filesz=58)
mkhello-elf: wrote /var/folders/p_/h710w89x7b16x249r_061lkw0000gn/T//virelai-live-calc-depth.SThKsB/share/CRASH.ELF (332 bytes; BRK inside 'crasher' at +4 -> tombstone note '(in crasher+0x4)')
Generated /var/folders/p_/h710w89x7b16x249r_061lkw0000gn/T//virelai-live-calc-depth.SThKsB/share/LIBUI.SO (1240 bytes)
Generated /var/folders/p_/h710w89x7b16x249r_061lkw0000gn/T//virelai-live-calc-depth.SThKsB/share/LIBFONT.SO (456 bytes)
Generated /var/folders/p_/h710w89x7b16x249r_061lkw0000gn/T//virelai-live-calc-depth.SThKsB/share/PLUGIN.SO (480 bytes)
Generated /var/folders/p_/h710w89x7b16x249r_061lkw0000gn/T//virelai-live-calc-depth.SThKsB/share/DYNAPP.ELF (8192 bytes)
Generated /var/folders/p_/h710w89x7b16x249r_061lkw0000gn/T//virelai-live-calc-depth.SThKsB/share/CALC.ELF (8192 bytes)
Generated /var/folders/p_/h710w89x7b16x249r_061lkw0000gn/T//virelai-live-calc-depth.SThKsB/share/NOTEPAD.ELF (8192 bytes)
Generated /var/folders/p_/h710w89x7b16x249r_061lkw0000gn/T//virelai-live-calc-depth.SThKsB/share/FILE.ELF (8192 bytes)
Generated /var/folders/p_/h710w89x7b16x249r_061lkw0000gn/T//virelai-live-calc-depth.SThKsB/share/DESKTOP.ELF (8192 bytes)
gate-run: share seeded at /var/folders/p_/h710w89x7b16x249r_061lkw0000gn/T//virelai-live-calc-depth.SThKsB/share (90 files, 23 APPS.TXT entries)
run dir: /var/folders/p_/h710w89x7b16x249r_061lkw0000gn/T//virelai-live-calc-depth.SThKsB

=== live-calc-depth run 01 ===
01: runner-rc=0
  serial-contains [VirelaiOS kernel has seized control.]=1
  serial-contains [calc: ready]=1
  serial-contains [calc: stats-on]=1
  serial-contains [calc: stats-ok]=1
  serial-contains [calc: stats-off]=1
  serial-contains [calc: date-open]=1
  serial-contains [calc: date-ok]=1
  serial-contains [calc: date-close]=1
  serial-contains [calc: cfg-open]=1
  serial-contains [calc: cfg-close]=1
  serial-contains [calc: rand]=1
  serial-contains [calc: mem-slot]=1
  serial-contains [calc: conv-on]=1
  serial-contains [calc: conv-off]=1
  serial-contains [calc: clip-copy]=1
  serial-contains [calc: deg-mode]=1
  serial-contains [calc: rad-mode]=1
  serial-contains [calc: sci-on]=1
  serial-contains [calc: sci-off]=1
  serial-contains [calc: expr-on]=1
  serial-contains [calc: expr-off]=1
  serial-contains [calc-depth-live-ok]=1
  serial-absent [[EXC] parking:] ok=1
white-glyph samples in CALC display (right-aligned region): 21
  snapshot [gpu-screen-*] PASS (gpu-screen-after)
01: PASS

=== result ===
vgate live-calc-depth: PASS (1/1 runs)
--- [1/13] PASS live-calc-depth (106s)

--- [2/13] spec live-desktop
=== vgate live-desktop: Milestone 11 Desktop Platform & GUI Apps ===
spec: /Users/tbuddy/t3/zig/dos-fb-games/tools/gate/specs/live-desktop.spec
revision: c7290e65db8437890d0051c79bf8daccbc159446 branch=agent/buffy/gf6-closeout dirty-files=4
elf2bin: ./.zig-cache/o/053bfbccc25440fd5f932768b5005120/user-devcons -> /Users/tbuddy/t3/zig/dos-fb-games/.zig-cache/o/7f0926e7da79cd88f74af92dfbc6085c/DEVCONS.BIN: entry_offset=0x30 image_size=16492 text=16384 data=60 (bss tail 118508) from 3 PT_LOAD segment(s)
elf2bin: ./.zig-cache/o/2fdc5ddbab2a17b93299acad7654c4d9/user-win -> /Users/tbuddy/t3/zig/dos-fb-games/.zig-cache/o/bdbe1e8c0a02b9f492a0a1809bf753d4/WIN.BIN: entry_offset=0x18 image_size=364 (content 340 bytes from 1 PT_LOAD segment(s))
elf2bin: ./.zig-cache/o/4da86b50ea8972ea32625ead4e1a938e/user-harden -> /Users/tbuddy/t3/zig/dos-fb-games/.zig-cache/o/ccebc4933c2df8d686cdc3ccd55f937f/HARDEN.BIN: entry_offset=0x18 image_size=714 (content 690 bytes from 2 PT_LOAD segment(s))
elf2bin: ./.zig-cache/o/9dd5fb2be4029e8926a3b4f263f481b8/user-ping -> /Users/tbuddy/t3/zig/dos-fb-games/.zig-cache/o/9babd50e05d7b294331a392e5174edff/PING.BIN: entry_offset=0x18 image_size=5670 (content 5646 bytes from 2 PT_LOAD segment(s))
elf2bin: ./.zig-cache/o/a29176312a9e71a08ac6240dcb418323/user-udp -> /Users/tbuddy/t3/zig/dos-fb-games/.zig-cache/o/72311f5e06b98dc1988dcbfc9846a731/UDP.BIN: entry_offset=0x18 image_size=605 (content 581 bytes from 1 PT_LOAD segment(s))
elf2bin: ./.zig-cache/o/1a99dd4708037a7b6b1acab947bdd401/user-tabwm -> /Users/tbuddy/t3/zig/dos-fb-games/.zig-cache/o/384a7b55b34dc85b9af26c372a1af837/TABWM.BIN: entry_offset=0x30 image_size=28772 text=28672 data=52 (bss tail 88484) from 3 PT_LOAD segment(s)
elf2bin: ./.zig-cache/o/80a5899e9d679826081409bdfa621b3a/user-fetch -> /Users/tbuddy/t3/zig/dos-fb-games/.zig-cache/o/47972f54ec3324ef5264a7abab081a51/FETCH.BIN: entry_offset=0x18 image_size=2979 (content 2955 bytes from 2 PT_LOAD segment(s))
elf2bin: ./.zig-cache/o/e0e1cd8a19e2abf771d66c715d79a9f7/user-winclose -> /Users/tbuddy/t3/zig/dos-fb-games/.zig-cache/o/43b9cd0e5f216903ad80e496d195f858/WINCLOSE.BIN: entry_offset=0x18 image_size=261 (content 237 bytes from 1 PT_LOAD segment(s))
elf2bin: ./.zig-cache/o/6a94ebd826deb7c0f991f238fa9a6601/user-sb6old -> /Users/tbuddy/t3/zig/dos-fb-games/.zig-cache/o/a37a6c906ca8a0aa8578af500bc1ca5d/SB6OLD.BIN: entry_offset=0x18 image_size=476 (content 452 bytes from 2 PT_LOAD segment(s))
elf2bin: ./.zig-cache/o/512a39fa7ace8c25ef857d8dd143f7b1/user-desktop -> /Users/tbuddy/t3/zig/dos-fb-games/.zig-cache/o/d288c47856dff974bbfd29e7c7332b60/DESKTOP.BIN: entry_offset=0x30 image_size=20528 text=20480 data=0 (bss tail 81584) from 3 PT_LOAD segment(s)
elf2bin: ./.zig-cache/o/32f5202d7b1ea6fc518b74ce7195239a/user-sb5own -> /Users/tbuddy/t3/zig/dos-fb-games/.zig-cache/o/a88e7c3c2e421fec7b2f5ddd63f5c490/SB5OWN.BIN: entry_offset=0x18 image_size=1141 (content 1117 bytes from 2 PT_LOAD segment(s))
elf2bin: ./.zig-cache/o/4e79477318f85a42f825b306ecf54b93/user-top -> /Users/tbuddy/t3/zig/dos-fb-games/.zig-cache/o/587bca890e385b8619d533af17a7f86b/TOP.BIN: entry_offset=0x30 image_size=28768 text=28672 data=48 (bss tail 81584) from 3 PT_LOAD segment(s)
elf2bin: ./.zig-cache/o/5cf2f4b644664ab6352c68c7dccbc8b7/user-dns -> /Users/tbuddy/t3/zig/dos-fb-games/.zig-cache/o/76d254dc367d45524f01eb01df7bfe5d/DNS.BIN: entry_offset=0x18 image_size=4711 (content 4687 bytes from 2 PT_LOAD segment(s))
elf2bin: ./.zig-cache/o/4190ef1c6173636fe5715488aff00bbe/user-view -> /Users/tbuddy/t3/zig/dos-fb-games/.zig-cache/o/853118821b4c40e157619e51b881f1dc/VIEW.BIN: entry_offset=0x30 image_size=28904 text=28672 data=184 (bss tail 89880) from 3 PT_LOAD segment(s)
elf2bin: ./.zig-cache/o/9922856723bab73614abac5e1b82bd82/user-savetext -> /Users/tbuddy/t3/zig/dos-fb-games/.zig-cache/o/4b145c6d9de9a632ec8a6ef89aa48b82/SAVETEXT.BIN: entry_offset=0x18 image_size=225 (content 201 bytes from 1 PT_LOAD segment(s))
elf2bin: ./.zig-cache/o/c70323867e00eff6e08e26661448d640/user-smpst-net -> /Users/tbuddy/t3/zig/dos-fb-games/.zig-cache/o/a9cfd98dbf1f23f29e07308378cdcf2b/SMPNET.BIN: entry_offset=0x30 image_size=4144 text=4096 data=0 (bss tail 4) from 3 PT_LOAD segment(s)
elf2bin: ./.zig-cache/o/dd1c0158e028dc5963b7135799d1d931/user-keytest -> /Users/tbuddy/t3/zig/dos-fb-games/.zig-cache/o/1fed85cdbbc0610981755e4c2e795e7e/KEYTEST.BIN: entry_offset=0x18 image_size=645 (content 621 bytes from 1 PT_LOAD segment(s))
elf2bin: ./.zig-cache/o/c48f9ec4b46f8266eb339f5434fcf272/user-smp1 -> /Users/tbuddy/t3/zig/dos-fb-games/.zig-cache/o/4d122d39e03480e81842e2610545cb2f/SMP1.BIN: entry_offset=0x18 image_size=159 (content 135 bytes from 1 PT_LOAD segment(s))
elf2bin: ./.zig-cache/o/a12c373c47d29fde98ee075cc48b361e/user-settings -> /Users/tbuddy/t3/zig/dos-fb-games/.zig-cache/o/d29bc684fc7cd848a335419e630bbd57/SETTINGS.BIN: entry_offset=0x30 image_size=20576 text=20480 data=48 (bss tail 81584) from 3 PT_LOAD segment(s)
elf2bin: ./.zig-cache/o/b53bb19abab1a800b3343c98e3c6edac/user-wmrpc -> /Users/tbuddy/t3/zig/dos-fb-games/.zig-cache/o/5fa271ba159990cef04e4c6885c110ea/WMRPC.BIN: entry_offset=0x18 image_size=4366 (content 4342 bytes from 2 PT_LOAD segment(s))
elf2bin: ./.zig-cache/o/4fab8be63d9586bca03cfa7e13342466/user-sb3-own -> /Users/tbuddy/t3/zig/dos-fb-games/.zig-cache/o/6018417593a1f5f27efb95d3998603d8/SB3OWN.BIN: entry_offset=0x18 image_size=1127 (content 1103 bytes from 2 PT_LOAD segment(s))
elf2bin: ./.zig-cache/o/c181519619fd6cdf3e9b8e9cab68b6da/user-smpst-win -> /Users/tbuddy/t3/zig/dos-fb-games/.zig-cache/o/27ddfbea3880345354fd046b184b398c/SMPWIN.BIN: entry_offset=0x30 image_size=4144 text=4096 data=0 (bss tail 4) from 3 PT_LOAD segment(s)
elf2bin: ./.zig-cache/o/e15a54d957ac40caa6e28f1df7d8377c/user-notepad -> /Users/tbuddy/t3/zig/dos-fb-games/.zig-cache/o/5fa31d5b5e3154684223bd82cc76fe24/NOTEPAD.BIN: entry_offset=0x30 image_size=28768 text=28672 data=48 (bss tail 81584) from 3 PT_LOAD segment(s)
elf2bin: ./.zig-cache/o/ade01e621747395a80467fdec294bb7d/user-winloop -> /Users/tbuddy/t3/zig/dos-fb-games/.zig-cache/o/fe803f9360afd6e6a5c7d792d8a56a7b/WINLOOP.BIN: entry_offset=0x18 image_size=417 (content 393 bytes from 1 PT_LOAD segment(s))
elf2bin: ./.zig-cache/o/096711e19ab7cb0e05a84c5f42d50d0f/user-chat -> /Users/tbuddy/t3/zig/dos-fb-games/.zig-cache/o/9442a0b07c4ead0959dba4ddf0d89041/CHAT.BIN: entry_offset=0x30 image_size=12336 text=12288 data=0 (bss tail 81584) from 3 PT_LOAD segment(s)
elf2bin: ./.zig-cache/o/6a135345f0e6e77e2751c8002961558e/user-schedring -> /Users/tbuddy/t3/zig/dos-fb-games/.zig-cache/o/8916b734b7493e0a8502a53d92f0881b/SCHEDRING.BIN: entry_offset=0x18 image_size=213 (content 189 bytes from 1 PT_LOAD segment(s))
elf2bin: ./.zig-cache/o/deea6614f589cdf7ce1d638ba1ecf44c/user-edit -> /Users/tbuddy/t3/zig/dos-fb-games/.zig-cache/o/8af60b505e564dc8e3508ea83adf1c2c/EDIT.BIN: entry_offset=0x30 image_size=246160 text=49152 data=196960 (bss tail 115880) from 3 PT_LOAD segment(s)
elf2bin: ./.zig-cache/o/5470e69848f0e5ad7e819a51c8b8c917/user-counter -> /Users/tbuddy/t3/zig/dos-fb-games/.zig-cache/o/1dd2f87a2f22b9186ee59932de7d732b/COUNTER.BIN: entry_offset=0x18 image_size=940 (content 916 bytes from 1 PT_LOAD segment(s))
elf2bin: ./.zig-cache/o/720d6a257d2f690057e894d3c29935df/user-asm -> /Users/tbuddy/t3/zig/dos-fb-games/.zig-cache/o/894c1bb1ceb2f9b3b920e472f0fcea14/ASM.BIN: entry_offset=0x18 image_size=12690 (content 12666 bytes from 2 PT_LOAD segment(s))
elf2bin: ./.zig-cache/o/1c9b3871740b486870a6be38e30de055/user-file-browser -> /Users/tbuddy/t3/zig/dos-fb-games/.zig-cache/o/c4fb770dc95e9cda8384af9156f9b070/FILE.BIN: entry_offset=0x30 image_size=49248 text=49152 data=48 (bss tail 81584) from 3 PT_LOAD segment(s)
elf2bin: ./.zig-cache/o/f953992d496ebc0c1084e7cb0f1e9ff9/user-sysmon -> /Users/tbuddy/t3/zig/dos-fb-games/.zig-cache/o/aeb2ad93d8f16c8f6fc842116c37a98c/SYSMON.BIN: entry_offset=0x30 image_size=20576 text=20480 data=48 (bss tail 81584) from 3 PT_LOAD segment(s)
elf2bin: ./.zig-cache/o/df528105e38c6b46ab576f2556c6f9a6/user-globals -> /Users/tbuddy/t3/zig/dos-fb-games/.zig-cache/o/2d2857bc19ad6668ae6c1eeba178709c/GLOBALS.BIN: entry_offset=0x30 image_size=28728 text=28672 data=8 (bss tail 4104) from 3 PT_LOAD segment(s)
elf2bin: ./.zig-cache/o/f35859df5deb3196d13d9da4fec50819/user-wndstub -> /Users/tbuddy/t3/zig/dos-fb-games/.zig-cache/o/18e38a339213c8b573388c331bd16ca0/WNDSTUB.BIN: entry_offset=0x18 image_size=230 (content 206 bytes from 1 PT_LOAD segment(s))
elf2bin: ./.zig-cache/o/140d7d25e93f00ac91f130c794ea06e1/user-sb3-wm -> /Users/tbuddy/t3/zig/dos-fb-games/.zig-cache/o/b6603ff1ec8a5dad49a7570e26f5c40c/SB3WM.BIN: entry_offset=0x18 image_size=1960 (content 1936 bytes from 2 PT_LOAD segment(s))
elf2bin: ./.zig-cache/o/a91817d5a8333fe8a84335dfd1ab7698/user-hello -> /Users/tbuddy/t3/zig/dos-fb-games/.zig-cache/o/acbc519b08891d0ceb025c3cae3853fb/USER.BIN: entry_offset=0x18 image_size=393 (content 369 bytes from 1 PT_LOAD segment(s))
elf2bin: ./.zig-cache/o/6d38d7cfaa9cd8eb9d2cc93d094dac8d/user-sb2-wm -> /Users/tbuddy/t3/zig/dos-fb-games/.zig-cache/o/c9cfe294f333ad46dff65a24ae1564d6/SB2WM.BIN: entry_offset=0x18 image_size=1824 (content 1800 bytes from 2 PT_LOAD segment(s))
elf2bin: ./.zig-cache/o/f9b823878a7128e82af4b70b1e75d989/user-disas -> /Users/tbuddy/t3/zig/dos-fb-games/.zig-cache/o/4a3d6a91135a00218640528176c7c490/DISAS.BIN: entry_offset=0x18 image_size=6496 (content 6472 bytes from 2 PT_LOAD segment(s))
elf2bin: ./.zig-cache/o/6dd7f345443e036b434c153a0caea26f/user-download -> /Users/tbuddy/t3/zig/dos-fb-games/.zig-cache/o/452229232d5f746142344b708975b7e8/DOWNLOAD.BIN: entry_offset=0x18 image_size=3255 (content 3231 bytes from 2 PT_LOAD segment(s))
elf2bin: ./.zig-cache/o/023a62e9025c79d2e828a4c87261546e/user-sexiburg -> /Users/tbuddy/t3/zig/dos-fb-games/.zig-cache/o/a700a449ddb0c6a40eeec24944106767/SEXIBURG.BIN: entry_offset=0x30 image_size=45104 text=45056 data=0 (bss tail 109392) from 3 PT_LOAD segment(s)
elf2bin: ./.zig-cache/o/cae78eb9ad8bb5496318e3cd659f977d/user-smpst-ev -> /Users/tbuddy/t3/zig/dos-fb-games/.zig-cache/o/da63ddb5db09284d520214baa071d15f/SMPEV.BIN: entry_offset=0x30 image_size=4144 text=4096 data=0 (bss tail 4) from 3 PT_LOAD segment(s)
elf2bin: ./.zig-cache/o/556ce42323e0e9cefb5c628f4e5c3ebb/user-status43 -> /Users/tbuddy/t3/zig/dos-fb-games/.zig-cache/o/267bf2f20edc02690e0d732f1e9ca666/STATUS43.BIN: entry_offset=0x18 image_size=134 (content 110 bytes from 1 PT_LOAD segment(s))
elf2bin: ./.zig-cache/o/5a41758f479ca7b33b16a625dd26dcb1/user-wnd -> /Users/tbuddy/t3/zig/dos-fb-games/.zig-cache/o/ec6d07b77749a1dfa7f68c964b609a12/WND.BIN: entry_offset=0x30 image_size=54504 text=53248 data=1208 (bss tail 193864) from 3 PT_LOAD segment(s)
elf2bin: ./.zig-cache/o/0c4f24165d937a6e89642938a95a01e9/user-type -> /Users/tbuddy/t3/zig/dos-fb-games/.zig-cache/o/7a445aad4e3d67217215d69661cec034/TYPE.BIN: entry_offset=0x18 image_size=232 (content 208 bytes from 1 PT_LOAD segment(s))
elf2bin: ./.zig-cache/o/92702c4672e7242dcd48600ca216a27b/user-m21demo -> /Users/tbuddy/t3/zig/dos-fb-games/.zig-cache/o/8e69bb42bc6f19ceb1eaad9ce2ec26fd/M21DEMO.BIN: entry_offset=0x18 image_size=593 (content 569 bytes from 1 PT_LOAD segment(s))
elf2bin: ./.zig-cache/o/6a4db286c57e9b005cdad5342a842d4a/user-wasm -> /Users/tbuddy/t3/zig/dos-fb-games/.zig-cache/o/760af3cd41b141aa5dec2523907de1a3/WASM.BIN: entry_offset=0x30 image_size=63456 text=32768 data=30640 (bss tail 152728) from 3 PT_LOAD segment(s)
elf2bin: ./.zig-cache/o/b809a146d2e8b5443aaf17bd25e158bb/virelai-kernel -> /Users/tbuddy/t3/zig/dos-fb-games/.zig-cache/o/9bc7e7cb6bc18f9ee1c64d39cf8506d1/KERNEL.BIN: entry_offset=0x18 image_size=8616144 (content 8616120 bytes from 4 PT_LOAD segment(s))
elf2bin: ./.zig-cache/o/e6d19fcff162f5c5f228b205a2bd555a/user-netstat -> /Users/tbuddy/t3/zig/dos-fb-games/.zig-cache/o/c0975032dfe3fa6582cd64393e29a8ba/NETSTAT.BIN: entry_offset=0x30 image_size=16432 text=16384 data=0 (bss tail 81824) from 3 PT_LOAD segment(s)
elf2bin: ./.zig-cache/o/0b2f0d6840d15250050b861b7b684082/user-sb4dam -> /Users/tbuddy/t3/zig/dos-fb-games/.zig-cache/o/a500c5aeda3f042fb457c78c77f8eda2/SB4DAM.BIN: entry_offset=0x18 image_size=434 (content 410 bytes from 2 PT_LOAD segment(s))
elf2bin: ./.zig-cache/o/c72fd955efc6a07573aacb13b8e21339/user-chime -> /Users/tbuddy/t3/zig/dos-fb-games/.zig-cache/o/4fc4c599b096adb8b09911d79b0c5791/CHIME.BIN: entry_offset=0x18 image_size=8688 (content 8664 bytes from 2 PT_LOAD segment(s))
elf2bin: ./.zig-cache/o/e402cba64be88cb9a1e0a757085c8070/user-httpd -> /Users/tbuddy/t3/zig/dos-fb-games/.zig-cache/o/e67e12ce905ee624c14c07cf5a4d4c67/HTTPD.BIN: entry_offset=0x18 image_size=15305 (content 15281 bytes from 2 PT_LOAD segment(s))
elf2bin: ./.zig-cache/o/0d41c059f2f1c015a7aa45b8e1aa9878/user-spin -> /Users/tbuddy/t3/zig/dos-fb-games/.zig-cache/o/38d336ac883e609d061b080308b76a07/SPIN.BIN: entry_offset=0x18 image_size=132 (content 108 bytes from 1 PT_LOAD segment(s))
elf2bin: ./.zig-cache/o/1bff0a56691760337161b9c5927d4fb4/user-ps -> /Users/tbuddy/t3/zig/dos-fb-games/.zig-cache/o/c1c91dfedf98cd66d000aef322e7cf73/PS.BIN: entry_offset=0x30 image_size=12336 text=12288 data=0 (bss tail 82800) from 3 PT_LOAD segment(s)
elf2bin: ./.zig-cache/o/3411c6b2d9ee965c3e128c2091e718b7/user-hardening-victim -> /Users/tbuddy/t3/zig/dos-fb-games/.zig-cache/o/e652ac633d7ee71dbdc4b6c5be2f0c09/VICTIM.BIN: entry_offset=0x30 image_size=4144 text=4096 data=0 (bss tail 1112) from 3 PT_LOAD segment(s)
elf2bin: ./.zig-cache/o/de8d8c3c93bd2a587e6f65043098dbd0/user-traceroute -> /Users/tbuddy/t3/zig/dos-fb-games/.zig-cache/o/e92a3534bfa8a517a86db7374172b1b5/TRACEROUTE.BIN: entry_offset=0x18 image_size=2464 (content 2440 bytes from 2 PT_LOAD segment(s))
elf2bin: ./.zig-cache/o/e90a2a1675d70e45ba5ad1a3c99a019c/user-netprof -> /Users/tbuddy/t3/zig/dos-fb-games/.zig-cache/o/5f327fb4148f79ba43b3d0e14dfa14f7/NETPROF.BIN: entry_offset=0x18 image_size=4345 (content 4321 bytes from 2 PT_LOAD segment(s))
elf2bin: ./.zig-cache/o/4d991fc6ceb842555b01d437637e4c3f/user-tabhold -> /Users/tbuddy/t3/zig/dos-fb-games/.zig-cache/o/3e842c29ecc4e81a89f06f492e2f562c/TABHOLD.BIN: entry_offset=0x18 image_size=2440 (content 2416 bytes from 2 PT_LOAD segment(s))
elf2bin: ./.zig-cache/o/6f46a2be4c0997be9d20e2d1590c8558/user-sb2-own -> /Users/tbuddy/t3/zig/dos-fb-games/.zig-cache/o/ec3b97240afd2436deb3f8f4c75c2a34/SB2OWN.BIN: entry_offset=0x18 image_size=979 (content 955 bytes from 2 PT_LOAD segment(s))
elf2bin: ./.zig-cache/o/b955832e5b609b0a56ee0a1286359d6f/user-smpst-file -> /Users/tbuddy/t3/zig/dos-fb-games/.zig-cache/o/8840d6f429e9801dc57be08c2175167c/SMPFILE.BIN: entry_offset=0x30 image_size=4144 text=4096 data=0 (bss tail 4) from 3 PT_LOAD segment(s)
elf2bin: ./.zig-cache/o/7d938226a1f4e6200008120332ab1595/user-resmon -> /Users/tbuddy/t3/zig/dos-fb-games/.zig-cache/o/ebdaebbb44c877459004f974020f9a90/RESMON.BIN: entry_offset=0x30 image_size=12336 text=12288 data=0 (bss tail 82800) from 3 PT_LOAD segment(s)
elf2bin: ./.zig-cache/o/724156a0002ff11d98cb4dd929024f1f/user-sb5wm -> /Users/tbuddy/t3/zig/dos-fb-games/.zig-cache/o/f023dd2aefa403c5f07acc4a241079ec/SB5WM.BIN: entry_offset=0x18 image_size=2256 (content 2232 bytes from 2 PT_LOAD segment(s))
elf2bin: ./.zig-cache/o/73161eb172b9eac098940ae9c22f4b23/user-calc -> /Users/tbuddy/t3/zig/dos-fb-games/.zig-cache/o/00e6e0960f2017d557196a204455770f/CALC.BIN: entry_offset=0x30 image_size=82016 text=81920 data=48 (bss tail 81592) from 3 PT_LOAD segment(s)
elf2bin: ./.zig-cache/o/042073e21dd17eca541a19e2f6584202/user-tcp -> /Users/tbuddy/t3/zig/dos-fb-games/.zig-cache/o/9ee55916d4d1a796f79eb78a7599e24b/TCP.BIN: entry_offset=0x18 image_size=267 (content 243 bytes from 1 PT_LOAD segment(s))
elf2bin: ./.zig-cache/o/af91bb5d2336fa9598296fe7e2c29959/user-winmove -> /Users/tbuddy/t3/zig/dos-fb-games/.zig-cache/o/6bec406e3c6e3b42bc528bc385d67e8f/WINMOVE.BIN: entry_offset=0x18 image_size=1340 (content 1316 bytes from 1 PT_LOAD segment(s))
elf2bin: ./.zig-cache/o/fb555083c95185f3e4712658636e01f9/user-zc -> /Users/tbuddy/t3/zig/dos-fb-games/.zig-cache/o/1306a2e55905b2dc725e27530f11bb1c/ZC.BIN: entry_offset=0x30 image_size=32816 text=32768 data=0 (bss tail 216184) from 3 PT_LOAD segment(s)
elf2bin: ./.zig-cache/o/e2de6e54d62f6b6f2139792b6221f74c/user-timertest -> /Users/tbuddy/t3/zig/dos-fb-games/.zig-cache/o/8ac200506b8113ea24eaccaed9417751/TIMER.BIN: entry_offset=0x18 image_size=1129 (content 1105 bytes from 2 PT_LOAD segment(s))
elf2bin: ./.zig-cache/o/e0c0c4214efe4ec549f7f0383fc738c2/user-sb6new -> /Users/tbuddy/t3/zig/dos-fb-games/.zig-cache/o/12de2bcad574fd990422991d1b803d76/SB6NEW.BIN: entry_offset=0x18 image_size=1273 (content 1249 bytes from 2 PT_LOAD segment(s))
elf2bin: ./.zig-cache/o/f7e326795f85c7d2a1063844673bcfc2/user-jingle -> /Users/tbuddy/t3/zig/dos-fb-games/.zig-cache/o/b28c2791ccd842bb4a360e1fcaaff2e7/JINGLE.BIN: entry_offset=0x18 image_size=8624 (content 8600 bytes from 2 PT_LOAD segment(s))
elf2bin: ./.zig-cache/o/b84f734af113c7bb1cdda926376d52e3/user-sb6wm -> /Users/tbuddy/t3/zig/dos-fb-games/.zig-cache/o/3efa6e5811528fbb4dd21a5970a82afd/SB6WM.BIN: entry_offset=0x18 image_size=2600 (content 2576 bytes from 2 PT_LOAD segment(s))
elf2bin: ./.zig-cache/o/34a3890754ca6f0d7cfdefbaa5001b65/user-dir -> /Users/tbuddy/t3/zig/dos-fb-games/.zig-cache/o/61f5b80a9ee67dba7481086ac36cfc15/DIR.BIN: entry_offset=0x18 image_size=248 (content 224 bytes from 1 PT_LOAD segment(s))
elf2bin: ./.zig-cache/o/e7f32f89ec31d13c1248792acc0490db/user-peer -> /Users/tbuddy/t3/zig/dos-fb-games/.zig-cache/o/8b62ff4016555b66312c926d4598e0f4/PEER.BIN: entry_offset=0x18 image_size=623 (content 599 bytes from 1 PT_LOAD segment(s))
elf2bin: ./.zig-cache/o/b6b48db40e50336d0f88382acc7971cb/user-sexitest -> /Users/tbuddy/t3/zig/dos-fb-games/.zig-cache/o/447c9cf3ce4e0ecaa0542fa790e045fa/SEXITEST.BIN: entry_offset=0x18 image_size=3088 (content 3064 bytes from 2 PT_LOAD segment(s))
elf2bin: ./.zig-cache/o/17499a16ea3783890f36dcf457e11b86/user-vmtest -> /Users/tbuddy/t3/zig/dos-fb-games/.zig-cache/o/bfafdb0759b1d2092ad746ae547af134/VMTEST.BIN: entry_offset=0x18 image_size=968 (content 944 bytes from 2 PT_LOAD segment(s))
elf2bin: ./.zig-cache/o/5a55f9d85a61c8d87367f6a4676aab9a/user-guard -> /Users/tbuddy/t3/zig/dos-fb-games/.zig-cache/o/f1219d8f43d1467252fc886154bbe781/GUARD.BIN: entry_offset=0x18 image_size=88 (content 64 bytes from 1 PT_LOAD segment(s))
elf2bin: ./.zig-cache/o/b809a146d2e8b5443aaf17bd25e158bb/virelai-kernel -> /Users/tbuddy/t3/zig/dos-fb-games/.zig-cache/o/9bc7e7cb6bc18f9ee1c64d39cf8506d1/KERNEL.BIN: entry_offset=0x18 image_size=8616144 (content 8616120 bytes from 4 PT_LOAD segment(s))
make-image: building FAT32+GPT boot image 'artifacts/disk.img' (0 MiB)...
mkfat32: wrote artifacts/disk.img.tmp (169472 EFI + 8616144 kernel bytes)
make-image: verifying image contents...
size: 35364864 bytes (69072 sectors)
LBA0: MBR present
GPT: valid signature, header crc32=0xde33e5c4
GPT: ESP partition at LBA 2048, 67024 sectors
FAT: boot sig ok, label='VIRELAIOS', 512-byte sectors, 1 sector/cluster, 32 reserved, 2 FATs x 516 sectors, root cluster 2
FAT: directory tree:
  EFI/
    BOOT/
      BOOTAA64.EFI  (169472 bytes)
  KERNEL.BIN  (8616144 bytes)
make-image: done.
Building for production...
[2 / 3] VMRunner-product
[3 / 3] VMRunner-product
Build complete! (0.57 sec)
host/vm-runner/.build/release/VMRunner: replacing existing signature
gate-run: share armed (empty) at /var/folders/p_/h710w89x7b16x249r_061lkw0000gn/T//virelai-live-desktop.xVdhr8/share
mkhello-elf: wrote /var/folders/p_/h710w89x7b16x249r_061lkw0000gn/T//virelai-live-desktop.xVdhr8/share/HELLO.ELF (142 bytes; entry=0x400000 filesz=58)
mkhello-elf: wrote /var/folders/p_/h710w89x7b16x249r_061lkw0000gn/T//virelai-live-desktop.xVdhr8/share/CRASH.ELF (332 bytes; BRK inside 'crasher' at +4 -> tombstone note '(in crasher+0x4)')
Generated /var/folders/p_/h710w89x7b16x249r_061lkw0000gn/T//virelai-live-desktop.xVdhr8/share/LIBUI.SO (1240 bytes)
Generated /var/folders/p_/h710w89x7b16x249r_061lkw0000gn/T//virelai-live-desktop.xVdhr8/share/LIBFONT.SO (456 bytes)
Generated /var/folders/p_/h710w89x7b16x249r_061lkw0000gn/T//virelai-live-desktop.xVdhr8/share/PLUGIN.SO (480 bytes)
Generated /var/folders/p_/h710w89x7b16x249r_061lkw0000gn/T//virelai-live-desktop.xVdhr8/share/DYNAPP.ELF (8192 bytes)
Generated /var/folders/p_/h710w89x7b16x249r_061lkw0000gn/T//virelai-live-desktop.xVdhr8/share/CALC.ELF (8192 bytes)
Generated /var/folders/p_/h710w89x7b16x249r_061lkw0000gn/T//virelai-live-desktop.xVdhr8/share/NOTEPAD.ELF (8192 bytes)
Generated /var/folders/p_/h710w89x7b16x249r_061lkw0000gn/T//virelai-live-desktop.xVdhr8/share/FILE.ELF (8192 bytes)
Generated /var/folders/p_/h710w89x7b16x249r_061lkw0000gn/T//virelai-live-desktop.xVdhr8/share/DESKTOP.ELF (8192 bytes)
gate-run: share seeded at /var/folders/p_/h710w89x7b16x249r_061lkw0000gn/T//virelai-live-desktop.xVdhr8/share (90 files, 23 APPS.TXT entries)
run dir: /var/folders/p_/h710w89x7b16x249r_061lkw0000gn/T//virelai-live-desktop.xVdhr8

=== live-desktop run A ===
A: runner-rc=0
  serial-contains [calc: ready]=1
  serial-contains [notepad: ready]=1
  serial-contains [top: ready]=1
  serial-contains [desktop: ready]=1
  serial-contains [desktop: menu ready]=1
  serial-contains [desktop: manifest apps=]=1
  serial-contains [desktop: launch CALC.BIN]=1
  serial-contains [28 sys_exec calls=1]=1
  serial-contains [done-desktop-sweep]=1
  serial-absent [[EXC] parking:] ok=1
A: PASS

=== result ===
vgate live-desktop: PASS (1/1 runs)
--- [2/13] PASS live-desktop (18s)

--- [3/13] spec live-wnd-server
=== vgate live-wnd-server: M32 WMS3: long-lived EL0 WM server on VZ ===
spec: /Users/tbuddy/t3/zig/dos-fb-games/tools/gate/specs/live-wnd-server.spec
revision: c7290e65db8437890d0051c79bf8daccbc159446 branch=agent/buffy/gf6-closeout dirty-files=4
elf2bin: ./.zig-cache/o/0c4f24165d937a6e89642938a95a01e9/user-type -> /Users/tbuddy/t3/zig/dos-fb-games/.zig-cache/o/7a445aad4e3d67217215d69661cec034/TYPE.BIN: entry_offset=0x18 image_size=232 (content 208 bytes from 1 PT_LOAD segment(s))
elf2bin: ./.zig-cache/o/b84f734af113c7bb1cdda926376d52e3/user-sb6wm -> /Users/tbuddy/t3/zig/dos-fb-games/.zig-cache/o/3efa6e5811528fbb4dd21a5970a82afd/SB6WM.BIN: entry_offset=0x18 image_size=2600 (content 2576 bytes from 2 PT_LOAD segment(s))
elf2bin: ./.zig-cache/o/4da86b50ea8972ea32625ead4e1a938e/user-harden -> /Users/tbuddy/t3/zig/dos-fb-games/.zig-cache/o/ccebc4933c2df8d686cdc3ccd55f937f/HARDEN.BIN: entry_offset=0x18 image_size=714 (content 690 bytes from 2 PT_LOAD segment(s))
elf2bin: ./.zig-cache/o/f953992d496ebc0c1084e7cb0f1e9ff9/user-sysmon -> /Users/tbuddy/t3/zig/dos-fb-games/.zig-cache/o/aeb2ad93d8f16c8f6fc842116c37a98c/SYSMON.BIN: entry_offset=0x30 image_size=20576 text=20480 data=48 (bss tail 81584) from 3 PT_LOAD segment(s)
elf2bin: ./.zig-cache/o/140d7d25e93f00ac91f130c794ea06e1/user-sb3-wm -> /Users/tbuddy/t3/zig/dos-fb-games/.zig-cache/o/b6603ff1ec8a5dad49a7570e26f5c40c/SB3WM.BIN: entry_offset=0x18 image_size=1960 (content 1936 bytes from 2 PT_LOAD segment(s))
elf2bin: ./.zig-cache/o/6a135345f0e6e77e2751c8002961558e/user-schedring -> /Users/tbuddy/t3/zig/dos-fb-games/.zig-cache/o/8916b734b7493e0a8502a53d92f0881b/SCHEDRING.BIN: entry_offset=0x18 image_size=213 (content 189 bytes from 1 PT_LOAD segment(s))
elf2bin: ./.zig-cache/o/5a55f9d85a61c8d87367f6a4676aab9a/user-guard -> /Users/tbuddy/t3/zig/dos-fb-games/.zig-cache/o/f1219d8f43d1467252fc886154bbe781/GUARD.BIN: entry_offset=0x18 image_size=88 (content 64 bytes from 1 PT_LOAD segment(s))
elf2bin: ./.zig-cache/o/512a39fa7ace8c25ef857d8dd143f7b1/user-desktop -> /Users/tbuddy/t3/zig/dos-fb-games/.zig-cache/o/d288c47856dff974bbfd29e7c7332b60/DESKTOP.BIN: entry_offset=0x30 image_size=20528 text=20480 data=0 (bss tail 81584) from 3 PT_LOAD segment(s)
elf2bin: ./.zig-cache/o/a91817d5a8333fe8a84335dfd1ab7698/user-hello -> /Users/tbuddy/t3/zig/dos-fb-games/.zig-cache/o/acbc519b08891d0ceb025c3cae3853fb/USER.BIN: entry_offset=0x18 image_size=393 (content 369 bytes from 1 PT_LOAD segment(s))
elf2bin: ./.zig-cache/o/ade01e621747395a80467fdec294bb7d/user-winloop -> /Users/tbuddy/t3/zig/dos-fb-games/.zig-cache/o/fe803f9360afd6e6a5c7d792d8a56a7b/WINLOOP.BIN: entry_offset=0x18 image_size=417 (content 393 bytes from 1 PT_LOAD segment(s))
elf2bin: ./.zig-cache/o/c72fd955efc6a07573aacb13b8e21339/user-chime -> /Users/tbuddy/t3/zig/dos-fb-games/.zig-cache/o/4fc4c599b096adb8b09911d79b0c5791/CHIME.BIN: entry_offset=0x18 image_size=8688 (content 8664 bytes from 2 PT_LOAD segment(s))
elf2bin: ./.zig-cache/o/1c9b3871740b486870a6be38e30de055/user-file-browser -> /Users/tbuddy/t3/zig/dos-fb-games/.zig-cache/o/c4fb770dc95e9cda8384af9156f9b070/FILE.BIN: entry_offset=0x30 image_size=49248 text=49152 data=48 (bss tail 81584) from 3 PT_LOAD segment(s)
elf2bin: ./.zig-cache/o/e7f32f89ec31d13c1248792acc0490db/user-peer -> /Users/tbuddy/t3/zig/dos-fb-games/.zig-cache/o/8b62ff4016555b66312c926d4598e0f4/PEER.BIN: entry_offset=0x18 image_size=623 (content 599 bytes from 1 PT_LOAD segment(s))
elf2bin: ./.zig-cache/o/af91bb5d2336fa9598296fe7e2c29959/user-winmove -> /Users/tbuddy/t3/zig/dos-fb-games/.zig-cache/o/6bec406e3c6e3b42bc528bc385d67e8f/WINMOVE.BIN: entry_offset=0x18 image_size=1340 (content 1316 bytes from 1 PT_LOAD segment(s))
elf2bin: ./.zig-cache/o/c48f9ec4b46f8266eb339f5434fcf272/user-smp1 -> /Users/tbuddy/t3/zig/dos-fb-games/.zig-cache/o/4d122d39e03480e81842e2610545cb2f/SMP1.BIN: entry_offset=0x18 image_size=159 (content 135 bytes from 1 PT_LOAD segment(s))
elf2bin: ./.zig-cache/o/e15a54d957ac40caa6e28f1df7d8377c/user-notepad -> /Users/tbuddy/t3/zig/dos-fb-games/.zig-cache/o/5fa31d5b5e3154684223bd82cc76fe24/NOTEPAD.BIN: entry_offset=0x30 image_size=28768 text=28672 data=48 (bss tail 81584) from 3 PT_LOAD segment(s)
elf2bin: ./.zig-cache/o/deea6614f589cdf7ce1d638ba1ecf44c/user-edit -> /Users/tbuddy/t3/zig/dos-fb-games/.zig-cache/o/8af60b505e564dc8e3508ea83adf1c2c/EDIT.BIN: entry_offset=0x30 image_size=246160 text=49152 data=196960 (bss tail 115880) from 3 PT_LOAD segment(s)
elf2bin: ./.zig-cache/o/0d41c059f2f1c015a7aa45b8e1aa9878/user-spin -> /Users/tbuddy/t3/zig/dos-fb-games/.zig-cache/o/38d336ac883e609d061b080308b76a07/SPIN.BIN: entry_offset=0x18 image_size=132 (content 108 bytes from 1 PT_LOAD segment(s))
elf2bin: ./.zig-cache/o/e0e1cd8a19e2abf771d66c715d79a9f7/user-winclose -> /Users/tbuddy/t3/zig/dos-fb-games/.zig-cache/o/43b9cd0e5f216903ad80e496d195f858/WINCLOSE.BIN: entry_offset=0x18 image_size=261 (content 237 bytes from 1 PT_LOAD segment(s))
elf2bin: ./.zig-cache/o/f35859df5deb3196d13d9da4fec50819/user-wndstub -> /Users/tbuddy/t3/zig/dos-fb-games/.zig-cache/o/18e38a339213c8b573388c331bd16ca0/WNDSTUB.BIN: entry_offset=0x18 image_size=230 (content 206 bytes from 1 PT_LOAD segment(s))
elf2bin: ./.zig-cache/o/3411c6b2d9ee965c3e128c2091e718b7/user-hardening-victim -> /Users/tbuddy/t3/zig/dos-fb-games/.zig-cache/o/e652ac633d7ee71dbdc4b6c5be2f0c09/VICTIM.BIN: entry_offset=0x30 image_size=4144 text=4096 data=0 (bss tail 1112) from 3 PT_LOAD segment(s)
elf2bin: ./.zig-cache/o/720d6a257d2f690057e894d3c29935df/user-asm -> /Users/tbuddy/t3/zig/dos-fb-games/.zig-cache/o/894c1bb1ceb2f9b3b920e472f0fcea14/ASM.BIN: entry_offset=0x18 image_size=12690 (content 12666 bytes from 2 PT_LOAD segment(s))
elf2bin: ./.zig-cache/o/6a94ebd826deb7c0f991f238fa9a6601/user-sb6old -> /Users/tbuddy/t3/zig/dos-fb-games/.zig-cache/o/a37a6c906ca8a0aa8578af500bc1ca5d/SB6OLD.BIN: entry_offset=0x18 image_size=476 (content 452 bytes from 2 PT_LOAD segment(s))
elf2bin: ./.zig-cache/o/df528105e38c6b46ab576f2556c6f9a6/user-globals -> /Users/tbuddy/t3/zig/dos-fb-games/.zig-cache/o/2d2857bc19ad6668ae6c1eeba178709c/GLOBALS.BIN: entry_offset=0x30 image_size=28728 text=28672 data=8 (bss tail 4104) from 3 PT_LOAD segment(s)
elf2bin: ./.zig-cache/o/6d38d7cfaa9cd8eb9d2cc93d094dac8d/user-sb2-wm -> /Users/tbuddy/t3/zig/dos-fb-games/.zig-cache/o/c9cfe294f333ad46dff65a24ae1564d6/SB2WM.BIN: entry_offset=0x18 image_size=1824 (content 1800 bytes from 2 PT_LOAD segment(s))
elf2bin: ./.zig-cache/o/4190ef1c6173636fe5715488aff00bbe/user-view -> /Users/tbuddy/t3/zig/dos-fb-games/.zig-cache/o/853118821b4c40e157619e51b881f1dc/VIEW.BIN: entry_offset=0x30 image_size=28904 text=28672 data=184 (bss tail 89880) from 3 PT_LOAD segment(s)
elf2bin: ./.zig-cache/o/9dd5fb2be4029e8926a3b4f263f481b8/user-ping -> /Users/tbuddy/t3/zig/dos-fb-games/.zig-cache/o/9babd50e05d7b294331a392e5174edff/PING.BIN: entry_offset=0x18 image_size=5670 (content 5646 bytes from 2 PT_LOAD segment(s))
elf2bin: ./.zig-cache/o/096711e19ab7cb0e05a84c5f42d50d0f/user-chat -> /Users/tbuddy/t3/zig/dos-fb-games/.zig-cache/o/9442a0b07c4ead0959dba4ddf0d89041/CHAT.BIN: entry_offset=0x30 image_size=12336 text=12288 data=0 (bss tail 81584) from 3 PT_LOAD segment(s)
elf2bin: ./.zig-cache/o/f7e326795f85c7d2a1063844673bcfc2/user-jingle -> /Users/tbuddy/t3/zig/dos-fb-games/.zig-cache/o/b28c2791ccd842bb4a360e1fcaaff2e7/JINGLE.BIN: entry_offset=0x18 image_size=8624 (content 8600 bytes from 2 PT_LOAD segment(s))
elf2bin: ./.zig-cache/o/023a62e9025c79d2e828a4c87261546e/user-sexiburg -> /Users/tbuddy/t3/zig/dos-fb-games/.zig-cache/o/a700a449ddb0c6a40eeec24944106767/SEXIBURG.BIN: entry_offset=0x30 image_size=45104 text=45056 data=0 (bss tail 109392) from 3 PT_LOAD segment(s)
elf2bin: ./.zig-cache/o/e90a2a1675d70e45ba5ad1a3c99a019c/user-netprof -> /Users/tbuddy/t3/zig/dos-fb-games/.zig-cache/o/5f327fb4148f79ba43b3d0e14dfa14f7/NETPROF.BIN: entry_offset=0x18 image_size=4345 (content 4321 bytes from 2 PT_LOAD segment(s))
elf2bin: ./.zig-cache/o/92702c4672e7242dcd48600ca216a27b/user-m21demo -> /Users/tbuddy/t3/zig/dos-fb-games/.zig-cache/o/8e69bb42bc6f19ceb1eaad9ce2ec26fd/M21DEMO.BIN: entry_offset=0x18 image_size=593 (content 569 bytes from 1 PT_LOAD segment(s))
elf2bin: ./.zig-cache/o/e6d19fcff162f5c5f228b205a2bd555a/user-netstat -> /Users/tbuddy/t3/zig/dos-fb-games/.zig-cache/o/c0975032dfe3fa6582cd64393e29a8ba/NETSTAT.BIN: entry_offset=0x30 image_size=16432 text=16384 data=0 (bss tail 81824) from 3 PT_LOAD segment(s)
elf2bin: ./.zig-cache/o/b6b48db40e50336d0f88382acc7971cb/user-sexitest -> /Users/tbuddy/t3/zig/dos-fb-games/.zig-cache/o/447c9cf3ce4e0ecaa0542fa790e045fa/SEXITEST.BIN: entry_offset=0x18 image_size=3088 (content 3064 bytes from 2 PT_LOAD segment(s))
elf2bin: ./.zig-cache/o/6a4db286c57e9b005cdad5342a842d4a/user-wasm -> /Users/tbuddy/t3/zig/dos-fb-games/.zig-cache/o/760af3cd41b141aa5dec2523907de1a3/WASM.BIN: entry_offset=0x30 image_size=63456 text=32768 data=30640 (bss tail 152728) from 3 PT_LOAD segment(s)
elf2bin: ./.zig-cache/o/c181519619fd6cdf3e9b8e9cab68b6da/user-smpst-win -> /Users/tbuddy/t3/zig/dos-fb-games/.zig-cache/o/27ddfbea3880345354fd046b184b398c/SMPWIN.BIN: entry_offset=0x30 image_size=4144 text=4096 data=0 (bss tail 4) from 3 PT_LOAD segment(s)
elf2bin: ./.zig-cache/o/a12c373c47d29fde98ee075cc48b361e/user-settings -> /Users/tbuddy/t3/zig/dos-fb-games/.zig-cache/o/d29bc684fc7cd848a335419e630bbd57/SETTINGS.BIN: entry_offset=0x30 image_size=20576 text=20480 data=48 (bss tail 81584) from 3 PT_LOAD segment(s)
elf2bin: ./.zig-cache/o/4d991fc6ceb842555b01d437637e4c3f/user-tabhold -> /Users/tbuddy/t3/zig/dos-fb-games/.zig-cache/o/3e842c29ecc4e81a89f06f492e2f562c/TABHOLD.BIN: entry_offset=0x18 image_size=2440 (content 2416 bytes from 2 PT_LOAD segment(s))
elf2bin: ./.zig-cache/o/e2de6e54d62f6b6f2139792b6221f74c/user-timertest -> /Users/tbuddy/t3/zig/dos-fb-games/.zig-cache/o/8ac200506b8113ea24eaccaed9417751/TIMER.BIN: entry_offset=0x18 image_size=1129 (content 1105 bytes from 2 PT_LOAD segment(s))
elf2bin: ./.zig-cache/o/cae78eb9ad8bb5496318e3cd659f977d/user-smpst-ev -> /Users/tbuddy/t3/zig/dos-fb-games/.zig-cache/o/da63ddb5db09284d520214baa071d15f/SMPEV.BIN: entry_offset=0x30 image_size=4144 text=4096 data=0 (bss tail 4) from 3 PT_LOAD segment(s)
elf2bin: ./.zig-cache/o/053bfbccc25440fd5f932768b5005120/user-devcons -> /Users/tbuddy/t3/zig/dos-fb-games/.zig-cache/o/7f0926e7da79cd88f74af92dfbc6085c/DEVCONS.BIN: entry_offset=0x30 image_size=16492 text=16384 data=60 (bss tail 118508) from 3 PT_LOAD segment(s)
elf2bin: ./.zig-cache/o/b955832e5b609b0a56ee0a1286359d6f/user-smpst-file -> /Users/tbuddy/t3/zig/dos-fb-games/.zig-cache/o/8840d6f429e9801dc57be08c2175167c/SMPFILE.BIN: entry_offset=0x30 image_size=4144 text=4096 data=0 (bss tail 4) from 3 PT_LOAD segment(s)
elf2bin: ./.zig-cache/o/1a99dd4708037a7b6b1acab947bdd401/user-tabwm -> /Users/tbuddy/t3/zig/dos-fb-games/.zig-cache/o/384a7b55b34dc85b9af26c372a1af837/TABWM.BIN: entry_offset=0x30 image_size=28772 text=28672 data=52 (bss tail 88484) from 3 PT_LOAD segment(s)
elf2bin: ./.zig-cache/o/2fdc5ddbab2a17b93299acad7654c4d9/user-win -> /Users/tbuddy/t3/zig/dos-fb-games/.zig-cache/o/bdbe1e8c0a02b9f492a0a1809bf753d4/WIN.BIN: entry_offset=0x18 image_size=364 (content 340 bytes from 1 PT_LOAD segment(s))
elf2bin: ./.zig-cache/o/5cf2f4b644664ab6352c68c7dccbc8b7/user-dns -> /Users/tbuddy/t3/zig/dos-fb-games/.zig-cache/o/76d254dc367d45524f01eb01df7bfe5d/DNS.BIN: entry_offset=0x18 image_size=4711 (content 4687 bytes from 2 PT_LOAD segment(s))
elf2bin: ./.zig-cache/o/17499a16ea3783890f36dcf457e11b86/user-vmtest -> /Users/tbuddy/t3/zig/dos-fb-games/.zig-cache/o/bfafdb0759b1d2092ad746ae547af134/VMTEST.BIN: entry_offset=0x18 image_size=968 (content 944 bytes from 2 PT_LOAD segment(s))
elf2bin: ./.zig-cache/o/b809a146d2e8b5443aaf17bd25e158bb/virelai-kernel -> /Users/tbuddy/t3/zig/dos-fb-games/.zig-cache/o/9bc7e7cb6bc18f9ee1c64d39cf8506d1/KERNEL.BIN: entry_offset=0x18 image_size=8616144 (content 8616120 bytes from 4 PT_LOAD segment(s))
elf2bin: ./.zig-cache/o/a29176312a9e71a08ac6240dcb418323/user-udp -> /Users/tbuddy/t3/zig/dos-fb-games/.zig-cache/o/72311f5e06b98dc1988dcbfc9846a731/UDP.BIN: entry_offset=0x18 image_size=605 (content 581 bytes from 1 PT_LOAD segment(s))
elf2bin: ./.zig-cache/o/7d938226a1f4e6200008120332ab1595/user-resmon -> /Users/tbuddy/t3/zig/dos-fb-games/.zig-cache/o/ebdaebbb44c877459004f974020f9a90/RESMON.BIN: entry_offset=0x30 image_size=12336 text=12288 data=0 (bss tail 82800) from 3 PT_LOAD segment(s)
elf2bin: ./.zig-cache/o/6dd7f345443e036b434c153a0caea26f/user-download -> /Users/tbuddy/t3/zig/dos-fb-games/.zig-cache/o/452229232d5f746142344b708975b7e8/DOWNLOAD.BIN: entry_offset=0x18 image_size=3255 (content 3231 bytes from 2 PT_LOAD segment(s))
elf2bin: ./.zig-cache/o/b53bb19abab1a800b3343c98e3c6edac/user-wmrpc -> /Users/tbuddy/t3/zig/dos-fb-games/.zig-cache/o/5fa271ba159990cef04e4c6885c110ea/WMRPC.BIN: entry_offset=0x18 image_size=4366 (content 4342 bytes from 2 PT_LOAD segment(s))
elf2bin: ./.zig-cache/o/5470e69848f0e5ad7e819a51c8b8c917/user-counter -> /Users/tbuddy/t3/zig/dos-fb-games/.zig-cache/o/1dd2f87a2f22b9186ee59932de7d732b/COUNTER.BIN: entry_offset=0x18 image_size=940 (content 916 bytes from 1 PT_LOAD segment(s))
elf2bin: ./.zig-cache/o/dd1c0158e028dc5963b7135799d1d931/user-keytest -> /Users/tbuddy/t3/zig/dos-fb-games/.zig-cache/o/1fed85cdbbc0610981755e4c2e795e7e/KEYTEST.BIN: entry_offset=0x18 image_size=645 (content 621 bytes from 1 PT_LOAD segment(s))
elf2bin: ./.zig-cache/o/724156a0002ff11d98cb4dd929024f1f/user-sb5wm -> /Users/tbuddy/t3/zig/dos-fb-games/.zig-cache/o/f023dd2aefa403c5f07acc4a241079ec/SB5WM.BIN: entry_offset=0x18 image_size=2256 (content 2232 bytes from 2 PT_LOAD segment(s))
elf2bin: ./.zig-cache/o/5a41758f479ca7b33b16a625dd26dcb1/user-wnd -> /Users/tbuddy/t3/zig/dos-fb-games/.zig-cache/o/ec6d07b77749a1dfa7f68c964b609a12/WND.BIN: entry_offset=0x30 image_size=54504 text=53248 data=1208 (bss tail 193864) from 3 PT_LOAD segment(s)
elf2bin: ./.zig-cache/o/34a3890754ca6f0d7cfdefbaa5001b65/user-dir -> /Users/tbuddy/t3/zig/dos-fb-games/.zig-cache/o/61f5b80a9ee67dba7481086ac36cfc15/DIR.BIN: entry_offset=0x18 image_size=248 (content 224 bytes from 1 PT_LOAD segment(s))
elf2bin: ./.zig-cache/o/80a5899e9d679826081409bdfa621b3a/user-fetch -> /Users/tbuddy/t3/zig/dos-fb-games/.zig-cache/o/47972f54ec3324ef5264a7abab081a51/FETCH.BIN: entry_offset=0x18 image_size=2979 (content 2955 bytes from 2 PT_LOAD segment(s))
elf2bin: ./.zig-cache/o/1bff0a56691760337161b9c5927d4fb4/user-ps -> /Users/tbuddy/t3/zig/dos-fb-games/.zig-cache/o/c1c91dfedf98cd66d000aef322e7cf73/PS.BIN: entry_offset=0x30 image_size=12336 text=12288 data=0 (bss tail 82800) from 3 PT_LOAD segment(s)
elf2bin: ./.zig-cache/o/4e79477318f85a42f825b306ecf54b93/user-top -> /Users/tbuddy/t3/zig/dos-fb-games/.zig-cache/o/587bca890e385b8619d533af17a7f86b/TOP.BIN: entry_offset=0x30 image_size=28768 text=28672 data=48 (bss tail 81584) from 3 PT_LOAD segment(s)
elf2bin: ./.zig-cache/o/e402cba64be88cb9a1e0a757085c8070/user-httpd -> /Users/tbuddy/t3/zig/dos-fb-games/.zig-cache/o/e67e12ce905ee624c14c07cf5a4d4c67/HTTPD.BIN: entry_offset=0x18 image_size=15305 (content 15281 bytes from 2 PT_LOAD segment(s))
elf2bin: ./.zig-cache/o/e0c0c4214efe4ec549f7f0383fc738c2/user-sb6new -> /Users/tbuddy/t3/zig/dos-fb-games/.zig-cache/o/12de2bcad574fd990422991d1b803d76/SB6NEW.BIN: entry_offset=0x18 image_size=1273 (content 1249 bytes from 2 PT_LOAD segment(s))
elf2bin: ./.zig-cache/o/f9b823878a7128e82af4b70b1e75d989/user-disas -> /Users/tbuddy/t3/zig/dos-fb-games/.zig-cache/o/4a3d6a91135a00218640528176c7c490/DISAS.BIN: entry_offset=0x18 image_size=6496 (content 6472 bytes from 2 PT_LOAD segment(s))
elf2bin: ./.zig-cache/o/556ce42323e0e9cefb5c628f4e5c3ebb/user-status43 -> /Users/tbuddy/t3/zig/dos-fb-games/.zig-cache/o/267bf2f20edc02690e0d732f1e9ca666/STATUS43.BIN: entry_offset=0x18 image_size=134 (content 110 bytes from 1 PT_LOAD segment(s))
elf2bin: ./.zig-cache/o/c70323867e00eff6e08e26661448d640/user-smpst-net -> /Users/tbuddy/t3/zig/dos-fb-games/.zig-cache/o/a9cfd98dbf1f23f29e07308378cdcf2b/SMPNET.BIN: entry_offset=0x30 image_size=4144 text=4096 data=0 (bss tail 4) from 3 PT_LOAD segment(s)
elf2bin: ./.zig-cache/o/fb555083c95185f3e4712658636e01f9/user-zc -> /Users/tbuddy/t3/zig/dos-fb-games/.zig-cache/o/1306a2e55905b2dc725e27530f11bb1c/ZC.BIN: entry_offset=0x30 image_size=32816 text=32768 data=0 (bss tail 216184) from 3 PT_LOAD segment(s)
elf2bin: ./.zig-cache/o/32f5202d7b1ea6fc518b74ce7195239a/user-sb5own -> /Users/tbuddy/t3/zig/dos-fb-games/.zig-cache/o/a88e7c3c2e421fec7b2f5ddd63f5c490/SB5OWN.BIN: entry_offset=0x18 image_size=1141 (content 1117 bytes from 2 PT_LOAD segment(s))
elf2bin: ./.zig-cache/o/4fab8be63d9586bca03cfa7e13342466/user-sb3-own -> /Users/tbuddy/t3/zig/dos-fb-games/.zig-cache/o/6018417593a1f5f27efb95d3998603d8/SB3OWN.BIN: entry_offset=0x18 image_size=1127 (content 1103 bytes from 2 PT_LOAD segment(s))
elf2bin: ./.zig-cache/o/73161eb172b9eac098940ae9c22f4b23/user-calc -> /Users/tbuddy/t3/zig/dos-fb-games/.zig-cache/o/00e6e0960f2017d557196a204455770f/CALC.BIN: entry_offset=0x30 image_size=82016 text=81920 data=48 (bss tail 81592) from 3 PT_LOAD segment(s)
elf2bin: ./.zig-cache/o/de8d8c3c93bd2a587e6f65043098dbd0/user-traceroute -> /Users/tbuddy/t3/zig/dos-fb-games/.zig-cache/o/e92a3534bfa8a517a86db7374172b1b5/TRACEROUTE.BIN: entry_offset=0x18 image_size=2464 (content 2440 bytes from 2 PT_LOAD segment(s))
elf2bin: ./.zig-cache/o/0b2f0d6840d15250050b861b7b684082/user-sb4dam -> /Users/tbuddy/t3/zig/dos-fb-games/.zig-cache/o/a500c5aeda3f042fb457c78c77f8eda2/SB4DAM.BIN: entry_offset=0x18 image_size=434 (content 410 bytes from 2 PT_LOAD segment(s))
elf2bin: ./.zig-cache/o/9922856723bab73614abac5e1b82bd82/user-savetext -> /Users/tbuddy/t3/zig/dos-fb-games/.zig-cache/o/4b145c6d9de9a632ec8a6ef89aa48b82/SAVETEXT.BIN: entry_offset=0x18 image_size=225 (content 201 bytes from 1 PT_LOAD segment(s))
elf2bin: ./.zig-cache/o/6f46a2be4c0997be9d20e2d1590c8558/user-sb2-own -> /Users/tbuddy/t3/zig/dos-fb-games/.zig-cache/o/ec3b97240afd2436deb3f8f4c75c2a34/SB2OWN.BIN: entry_offset=0x18 image_size=979 (content 955 bytes from 2 PT_LOAD segment(s))
elf2bin: ./.zig-cache/o/042073e21dd17eca541a19e2f6584202/user-tcp -> /Users/tbuddy/t3/zig/dos-fb-games/.zig-cache/o/9ee55916d4d1a796f79eb78a7599e24b/TCP.BIN: entry_offset=0x18 image_size=267 (content 243 bytes from 1 PT_LOAD segment(s))
elf2bin: ./.zig-cache/o/b809a146d2e8b5443aaf17bd25e158bb/virelai-kernel -> /Users/tbuddy/t3/zig/dos-fb-games/.zig-cache/o/9bc7e7cb6bc18f9ee1c64d39cf8506d1/KERNEL.BIN: entry_offset=0x18 image_size=8616144 (content 8616120 bytes from 4 PT_LOAD segment(s))
make-image: building FAT32+GPT boot image 'artifacts/disk.img' (0 MiB)...
mkfat32: wrote artifacts/disk.img.tmp (169472 EFI + 8616144 kernel bytes)
make-image: verifying image contents...
size: 35364864 bytes (69072 sectors)
LBA0: MBR present
GPT: valid signature, header crc32=0xde33e5c4
GPT: ESP partition at LBA 2048, 67024 sectors
FAT: boot sig ok, label='VIRELAIOS', 512-byte sectors, 1 sector/cluster, 32 reserved, 2 FATs x 516 sectors, root cluster 2
FAT: directory tree:
  EFI/
    BOOT/
      BOOTAA64.EFI  (169472 bytes)
  KERNEL.BIN  (8616144 bytes)
make-image: done.
Building for production...
[2 / 3] VMRunner-product
[3 / 3] VMRunner-product
Build complete! (0.63 sec)
host/vm-runner/.build/release/VMRunner: replacing existing signature
gate-run: share armed (empty) at /var/folders/p_/h710w89x7b16x249r_061lkw0000gn/T//virelai-live-wnd-server.pM09r2/share
mkhello-elf: wrote /var/folders/p_/h710w89x7b16x249r_061lkw0000gn/T//virelai-live-wnd-server.pM09r2/share/HELLO.ELF (142 bytes; entry=0x400000 filesz=58)
mkhello-elf: wrote /var/folders/p_/h710w89x7b16x249r_061lkw0000gn/T//virelai-live-wnd-server.pM09r2/share/CRASH.ELF (332 bytes; BRK inside 'crasher' at +4 -> tombstone note '(in crasher+0x4)')
Generated /var/folders/p_/h710w89x7b16x249r_061lkw0000gn/T//virelai-live-wnd-server.pM09r2/share/LIBUI.SO (1240 bytes)
Generated /var/folders/p_/h710w89x7b16x249r_061lkw0000gn/T//virelai-live-wnd-server.pM09r2/share/LIBFONT.SO (456 bytes)
Generated /var/folders/p_/h710w89x7b16x249r_061lkw0000gn/T//virelai-live-wnd-server.pM09r2/share/PLUGIN.SO (480 bytes)
Generated /var/folders/p_/h710w89x7b16x249r_061lkw0000gn/T//virelai-live-wnd-server.pM09r2/share/DYNAPP.ELF (8192 bytes)
Generated /var/folders/p_/h710w89x7b16x249r_061lkw0000gn/T//virelai-live-wnd-server.pM09r2/share/CALC.ELF (8192 bytes)
Generated /var/folders/p_/h710w89x7b16x249r_061lkw0000gn/T//virelai-live-wnd-server.pM09r2/share/NOTEPAD.ELF (8192 bytes)
Generated /var/folders/p_/h710w89x7b16x249r_061lkw0000gn/T//virelai-live-wnd-server.pM09r2/share/FILE.ELF (8192 bytes)
Generated /var/folders/p_/h710w89x7b16x249r_061lkw0000gn/T//virelai-live-wnd-server.pM09r2/share/DESKTOP.ELF (8192 bytes)
gate-run: share seeded at /var/folders/p_/h710w89x7b16x249r_061lkw0000gn/T//virelai-live-wnd-server.pM09r2/share (90 files, 23 APPS.TXT entries)
run dir: /var/folders/p_/h710w89x7b16x249r_061lkw0000gn/T//virelai-live-wnd-server.pM09r2

=== live-wnd-server run 01 ===
01: runner-rc=0
  serial-contains [VirelaiOS kernel has seized control.]=1
  serial-count [wm: none (shim compositing)]=2 (min 2) ok=1
  serial-count [wnd: registered]=3 (min 2) ok=1
  serial-contains [wnd: present]=1
  serial-contains [wm: registered pid=]=1
  serial-contains [tasks user-exec exited status=137]=1
  serial-contains [tasks user-exec reaped]=1
  serial-contains [wm: unregistered, shim resumed]=1
  serial-contains [rx-wnd-server-ok]=1
  serial-absent [[EXC] parking:] ok=1
01: PASS

=== result ===
vgate live-wnd-server: PASS (1/1 runs)
--- [3/13] PASS live-wnd-server (16s)

--- [4/13] spec live-editor
=== vgate live-editor: M23 E2-E5 class-B gate: ===
spec: /Users/tbuddy/t3/zig/dos-fb-games/tools/gate/specs/live-editor.spec
revision: c7290e65db8437890d0051c79bf8daccbc159446 branch=agent/buffy/gf6-closeout dirty-files=4
elf2bin: ./.zig-cache/o/e0c0c4214efe4ec549f7f0383fc738c2/user-sb6new -> /Users/tbuddy/t3/zig/dos-fb-games/.zig-cache/o/12de2bcad574fd990422991d1b803d76/SB6NEW.BIN: entry_offset=0x18 image_size=1273 (content 1249 bytes from 2 PT_LOAD segment(s))
elf2bin: ./.zig-cache/o/6f46a2be4c0997be9d20e2d1590c8558/user-sb2-own -> /Users/tbuddy/t3/zig/dos-fb-games/.zig-cache/o/ec3b97240afd2436deb3f8f4c75c2a34/SB2OWN.BIN: entry_offset=0x18 image_size=979 (content 955 bytes from 2 PT_LOAD segment(s))
elf2bin: ./.zig-cache/o/e2de6e54d62f6b6f2139792b6221f74c/user-timertest -> /Users/tbuddy/t3/zig/dos-fb-games/.zig-cache/o/8ac200506b8113ea24eaccaed9417751/TIMER.BIN: entry_offset=0x18 image_size=1129 (content 1105 bytes from 2 PT_LOAD segment(s))
elf2bin: ./.zig-cache/o/fb555083c95185f3e4712658636e01f9/user-zc -> /Users/tbuddy/t3/zig/dos-fb-games/.zig-cache/o/1306a2e55905b2dc725e27530f11bb1c/ZC.BIN: entry_offset=0x30 image_size=32816 text=32768 data=0 (bss tail 216184) from 3 PT_LOAD segment(s)
elf2bin: ./.zig-cache/o/f35859df5deb3196d13d9da4fec50819/user-wndstub -> /Users/tbuddy/t3/zig/dos-fb-games/.zig-cache/o/18e38a339213c8b573388c331bd16ca0/WNDSTUB.BIN: entry_offset=0x18 image_size=230 (content 206 bytes from 1 PT_LOAD segment(s))
elf2bin: ./.zig-cache/o/deea6614f589cdf7ce1d638ba1ecf44c/user-edit -> /Users/tbuddy/t3/zig/dos-fb-games/.zig-cache/o/8af60b505e564dc8e3508ea83adf1c2c/EDIT.BIN: entry_offset=0x30 image_size=246160 text=49152 data=196960 (bss tail 115880) from 3 PT_LOAD segment(s)
elf2bin: ./.zig-cache/o/6a135345f0e6e77e2751c8002961558e/user-schedring -> /Users/tbuddy/t3/zig/dos-fb-games/.zig-cache/o/8916b734b7493e0a8502a53d92f0881b/SCHEDRING.BIN: entry_offset=0x18 image_size=213 (content 189 bytes from 1 PT_LOAD segment(s))
elf2bin: ./.zig-cache/o/b6b48db40e50336d0f88382acc7971cb/user-sexitest -> /Users/tbuddy/t3/zig/dos-fb-games/.zig-cache/o/447c9cf3ce4e0ecaa0542fa790e045fa/SEXITEST.BIN: entry_offset=0x18 image_size=3088 (content 3064 bytes from 2 PT_LOAD segment(s))
elf2bin: ./.zig-cache/o/2fdc5ddbab2a17b93299acad7654c4d9/user-win -> /Users/tbuddy/t3/zig/dos-fb-games/.zig-cache/o/bdbe1e8c0a02b9f492a0a1809bf753d4/WIN.BIN: entry_offset=0x18 image_size=364 (content 340 bytes from 1 PT_LOAD segment(s))
elf2bin: ./.zig-cache/o/6a94ebd826deb7c0f991f238fa9a6601/user-sb6old -> /Users/tbuddy/t3/zig/dos-fb-games/.zig-cache/o/a37a6c906ca8a0aa8578af500bc1ca5d/SB6OLD.BIN: entry_offset=0x18 image_size=476 (content 452 bytes from 2 PT_LOAD segment(s))
elf2bin: ./.zig-cache/o/b955832e5b609b0a56ee0a1286359d6f/user-smpst-file -> /Users/tbuddy/t3/zig/dos-fb-games/.zig-cache/o/8840d6f429e9801dc57be08c2175167c/SMPFILE.BIN: entry_offset=0x30 image_size=4144 text=4096 data=0 (bss tail 4) from 3 PT_LOAD segment(s)
elf2bin: ./.zig-cache/o/cae78eb9ad8bb5496318e3cd659f977d/user-smpst-ev -> /Users/tbuddy/t3/zig/dos-fb-games/.zig-cache/o/da63ddb5db09284d520214baa071d15f/SMPEV.BIN: entry_offset=0x30 image_size=4144 text=4096 data=0 (bss tail 4) from 3 PT_LOAD segment(s)
elf2bin: ./.zig-cache/o/1bff0a56691760337161b9c5927d4fb4/user-ps -> /Users/tbuddy/t3/zig/dos-fb-games/.zig-cache/o/c1c91dfedf98cd66d000aef322e7cf73/PS.BIN: entry_offset=0x30 image_size=12336 text=12288 data=0 (bss tail 82800) from 3 PT_LOAD segment(s)
elf2bin: ./.zig-cache/o/de8d8c3c93bd2a587e6f65043098dbd0/user-traceroute -> /Users/tbuddy/t3/zig/dos-fb-games/.zig-cache/o/e92a3534bfa8a517a86db7374172b1b5/TRACEROUTE.BIN: entry_offset=0x18 image_size=2464 (content 2440 bytes from 2 PT_LOAD segment(s))
elf2bin: ./.zig-cache/o/4d991fc6ceb842555b01d437637e4c3f/user-tabhold -> /Users/tbuddy/t3/zig/dos-fb-games/.zig-cache/o/3e842c29ecc4e81a89f06f492e2f562c/TABHOLD.BIN: entry_offset=0x18 image_size=2440 (content 2416 bytes from 2 PT_LOAD segment(s))
elf2bin: ./.zig-cache/o/a29176312a9e71a08ac6240dcb418323/user-udp -> /Users/tbuddy/t3/zig/dos-fb-games/.zig-cache/o/72311f5e06b98dc1988dcbfc9846a731/UDP.BIN: entry_offset=0x18 image_size=605 (content 581 bytes from 1 PT_LOAD segment(s))
elf2bin: ./.zig-cache/o/e15a54d957ac40caa6e28f1df7d8377c/user-notepad -> /Users/tbuddy/t3/zig/dos-fb-games/.zig-cache/o/5fa31d5b5e3154684223bd82cc76fe24/NOTEPAD.BIN: entry_offset=0x30 image_size=28768 text=28672 data=48 (bss tail 81584) from 3 PT_LOAD segment(s)
elf2bin: ./.zig-cache/o/e6d19fcff162f5c5f228b205a2bd555a/user-netstat -> /Users/tbuddy/t3/zig/dos-fb-games/.zig-cache/o/c0975032dfe3fa6582cd64393e29a8ba/NETSTAT.BIN: entry_offset=0x30 image_size=16432 text=16384 data=0 (bss tail 81824) from 3 PT_LOAD segment(s)
elf2bin: ./.zig-cache/o/4e79477318f85a42f825b306ecf54b93/user-top -> /Users/tbuddy/t3/zig/dos-fb-games/.zig-cache/o/587bca890e385b8619d533af17a7f86b/TOP.BIN: entry_offset=0x30 image_size=28768 text=28672 data=48 (bss tail 81584) from 3 PT_LOAD segment(s)
elf2bin: ./.zig-cache/o/a12c373c47d29fde98ee075cc48b361e/user-settings -> /Users/tbuddy/t3/zig/dos-fb-games/.zig-cache/o/d29bc684fc7cd848a335419e630bbd57/SETTINGS.BIN: entry_offset=0x30 image_size=20576 text=20480 data=48 (bss tail 81584) from 3 PT_LOAD segment(s)
elf2bin: ./.zig-cache/o/dd1c0158e028dc5963b7135799d1d931/user-keytest -> /Users/tbuddy/t3/zig/dos-fb-games/.zig-cache/o/1fed85cdbbc0610981755e4c2e795e7e/KEYTEST.BIN: entry_offset=0x18 image_size=645 (content 621 bytes from 1 PT_LOAD segment(s))
elf2bin: ./.zig-cache/o/720d6a257d2f690057e894d3c29935df/user-asm -> /Users/tbuddy/t3/zig/dos-fb-games/.zig-cache/o/894c1bb1ceb2f9b3b920e472f0fcea14/ASM.BIN: entry_offset=0x18 image_size=12690 (content 12666 bytes from 2 PT_LOAD segment(s))
elf2bin: ./.zig-cache/o/e7f32f89ec31d13c1248792acc0490db/user-peer -> /Users/tbuddy/t3/zig/dos-fb-games/.zig-cache/o/8b62ff4016555b66312c926d4598e0f4/PEER.BIN: entry_offset=0x18 image_size=623 (content 599 bytes from 1 PT_LOAD segment(s))
elf2bin: ./.zig-cache/o/f7e326795f85c7d2a1063844673bcfc2/user-jingle -> /Users/tbuddy/t3/zig/dos-fb-games/.zig-cache/o/b28c2791ccd842bb4a360e1fcaaff2e7/JINGLE.BIN: entry_offset=0x18 image_size=8624 (content 8600 bytes from 2 PT_LOAD segment(s))
elf2bin: ./.zig-cache/o/5a41758f479ca7b33b16a625dd26dcb1/user-wnd -> /Users/tbuddy/t3/zig/dos-fb-games/.zig-cache/o/ec6d07b77749a1dfa7f68c964b609a12/WND.BIN: entry_offset=0x30 image_size=54504 text=53248 data=1208 (bss tail 193864) from 3 PT_LOAD segment(s)
elf2bin: ./.zig-cache/o/023a62e9025c79d2e828a4c87261546e/user-sexiburg -> /Users/tbuddy/t3/zig/dos-fb-games/.zig-cache/o/a700a449ddb0c6a40eeec24944106767/SEXIBURG.BIN: entry_offset=0x30 image_size=45104 text=45056 data=0 (bss tail 109392) from 3 PT_LOAD segment(s)
elf2bin: ./.zig-cache/o/b809a146d2e8b5443aaf17bd25e158bb/virelai-kernel -> /Users/tbuddy/t3/zig/dos-fb-games/.zig-cache/o/9bc7e7cb6bc18f9ee1c64d39cf8506d1/KERNEL.BIN: entry_offset=0x18 image_size=8616144 (content 8616120 bytes from 4 PT_LOAD segment(s))
elf2bin: ./.zig-cache/o/6d38d7cfaa9cd8eb9d2cc93d094dac8d/user-sb2-wm -> /Users/tbuddy/t3/zig/dos-fb-games/.zig-cache/o/c9cfe294f333ad46dff65a24ae1564d6/SB2WM.BIN: entry_offset=0x18 image_size=1824 (content 1800 bytes from 2 PT_LOAD segment(s))
elf2bin: ./.zig-cache/o/4190ef1c6173636fe5715488aff00bbe/user-view -> /Users/tbuddy/t3/zig/dos-fb-games/.zig-cache/o/853118821b4c40e157619e51b881f1dc/VIEW.BIN: entry_offset=0x30 image_size=28904 text=28672 data=184 (bss tail 89880) from 3 PT_LOAD segment(s)
elf2bin: ./.zig-cache/o/c48f9ec4b46f8266eb339f5434fcf272/user-smp1 -> /Users/tbuddy/t3/zig/dos-fb-games/.zig-cache/o/4d122d39e03480e81842e2610545cb2f/SMP1.BIN: entry_offset=0x18 image_size=159 (content 135 bytes from 1 PT_LOAD segment(s))
elf2bin: ./.zig-cache/o/9922856723bab73614abac5e1b82bd82/user-savetext -> /Users/tbuddy/t3/zig/dos-fb-games/.zig-cache/o/4b145c6d9de9a632ec8a6ef89aa48b82/SAVETEXT.BIN: entry_offset=0x18 image_size=225 (content 201 bytes from 1 PT_LOAD segment(s))
elf2bin: ./.zig-cache/o/6a4db286c57e9b005cdad5342a842d4a/user-wasm -> /Users/tbuddy/t3/zig/dos-fb-games/.zig-cache/o/760af3cd41b141aa5dec2523907de1a3/WASM.BIN: entry_offset=0x30 image_size=63456 text=32768 data=30640 (bss tail 152728) from 3 PT_LOAD segment(s)
elf2bin: ./.zig-cache/o/c70323867e00eff6e08e26661448d640/user-smpst-net -> /Users/tbuddy/t3/zig/dos-fb-games/.zig-cache/o/a9cfd98dbf1f23f29e07308378cdcf2b/SMPNET.BIN: entry_offset=0x30 image_size=4144 text=4096 data=0 (bss tail 4) from 3 PT_LOAD segment(s)
elf2bin: ./.zig-cache/o/b84f734af113c7bb1cdda926376d52e3/user-sb6wm -> /Users/tbuddy/t3/zig/dos-fb-games/.zig-cache/o/3efa6e5811528fbb4dd21a5970a82afd/SB6WM.BIN: entry_offset=0x18 image_size=2600 (content 2576 bytes from 2 PT_LOAD segment(s))
elf2bin: ./.zig-cache/o/0d41c059f2f1c015a7aa45b8e1aa9878/user-spin -> /Users/tbuddy/t3/zig/dos-fb-games/.zig-cache/o/38d336ac883e609d061b080308b76a07/SPIN.BIN: entry_offset=0x18 image_size=132 (content 108 bytes from 1 PT_LOAD segment(s))
elf2bin: ./.zig-cache/o/32f5202d7b1ea6fc518b74ce7195239a/user-sb5own -> /Users/tbuddy/t3/zig/dos-fb-games/.zig-cache/o/a88e7c3c2e421fec7b2f5ddd63f5c490/SB5OWN.BIN: entry_offset=0x18 image_size=1141 (content 1117 bytes from 2 PT_LOAD segment(s))
elf2bin: ./.zig-cache/o/92702c4672e7242dcd48600ca216a27b/user-m21demo -> /Users/tbuddy/t3/zig/dos-fb-games/.zig-cache/o/8e69bb42bc6f19ceb1eaad9ce2ec26fd/M21DEMO.BIN: entry_offset=0x18 image_size=593 (content 569 bytes from 1 PT_LOAD segment(s))
elf2bin: ./.zig-cache/o/e0e1cd8a19e2abf771d66c715d79a9f7/user-winclose -> /Users/tbuddy/t3/zig/dos-fb-games/.zig-cache/o/43b9cd0e5f216903ad80e496d195f858/WINCLOSE.BIN: entry_offset=0x18 image_size=261 (content 237 bytes from 1 PT_LOAD segment(s))
elf2bin: ./.zig-cache/o/5cf2f4b644664ab6352c68c7dccbc8b7/user-dns -> /Users/tbuddy/t3/zig/dos-fb-games/.zig-cache/o/76d254dc367d45524f01eb01df7bfe5d/DNS.BIN: entry_offset=0x18 image_size=4711 (content 4687 bytes from 2 PT_LOAD segment(s))
elf2bin: ./.zig-cache/o/e402cba64be88cb9a1e0a757085c8070/user-httpd -> /Users/tbuddy/t3/zig/dos-fb-games/.zig-cache/o/e67e12ce905ee624c14c07cf5a4d4c67/HTTPD.BIN: entry_offset=0x18 image_size=15305 (content 15281 bytes from 2 PT_LOAD segment(s))
elf2bin: ./.zig-cache/o/b53bb19abab1a800b3343c98e3c6edac/user-wmrpc -> /Users/tbuddy/t3/zig/dos-fb-games/.zig-cache/o/5fa271ba159990cef04e4c6885c110ea/WMRPC.BIN: entry_offset=0x18 image_size=4366 (content 4342 bytes from 2 PT_LOAD segment(s))
elf2bin: ./.zig-cache/o/140d7d25e93f00ac91f130c794ea06e1/user-sb3-wm -> /Users/tbuddy/t3/zig/dos-fb-games/.zig-cache/o/b6603ff1ec8a5dad49a7570e26f5c40c/SB3WM.BIN: entry_offset=0x18 image_size=1960 (content 1936 bytes from 2 PT_LOAD segment(s))
elf2bin: ./.zig-cache/o/0b2f0d6840d15250050b861b7b684082/user-sb4dam -> /Users/tbuddy/t3/zig/dos-fb-games/.zig-cache/o/a500c5aeda3f042fb457c78c77f8eda2/SB4DAM.BIN: entry_offset=0x18 image_size=434 (content 410 bytes from 2 PT_LOAD segment(s))
elf2bin: ./.zig-cache/o/df528105e38c6b46ab576f2556c6f9a6/user-globals -> /Users/tbuddy/t3/zig/dos-fb-games/.zig-cache/o/2d2857bc19ad6668ae6c1eeba178709c/GLOBALS.BIN: entry_offset=0x30 image_size=28728 text=28672 data=8 (bss tail 4104) from 3 PT_LOAD segment(s)
elf2bin: ./.zig-cache/o/042073e21dd17eca541a19e2f6584202/user-tcp -> /Users/tbuddy/t3/zig/dos-fb-games/.zig-cache/o/9ee55916d4d1a796f79eb78a7599e24b/TCP.BIN: entry_offset=0x18 image_size=267 (content 243 bytes from 1 PT_LOAD segment(s))
elf2bin: ./.zig-cache/o/053bfbccc25440fd5f932768b5005120/user-devcons -> /Users/tbuddy/t3/zig/dos-fb-games/.zig-cache/o/7f0926e7da79cd88f74af92dfbc6085c/DEVCONS.BIN: entry_offset=0x30 image_size=16492 text=16384 data=60 (bss tail 118508) from 3 PT_LOAD segment(s)
elf2bin: ./.zig-cache/o/096711e19ab7cb0e05a84c5f42d50d0f/user-chat -> /Users/tbuddy/t3/zig/dos-fb-games/.zig-cache/o/9442a0b07c4ead0959dba4ddf0d89041/CHAT.BIN: entry_offset=0x30 image_size=12336 text=12288 data=0 (bss tail 81584) from 3 PT_LOAD segment(s)
elf2bin: ./.zig-cache/o/f9b823878a7128e82af4b70b1e75d989/user-disas -> /Users/tbuddy/t3/zig/dos-fb-games/.zig-cache/o/4a3d6a91135a00218640528176c7c490/DISAS.BIN: entry_offset=0x18 image_size=6496 (content 6472 bytes from 2 PT_LOAD segment(s))
elf2bin: ./.zig-cache/o/17499a16ea3783890f36dcf457e11b86/user-vmtest -> /Users/tbuddy/t3/zig/dos-fb-games/.zig-cache/o/bfafdb0759b1d2092ad746ae547af134/VMTEST.BIN: entry_offset=0x18 image_size=968 (content 944 bytes from 2 PT_LOAD segment(s))
elf2bin: ./.zig-cache/o/6dd7f345443e036b434c153a0caea26f/user-download -> /Users/tbuddy/t3/zig/dos-fb-games/.zig-cache/o/452229232d5f746142344b708975b7e8/DOWNLOAD.BIN: entry_offset=0x18 image_size=3255 (content 3231 bytes from 2 PT_LOAD segment(s))
elf2bin: ./.zig-cache/o/7d938226a1f4e6200008120332ab1595/user-resmon -> /Users/tbuddy/t3/zig/dos-fb-games/.zig-cache/o/ebdaebbb44c877459004f974020f9a90/RESMON.BIN: entry_offset=0x30 image_size=12336 text=12288 data=0 (bss tail 82800) from 3 PT_LOAD segment(s)
elf2bin: ./.zig-cache/o/1a99dd4708037a7b6b1acab947bdd401/user-tabwm -> /Users/tbuddy/t3/zig/dos-fb-games/.zig-cache/o/384a7b55b34dc85b9af26c372a1af837/TABWM.BIN: entry_offset=0x30 image_size=28772 text=28672 data=52 (bss tail 88484) from 3 PT_LOAD segment(s)
elf2bin: ./.zig-cache/o/f953992d496ebc0c1084e7cb0f1e9ff9/user-sysmon -> /Users/tbuddy/t3/zig/dos-fb-games/.zig-cache/o/aeb2ad93d8f16c8f6fc842116c37a98c/SYSMON.BIN: entry_offset=0x30 image_size=20576 text=20480 data=48 (bss tail 81584) from 3 PT_LOAD segment(s)
elf2bin: ./.zig-cache/o/724156a0002ff11d98cb4dd929024f1f/user-sb5wm -> /Users/tbuddy/t3/zig/dos-fb-games/.zig-cache/o/f023dd2aefa403c5f07acc4a241079ec/SB5WM.BIN: entry_offset=0x18 image_size=2256 (content 2232 bytes from 2 PT_LOAD segment(s))
elf2bin: ./.zig-cache/o/5a55f9d85a61c8d87367f6a4676aab9a/user-guard -> /Users/tbuddy/t3/zig/dos-fb-games/.zig-cache/o/f1219d8f43d1467252fc886154bbe781/GUARD.BIN: entry_offset=0x18 image_size=88 (content 64 bytes from 1 PT_LOAD segment(s))
elf2bin: ./.zig-cache/o/3411c6b2d9ee965c3e128c2091e718b7/user-hardening-victim -> /Users/tbuddy/t3/zig/dos-fb-games/.zig-cache/o/e652ac633d7ee71dbdc4b6c5be2f0c09/VICTIM.BIN: entry_offset=0x30 image_size=4144 text=4096 data=0 (bss tail 1112) from 3 PT_LOAD segment(s)
elf2bin: ./.zig-cache/o/4da86b50ea8972ea32625ead4e1a938e/user-harden -> /Users/tbuddy/t3/zig/dos-fb-games/.zig-cache/o/ccebc4933c2df8d686cdc3ccd55f937f/HARDEN.BIN: entry_offset=0x18 image_size=714 (content 690 bytes from 2 PT_LOAD segment(s))
elf2bin: ./.zig-cache/o/a91817d5a8333fe8a84335dfd1ab7698/user-hello -> /Users/tbuddy/t3/zig/dos-fb-games/.zig-cache/o/acbc519b08891d0ceb025c3cae3853fb/USER.BIN: entry_offset=0x18 image_size=393 (content 369 bytes from 1 PT_LOAD segment(s))
elf2bin: ./.zig-cache/o/4fab8be63d9586bca03cfa7e13342466/user-sb3-own -> /Users/tbuddy/t3/zig/dos-fb-games/.zig-cache/o/6018417593a1f5f27efb95d3998603d8/SB3OWN.BIN: entry_offset=0x18 image_size=1127 (content 1103 bytes from 2 PT_LOAD segment(s))
elf2bin: ./.zig-cache/o/1c9b3871740b486870a6be38e30de055/user-file-browser -> /Users/tbuddy/t3/zig/dos-fb-games/.zig-cache/o/c4fb770dc95e9cda8384af9156f9b070/FILE.BIN: entry_offset=0x30 image_size=49248 text=49152 data=48 (bss tail 81584) from 3 PT_LOAD segment(s)
elf2bin: ./.zig-cache/o/9dd5fb2be4029e8926a3b4f263f481b8/user-ping -> /Users/tbuddy/t3/zig/dos-fb-games/.zig-cache/o/9babd50e05d7b294331a392e5174edff/PING.BIN: entry_offset=0x18 image_size=5670 (content 5646 bytes from 2 PT_LOAD segment(s))
elf2bin: ./.zig-cache/o/556ce42323e0e9cefb5c628f4e5c3ebb/user-status43 -> /Users/tbuddy/t3/zig/dos-fb-games/.zig-cache/o/267bf2f20edc02690e0d732f1e9ca666/STATUS43.BIN: entry_offset=0x18 image_size=134 (content 110 bytes from 1 PT_LOAD segment(s))
elf2bin: ./.zig-cache/o/5470e69848f0e5ad7e819a51c8b8c917/user-counter -> /Users/tbuddy/t3/zig/dos-fb-games/.zig-cache/o/1dd2f87a2f22b9186ee59932de7d732b/COUNTER.BIN: entry_offset=0x18 image_size=940 (content 916 bytes from 1 PT_LOAD segment(s))
elf2bin: ./.zig-cache/o/80a5899e9d679826081409bdfa621b3a/user-fetch -> /Users/tbuddy/t3/zig/dos-fb-games/.zig-cache/o/47972f54ec3324ef5264a7abab081a51/FETCH.BIN: entry_offset=0x18 image_size=2979 (content 2955 bytes from 2 PT_LOAD segment(s))
elf2bin: ./.zig-cache/o/e90a2a1675d70e45ba5ad1a3c99a019c/user-netprof -> /Users/tbuddy/t3/zig/dos-fb-games/.zig-cache/o/5f327fb4148f79ba43b3d0e14dfa14f7/NETPROF.BIN: entry_offset=0x18 image_size=4345 (content 4321 bytes from 2 PT_LOAD segment(s))
elf2bin: ./.zig-cache/o/0c4f24165d937a6e89642938a95a01e9/user-type -> /Users/tbuddy/t3/zig/dos-fb-games/.zig-cache/o/7a445aad4e3d67217215d69661cec034/TYPE.BIN: entry_offset=0x18 image_size=232 (content 208 bytes from 1 PT_LOAD segment(s))
elf2bin: ./.zig-cache/o/ade01e621747395a80467fdec294bb7d/user-winloop -> /Users/tbuddy/t3/zig/dos-fb-games/.zig-cache/o/fe803f9360afd6e6a5c7d792d8a56a7b/WINLOOP.BIN: entry_offset=0x18 image_size=417 (content 393 bytes from 1 PT_LOAD segment(s))
elf2bin: ./.zig-cache/o/c72fd955efc6a07573aacb13b8e21339/user-chime -> /Users/tbuddy/t3/zig/dos-fb-games/.zig-cache/o/4fc4c599b096adb8b09911d79b0c5791/CHIME.BIN: entry_offset=0x18 image_size=8688 (content 8664 bytes from 2 PT_LOAD segment(s))
elf2bin: ./.zig-cache/o/c181519619fd6cdf3e9b8e9cab68b6da/user-smpst-win -> /Users/tbuddy/t3/zig/dos-fb-games/.zig-cache/o/27ddfbea3880345354fd046b184b398c/SMPWIN.BIN: entry_offset=0x30 image_size=4144 text=4096 data=0 (bss tail 4) from 3 PT_LOAD segment(s)
elf2bin: ./.zig-cache/o/34a3890754ca6f0d7cfdefbaa5001b65/user-dir -> /Users/tbuddy/t3/zig/dos-fb-games/.zig-cache/o/61f5b80a9ee67dba7481086ac36cfc15/DIR.BIN: entry_offset=0x18 image_size=248 (content 224 bytes from 1 PT_LOAD segment(s))
elf2bin: ./.zig-cache/o/73161eb172b9eac098940ae9c22f4b23/user-calc -> /Users/tbuddy/t3/zig/dos-fb-games/.zig-cache/o/00e6e0960f2017d557196a204455770f/CALC.BIN: entry_offset=0x30 image_size=82016 text=81920 data=48 (bss tail 81592) from 3 PT_LOAD segment(s)
elf2bin: ./.zig-cache/o/af91bb5d2336fa9598296fe7e2c29959/user-winmove -> /Users/tbuddy/t3/zig/dos-fb-games/.zig-cache/o/6bec406e3c6e3b42bc528bc385d67e8f/WINMOVE.BIN: entry_offset=0x18 image_size=1340 (content 1316 bytes from 1 PT_LOAD segment(s))
elf2bin: ./.zig-cache/o/512a39fa7ace8c25ef857d8dd143f7b1/user-desktop -> /Users/tbuddy/t3/zig/dos-fb-games/.zig-cache/o/d288c47856dff974bbfd29e7c7332b60/DESKTOP.BIN: entry_offset=0x30 image_size=20528 text=20480 data=0 (bss tail 81584) from 3 PT_LOAD segment(s)
elf2bin: ./.zig-cache/o/b809a146d2e8b5443aaf17bd25e158bb/virelai-kernel -> /Users/tbuddy/t3/zig/dos-fb-games/.zig-cache/o/9bc7e7cb6bc18f9ee1c64d39cf8506d1/KERNEL.BIN: entry_offset=0x18 image_size=8616144 (content 8616120 bytes from 4 PT_LOAD segment(s))
make-image: building FAT32+GPT boot image 'artifacts/disk.img' (0 MiB)...
mkfat32: wrote artifacts/disk.img.tmp (169472 EFI + 8616144 kernel bytes)
make-image: verifying image contents...
size: 35364864 bytes (69072 sectors)
LBA0: MBR present
GPT: valid signature, header crc32=0xde33e5c4
GPT: ESP partition at LBA 2048, 67024 sectors
FAT: boot sig ok, label='VIRELAIOS', 512-byte sectors, 1 sector/cluster, 32 reserved, 2 FATs x 516 sectors, root cluster 2
FAT: directory tree:
  EFI/
    BOOT/
      BOOTAA64.EFI  (169472 bytes)
  KERNEL.BIN  (8616144 bytes)
make-image: done.
Building for production...
[2 / 3] VMRunner-product
[3 / 3] VMRunner-product
Build complete! (0.64 sec)
host/vm-runner/.build/release/VMRunner: replacing existing signature
gate-run: share armed (empty) at /var/folders/p_/h710w89x7b16x249r_061lkw0000gn/T//virelai-live-editor.3fWKYN/share
mkhello-elf: wrote /var/folders/p_/h710w89x7b16x249r_061lkw0000gn/T//virelai-live-editor.3fWKYN/share/HELLO.ELF (142 bytes; entry=0x400000 filesz=58)
mkhello-elf: wrote /var/folders/p_/h710w89x7b16x249r_061lkw0000gn/T//virelai-live-editor.3fWKYN/share/CRASH.ELF (332 bytes; BRK inside 'crasher' at +4 -> tombstone note '(in crasher+0x4)')
Generated /var/folders/p_/h710w89x7b16x249r_061lkw0000gn/T//virelai-live-editor.3fWKYN/share/LIBUI.SO (1240 bytes)
Generated /var/folders/p_/h710w89x7b16x249r_061lkw0000gn/T//virelai-live-editor.3fWKYN/share/LIBFONT.SO (456 bytes)
Generated /var/folders/p_/h710w89x7b16x249r_061lkw0000gn/T//virelai-live-editor.3fWKYN/share/PLUGIN.SO (480 bytes)
Generated /var/folders/p_/h710w89x7b16x249r_061lkw0000gn/T//virelai-live-editor.3fWKYN/share/DYNAPP.ELF (8192 bytes)
Generated /var/folders/p_/h710w89x7b16x249r_061lkw0000gn/T//virelai-live-editor.3fWKYN/share/CALC.ELF (8192 bytes)
Generated /var/folders/p_/h710w89x7b16x249r_061lkw0000gn/T//virelai-live-editor.3fWKYN/share/NOTEPAD.ELF (8192 bytes)
Generated /var/folders/p_/h710w89x7b16x249r_061lkw0000gn/T//virelai-live-editor.3fWKYN/share/FILE.ELF (8192 bytes)
Generated /var/folders/p_/h710w89x7b16x249r_061lkw0000gn/T//virelai-live-editor.3fWKYN/share/DESKTOP.ELF (8192 bytes)
gate-run: share seeded at /var/folders/p_/h710w89x7b16x249r_061lkw0000gn/T//virelai-live-editor.3fWKYN/share (90 files, 23 APPS.TXT entries)
run dir: /var/folders/p_/h710w89x7b16x249r_061lkw0000gn/T//virelai-live-editor.3fWKYN

=== live-editor run 01 ===
01: runner-rc=0
  serial-contains [VirelaiOS kernel has seized control.]=1
  serial-contains [edit: ready]=1
  serial-contains [edit: undo]=1
  serial-contains [edit: toggle-lines]=1
  serial-contains [edit: find-open]=1
  serial-contains [edit: replace-open]=1
  serial-contains [edit: delete-line]=1
  serial-contains [edit: palette-open]=1
  serial-contains [edit: recent-open]=1
  serial-contains [edit: theme-cycle]=1
  serial-contains [edit: bookmark-toggle]=1
  serial-contains [edit: multi-cursor]=1
  serial-contains [edit: tree-toggle]=1
  serial-contains [edit: tree-open-ok]=1
  serial-contains [edit: save-ok]=1
  serial-contains [edit: tab-open]=1
  serial-contains [edit: goto-open]=1
  serial-absent [[EXC] parking:] ok=1
01: PASS

=== result ===
vgate live-editor: PASS (1/1 runs)
--- [4/13] PASS live-editor (29s)

--- [5/13] spec live-net-tcp
=== vgate live-net-tcp: RFC 793 lifecycle + timeout + NAT observation on VZ ===
spec: /Users/tbuddy/t3/zig/dos-fb-games/tools/gate/specs/live-net-tcp.spec
revision: c7290e65db8437890d0051c79bf8daccbc159446 branch=agent/buffy/gf6-closeout dirty-files=4
elf2bin: ./.zig-cache/o/dd1c0158e028dc5963b7135799d1d931/user-keytest -> /Users/tbuddy/t3/zig/dos-fb-games/.zig-cache/o/1fed85cdbbc0610981755e4c2e795e7e/KEYTEST.BIN: entry_offset=0x18 image_size=645 (content 621 bytes from 1 PT_LOAD segment(s))
elf2bin: ./.zig-cache/o/0c4f24165d937a6e89642938a95a01e9/user-type -> /Users/tbuddy/t3/zig/dos-fb-games/.zig-cache/o/7a445aad4e3d67217215d69661cec034/TYPE.BIN: entry_offset=0x18 image_size=232 (content 208 bytes from 1 PT_LOAD segment(s))
elf2bin: ./.zig-cache/o/e15a54d957ac40caa6e28f1df7d8377c/user-notepad -> /Users/tbuddy/t3/zig/dos-fb-games/.zig-cache/o/5fa31d5b5e3154684223bd82cc76fe24/NOTEPAD.BIN: entry_offset=0x30 image_size=28768 text=28672 data=48 (bss tail 81584) from 3 PT_LOAD segment(s)
elf2bin: ./.zig-cache/o/b955832e5b609b0a56ee0a1286359d6f/user-smpst-file -> /Users/tbuddy/t3/zig/dos-fb-games/.zig-cache/o/8840d6f429e9801dc57be08c2175167c/SMPFILE.BIN: entry_offset=0x30 image_size=4144 text=4096 data=0 (bss tail 4) from 3 PT_LOAD segment(s)
elf2bin: ./.zig-cache/o/023a62e9025c79d2e828a4c87261546e/user-sexiburg -> /Users/tbuddy/t3/zig/dos-fb-games/.zig-cache/o/a700a449ddb0c6a40eeec24944106767/SEXIBURG.BIN: entry_offset=0x30 image_size=45104 text=45056 data=0 (bss tail 109392) from 3 PT_LOAD segment(s)
elf2bin: ./.zig-cache/o/c70323867e00eff6e08e26661448d640/user-smpst-net -> /Users/tbuddy/t3/zig/dos-fb-games/.zig-cache/o/a9cfd98dbf1f23f29e07308378cdcf2b/SMPNET.BIN: entry_offset=0x30 image_size=4144 text=4096 data=0 (bss tail 4) from 3 PT_LOAD segment(s)
elf2bin: ./.zig-cache/o/5470e69848f0e5ad7e819a51c8b8c917/user-counter -> /Users/tbuddy/t3/zig/dos-fb-games/.zig-cache/o/1dd2f87a2f22b9186ee59932de7d732b/COUNTER.BIN: entry_offset=0x18 image_size=940 (content 916 bytes from 1 PT_LOAD segment(s))
elf2bin: ./.zig-cache/o/b6b48db40e50336d0f88382acc7971cb/user-sexitest -> /Users/tbuddy/t3/zig/dos-fb-games/.zig-cache/o/447c9cf3ce4e0ecaa0542fa790e045fa/SEXITEST.BIN: entry_offset=0x18 image_size=3088 (content 3064 bytes from 2 PT_LOAD segment(s))
elf2bin: ./.zig-cache/o/4e79477318f85a42f825b306ecf54b93/user-top -> /Users/tbuddy/t3/zig/dos-fb-games/.zig-cache/o/587bca890e385b8619d533af17a7f86b/TOP.BIN: entry_offset=0x30 image_size=28768 text=28672 data=48 (bss tail 81584) from 3 PT_LOAD segment(s)
elf2bin: ./.zig-cache/o/556ce42323e0e9cefb5c628f4e5c3ebb/user-status43 -> /Users/tbuddy/t3/zig/dos-fb-games/.zig-cache/o/267bf2f20edc02690e0d732f1e9ca666/STATUS43.BIN: entry_offset=0x18 image_size=134 (content 110 bytes from 1 PT_LOAD segment(s))
elf2bin: ./.zig-cache/o/140d7d25e93f00ac91f130c794ea06e1/user-sb3-wm -> /Users/tbuddy/t3/zig/dos-fb-games/.zig-cache/o/b6603ff1ec8a5dad49a7570e26f5c40c/SB3WM.BIN: entry_offset=0x18 image_size=1960 (content 1936 bytes from 2 PT_LOAD segment(s))
elf2bin: ./.zig-cache/o/fb555083c95185f3e4712658636e01f9/user-zc -> /Users/tbuddy/t3/zig/dos-fb-games/.zig-cache/o/1306a2e55905b2dc725e27530f11bb1c/ZC.BIN: entry_offset=0x30 image_size=32816 text=32768 data=0 (bss tail 216184) from 3 PT_LOAD segment(s)
elf2bin: ./.zig-cache/o/deea6614f589cdf7ce1d638ba1ecf44c/user-edit -> /Users/tbuddy/t3/zig/dos-fb-games/.zig-cache/o/8af60b505e564dc8e3508ea83adf1c2c/EDIT.BIN: entry_offset=0x30 image_size=246160 text=49152 data=196960 (bss tail 115880) from 3 PT_LOAD segment(s)
elf2bin: ./.zig-cache/o/6d38d7cfaa9cd8eb9d2cc93d094dac8d/user-sb2-wm -> /Users/tbuddy/t3/zig/dos-fb-games/.zig-cache/o/c9cfe294f333ad46dff65a24ae1564d6/SB2WM.BIN: entry_offset=0x18 image_size=1824 (content 1800 bytes from 2 PT_LOAD segment(s))
elf2bin: ./.zig-cache/o/af91bb5d2336fa9598296fe7e2c29959/user-winmove -> /Users/tbuddy/t3/zig/dos-fb-games/.zig-cache/o/6bec406e3c6e3b42bc528bc385d67e8f/WINMOVE.BIN: entry_offset=0x18 image_size=1340 (content 1316 bytes from 1 PT_LOAD segment(s))
elf2bin: ./.zig-cache/o/c72fd955efc6a07573aacb13b8e21339/user-chime -> /Users/tbuddy/t3/zig/dos-fb-games/.zig-cache/o/4fc4c599b096adb8b09911d79b0c5791/CHIME.BIN: entry_offset=0x18 image_size=8688 (content 8664 bytes from 2 PT_LOAD segment(s))
elf2bin: ./.zig-cache/o/042073e21dd17eca541a19e2f6584202/user-tcp -> /Users/tbuddy/t3/zig/dos-fb-games/.zig-cache/o/9ee55916d4d1a796f79eb78a7599e24b/TCP.BIN: entry_offset=0x18 image_size=267 (content 243 bytes from 1 PT_LOAD segment(s))
elf2bin: ./.zig-cache/o/e7f32f89ec31d13c1248792acc0490db/user-peer -> /Users/tbuddy/t3/zig/dos-fb-games/.zig-cache/o/8b62ff4016555b66312c926d4598e0f4/PEER.BIN: entry_offset=0x18 image_size=623 (content 599 bytes from 1 PT_LOAD segment(s))
elf2bin: ./.zig-cache/o/3411c6b2d9ee965c3e128c2091e718b7/user-hardening-victim -> /Users/tbuddy/t3/zig/dos-fb-games/.zig-cache/o/e652ac633d7ee71dbdc4b6c5be2f0c09/VICTIM.BIN: entry_offset=0x30 image_size=4144 text=4096 data=0 (bss tail 1112) from 3 PT_LOAD segment(s)
elf2bin: ./.zig-cache/o/b84f734af113c7bb1cdda926376d52e3/user-sb6wm -> /Users/tbuddy/t3/zig/dos-fb-games/.zig-cache/o/3efa6e5811528fbb4dd21a5970a82afd/SB6WM.BIN: entry_offset=0x18 image_size=2600 (content 2576 bytes from 2 PT_LOAD segment(s))
elf2bin: ./.zig-cache/o/f35859df5deb3196d13d9da4fec50819/user-wndstub -> /Users/tbuddy/t3/zig/dos-fb-games/.zig-cache/o/18e38a339213c8b573388c331bd16ca0/WNDSTUB.BIN: entry_offset=0x18 image_size=230 (content 206 bytes from 1 PT_LOAD segment(s))
elf2bin: ./.zig-cache/o/34a3890754ca6f0d7cfdefbaa5001b65/user-dir -> /Users/tbuddy/t3/zig/dos-fb-games/.zig-cache/o/61f5b80a9ee67dba7481086ac36cfc15/DIR.BIN: entry_offset=0x18 image_size=248 (content 224 bytes from 1 PT_LOAD segment(s))
elf2bin: ./.zig-cache/o/096711e19ab7cb0e05a84c5f42d50d0f/user-chat -> /Users/tbuddy/t3/zig/dos-fb-games/.zig-cache/o/9442a0b07c4ead0959dba4ddf0d89041/CHAT.BIN: entry_offset=0x30 image_size=12336 text=12288 data=0 (bss tail 81584) from 3 PT_LOAD segment(s)
elf2bin: ./.zig-cache/o/5a55f9d85a61c8d87367f6a4676aab9a/user-guard -> /Users/tbuddy/t3/zig/dos-fb-games/.zig-cache/o/f1219d8f43d1467252fc886154bbe781/GUARD.BIN: entry_offset=0x18 image_size=88 (content 64 bytes from 1 PT_LOAD segment(s))
elf2bin: ./.zig-cache/o/724156a0002ff11d98cb4dd929024f1f/user-sb5wm -> /Users/tbuddy/t3/zig/dos-fb-games/.zig-cache/o/f023dd2aefa403c5f07acc4a241079ec/SB5WM.BIN: entry_offset=0x18 image_size=2256 (content 2232 bytes from 2 PT_LOAD segment(s))
elf2bin: ./.zig-cache/o/720d6a257d2f690057e894d3c29935df/user-asm -> /Users/tbuddy/t3/zig/dos-fb-games/.zig-cache/o/894c1bb1ceb2f9b3b920e472f0fcea14/ASM.BIN: entry_offset=0x18 image_size=12690 (content 12666 bytes from 2 PT_LOAD segment(s))
elf2bin: ./.zig-cache/o/a12c373c47d29fde98ee075cc48b361e/user-settings -> /Users/tbuddy/t3/zig/dos-fb-games/.zig-cache/o/d29bc684fc7cd848a335419e630bbd57/SETTINGS.BIN: entry_offset=0x30 image_size=20576 text=20480 data=48 (bss tail 81584) from 3 PT_LOAD segment(s)
elf2bin: ./.zig-cache/o/6a135345f0e6e77e2751c8002961558e/user-schedring -> /Users/tbuddy/t3/zig/dos-fb-games/.zig-cache/o/8916b734b7493e0a8502a53d92f0881b/SCHEDRING.BIN: entry_offset=0x18 image_size=213 (content 189 bytes from 1 PT_LOAD segment(s))
elf2bin: ./.zig-cache/o/9dd5fb2be4029e8926a3b4f263f481b8/user-ping -> /Users/tbuddy/t3/zig/dos-fb-games/.zig-cache/o/9babd50e05d7b294331a392e5174edff/PING.BIN: entry_offset=0x18 image_size=5670 (content 5646 bytes from 2 PT_LOAD segment(s))
elf2bin: ./.zig-cache/o/6dd7f345443e036b434c153a0caea26f/user-download -> /Users/tbuddy/t3/zig/dos-fb-games/.zig-cache/o/452229232d5f746142344b708975b7e8/DOWNLOAD.BIN: entry_offset=0x18 image_size=3255 (content 3231 bytes from 2 PT_LOAD segment(s))
elf2bin: ./.zig-cache/o/6f46a2be4c0997be9d20e2d1590c8558/user-sb2-own -> /Users/tbuddy/t3/zig/dos-fb-games/.zig-cache/o/ec3b97240afd2436deb3f8f4c75c2a34/SB2OWN.BIN: entry_offset=0x18 image_size=979 (content 955 bytes from 2 PT_LOAD segment(s))
elf2bin: ./.zig-cache/o/4da86b50ea8972ea32625ead4e1a938e/user-harden -> /Users/tbuddy/t3/zig/dos-fb-games/.zig-cache/o/ccebc4933c2df8d686cdc3ccd55f937f/HARDEN.BIN: entry_offset=0x18 image_size=714 (content 690 bytes from 2 PT_LOAD segment(s))
elf2bin: ./.zig-cache/o/1bff0a56691760337161b9c5927d4fb4/user-ps -> /Users/tbuddy/t3/zig/dos-fb-games/.zig-cache/o/c1c91dfedf98cd66d000aef322e7cf73/PS.BIN: entry_offset=0x30 image_size=12336 text=12288 data=0 (bss tail 82800) from 3 PT_LOAD segment(s)
elf2bin: ./.zig-cache/o/0b2f0d6840d15250050b861b7b684082/user-sb4dam -> /Users/tbuddy/t3/zig/dos-fb-games/.zig-cache/o/a500c5aeda3f042fb457c78c77f8eda2/SB4DAM.BIN: entry_offset=0x18 image_size=434 (content 410 bytes from 2 PT_LOAD segment(s))
elf2bin: ./.zig-cache/o/5a41758f479ca7b33b16a625dd26dcb1/user-wnd -> /Users/tbuddy/t3/zig/dos-fb-games/.zig-cache/o/ec6d07b77749a1dfa7f68c964b609a12/WND.BIN: entry_offset=0x30 image_size=54504 text=53248 data=1208 (bss tail 193864) from 3 PT_LOAD segment(s)
elf2bin: ./.zig-cache/o/17499a16ea3783890f36dcf457e11b86/user-vmtest -> /Users/tbuddy/t3/zig/dos-fb-games/.zig-cache/o/bfafdb0759b1d2092ad746ae547af134/VMTEST.BIN: entry_offset=0x18 image_size=968 (content 944 bytes from 2 PT_LOAD segment(s))
elf2bin: ./.zig-cache/o/c181519619fd6cdf3e9b8e9cab68b6da/user-smpst-win -> /Users/tbuddy/t3/zig/dos-fb-games/.zig-cache/o/27ddfbea3880345354fd046b184b398c/SMPWIN.BIN: entry_offset=0x30 image_size=4144 text=4096 data=0 (bss tail 4) from 3 PT_LOAD segment(s)
elf2bin: ./.zig-cache/o/e6d19fcff162f5c5f228b205a2bd555a/user-netstat -> /Users/tbuddy/t3/zig/dos-fb-games/.zig-cache/o/c0975032dfe3fa6582cd64393e29a8ba/NETSTAT.BIN: entry_offset=0x30 image_size=16432 text=16384 data=0 (bss tail 81824) from 3 PT_LOAD segment(s)
elf2bin: ./.zig-cache/o/6a4db286c57e9b005cdad5342a842d4a/user-wasm -> /Users/tbuddy/t3/zig/dos-fb-games/.zig-cache/o/760af3cd41b141aa5dec2523907de1a3/WASM.BIN: entry_offset=0x30 image_size=63456 text=32768 data=30640 (bss tail 152728) from 3 PT_LOAD segment(s)
elf2bin: ./.zig-cache/o/c48f9ec4b46f8266eb339f5434fcf272/user-smp1 -> /Users/tbuddy/t3/zig/dos-fb-games/.zig-cache/o/4d122d39e03480e81842e2610545cb2f/SMP1.BIN: entry_offset=0x18 image_size=159 (content 135 bytes from 1 PT_LOAD segment(s))
elf2bin: ./.zig-cache/o/512a39fa7ace8c25ef857d8dd143f7b1/user-desktop -> /Users/tbuddy/t3/zig/dos-fb-games/.zig-cache/o/d288c47856dff974bbfd29e7c7332b60/DESKTOP.BIN: entry_offset=0x30 image_size=20528 text=20480 data=0 (bss tail 81584) from 3 PT_LOAD segment(s)
elf2bin: ./.zig-cache/o/4190ef1c6173636fe5715488aff00bbe/user-view -> /Users/tbuddy/t3/zig/dos-fb-games/.zig-cache/o/853118821b4c40e157619e51b881f1dc/VIEW.BIN: entry_offset=0x30 image_size=28904 text=28672 data=184 (bss tail 89880) from 3 PT_LOAD segment(s)
elf2bin: ./.zig-cache/o/053bfbccc25440fd5f932768b5005120/user-devcons -> /Users/tbuddy/t3/zig/dos-fb-games/.zig-cache/o/7f0926e7da79cd88f74af92dfbc6085c/DEVCONS.BIN: entry_offset=0x30 image_size=16492 text=16384 data=60 (bss tail 118508) from 3 PT_LOAD segment(s)
elf2bin: ./.zig-cache/o/2fdc5ddbab2a17b93299acad7654c4d9/user-win -> /Users/tbuddy/t3/zig/dos-fb-games/.zig-cache/o/bdbe1e8c0a02b9f492a0a1809bf753d4/WIN.BIN: entry_offset=0x18 image_size=364 (content 340 bytes from 1 PT_LOAD segment(s))
elf2bin: ./.zig-cache/o/4fab8be63d9586bca03cfa7e13342466/user-sb3-own -> /Users/tbuddy/t3/zig/dos-fb-games/.zig-cache/o/6018417593a1f5f27efb95d3998603d8/SB3OWN.BIN: entry_offset=0x18 image_size=1127 (content 1103 bytes from 2 PT_LOAD segment(s))
elf2bin: ./.zig-cache/o/cae78eb9ad8bb5496318e3cd659f977d/user-smpst-ev -> /Users/tbuddy/t3/zig/dos-fb-games/.zig-cache/o/da63ddb5db09284d520214baa071d15f/SMPEV.BIN: entry_offset=0x30 image_size=4144 text=4096 data=0 (bss tail 4) from 3 PT_LOAD segment(s)
elf2bin: ./.zig-cache/o/de8d8c3c93bd2a587e6f65043098dbd0/user-traceroute -> /Users/tbuddy/t3/zig/dos-fb-games/.zig-cache/o/e92a3534bfa8a517a86db7374172b1b5/TRACEROUTE.BIN: entry_offset=0x18 image_size=2464 (content 2440 bytes from 2 PT_LOAD segment(s))
elf2bin: ./.zig-cache/o/6a94ebd826deb7c0f991f238fa9a6601/user-sb6old -> /Users/tbuddy/t3/zig/dos-fb-games/.zig-cache/o/a37a6c906ca8a0aa8578af500bc1ca5d/SB6OLD.BIN: entry_offset=0x18 image_size=476 (content 452 bytes from 2 PT_LOAD segment(s))
elf2bin: ./.zig-cache/o/4d991fc6ceb842555b01d437637e4c3f/user-tabhold -> /Users/tbuddy/t3/zig/dos-fb-games/.zig-cache/o/3e842c29ecc4e81a89f06f492e2f562c/TABHOLD.BIN: entry_offset=0x18 image_size=2440 (content 2416 bytes from 2 PT_LOAD segment(s))
elf2bin: ./.zig-cache/o/f7e326795f85c7d2a1063844673bcfc2/user-jingle -> /Users/tbuddy/t3/zig/dos-fb-games/.zig-cache/o/b28c2791ccd842bb4a360e1fcaaff2e7/JINGLE.BIN: entry_offset=0x18 image_size=8624 (content 8600 bytes from 2 PT_LOAD segment(s))
elf2bin: ./.zig-cache/o/e402cba64be88cb9a1e0a757085c8070/user-httpd -> /Users/tbuddy/t3/zig/dos-fb-games/.zig-cache/o/e67e12ce905ee624c14c07cf5a4d4c67/HTTPD.BIN: entry_offset=0x18 image_size=15305 (content 15281 bytes from 2 PT_LOAD segment(s))
elf2bin: ./.zig-cache/o/a91817d5a8333fe8a84335dfd1ab7698/user-hello -> /Users/tbuddy/t3/zig/dos-fb-games/.zig-cache/o/acbc519b08891d0ceb025c3cae3853fb/USER.BIN: entry_offset=0x18 image_size=393 (content 369 bytes from 1 PT_LOAD segment(s))
elf2bin: ./.zig-cache/o/b53bb19abab1a800b3343c98e3c6edac/user-wmrpc -> /Users/tbuddy/t3/zig/dos-fb-games/.zig-cache/o/5fa271ba159990cef04e4c6885c110ea/WMRPC.BIN: entry_offset=0x18 image_size=4366 (content 4342 bytes from 2 PT_LOAD segment(s))
elf2bin: ./.zig-cache/o/92702c4672e7242dcd48600ca216a27b/user-m21demo -> /Users/tbuddy/t3/zig/dos-fb-games/.zig-cache/o/8e69bb42bc6f19ceb1eaad9ce2ec26fd/M21DEMO.BIN: entry_offset=0x18 image_size=593 (content 569 bytes from 1 PT_LOAD segment(s))
elf2bin: ./.zig-cache/o/32f5202d7b1ea6fc518b74ce7195239a/user-sb5own -> /Users/tbuddy/t3/zig/dos-fb-games/.zig-cache/o/a88e7c3c2e421fec7b2f5ddd63f5c490/SB5OWN.BIN: entry_offset=0x18 image_size=1141 (content 1117 bytes from 2 PT_LOAD segment(s))
elf2bin: ./.zig-cache/o/1a99dd4708037a7b6b1acab947bdd401/user-tabwm -> /Users/tbuddy/t3/zig/dos-fb-games/.zig-cache/o/384a7b55b34dc85b9af26c372a1af837/TABWM.BIN: entry_offset=0x30 image_size=28772 text=28672 data=52 (bss tail 88484) from 3 PT_LOAD segment(s)
elf2bin: ./.zig-cache/o/0d41c059f2f1c015a7aa45b8e1aa9878/user-spin -> /Users/tbuddy/t3/zig/dos-fb-games/.zig-cache/o/38d336ac883e609d061b080308b76a07/SPIN.BIN: entry_offset=0x18 image_size=132 (content 108 bytes from 1 PT_LOAD segment(s))
elf2bin: ./.zig-cache/o/5cf2f4b644664ab6352c68c7dccbc8b7/user-dns -> /Users/tbuddy/t3/zig/dos-fb-games/.zig-cache/o/76d254dc367d45524f01eb01df7bfe5d/DNS.BIN: entry_offset=0x18 image_size=4711 (content 4687 bytes from 2 PT_LOAD segment(s))
elf2bin: ./.zig-cache/o/9922856723bab73614abac5e1b82bd82/user-savetext -> /Users/tbuddy/t3/zig/dos-fb-games/.zig-cache/o/4b145c6d9de9a632ec8a6ef89aa48b82/SAVETEXT.BIN: entry_offset=0x18 image_size=225 (content 201 bytes from 1 PT_LOAD segment(s))
elf2bin: ./.zig-cache/o/7d938226a1f4e6200008120332ab1595/user-resmon -> /Users/tbuddy/t3/zig/dos-fb-games/.zig-cache/o/ebdaebbb44c877459004f974020f9a90/RESMON.BIN: entry_offset=0x30 image_size=12336 text=12288 data=0 (bss tail 82800) from 3 PT_LOAD segment(s)
elf2bin: ./.zig-cache/o/e0c0c4214efe4ec549f7f0383fc738c2/user-sb6new -> /Users/tbuddy/t3/zig/dos-fb-games/.zig-cache/o/12de2bcad574fd990422991d1b803d76/SB6NEW.BIN: entry_offset=0x18 image_size=1273 (content 1249 bytes from 2 PT_LOAD segment(s))
elf2bin: ./.zig-cache/o/a29176312a9e71a08ac6240dcb418323/user-udp -> /Users/tbuddy/t3/zig/dos-fb-games/.zig-cache/o/72311f5e06b98dc1988dcbfc9846a731/UDP.BIN: entry_offset=0x18 image_size=605 (content 581 bytes from 1 PT_LOAD segment(s))
elf2bin: ./.zig-cache/o/e2de6e54d62f6b6f2139792b6221f74c/user-timertest -> /Users/tbuddy/t3/zig/dos-fb-games/.zig-cache/o/8ac200506b8113ea24eaccaed9417751/TIMER.BIN: entry_offset=0x18 image_size=1129 (content 1105 bytes from 2 PT_LOAD segment(s))
elf2bin: ./.zig-cache/o/80a5899e9d679826081409bdfa621b3a/user-fetch -> /Users/tbuddy/t3/zig/dos-fb-games/.zig-cache/o/47972f54ec3324ef5264a7abab081a51/FETCH.BIN: entry_offset=0x18 image_size=2979 (content 2955 bytes from 2 PT_LOAD segment(s))
elf2bin: ./.zig-cache/o/1c9b3871740b486870a6be38e30de055/user-file-browser -> /Users/tbuddy/t3/zig/dos-fb-games/.zig-cache/o/c4fb770dc95e9cda8384af9156f9b070/FILE.BIN: entry_offset=0x30 image_size=49248 text=49152 data=48 (bss tail 81584) from 3 PT_LOAD segment(s)
elf2bin: ./.zig-cache/o/73161eb172b9eac098940ae9c22f4b23/user-calc -> /Users/tbuddy/t3/zig/dos-fb-games/.zig-cache/o/00e6e0960f2017d557196a204455770f/CALC.BIN: entry_offset=0x30 image_size=82016 text=81920 data=48 (bss tail 81592) from 3 PT_LOAD segment(s)
elf2bin: ./.zig-cache/o/b809a146d2e8b5443aaf17bd25e158bb/virelai-kernel -> /Users/tbuddy/t3/zig/dos-fb-games/.zig-cache/o/9bc7e7cb6bc18f9ee1c64d39cf8506d1/KERNEL.BIN: entry_offset=0x18 image_size=8616144 (content 8616120 bytes from 4 PT_LOAD segment(s))
elf2bin: ./.zig-cache/o/ade01e621747395a80467fdec294bb7d/user-winloop -> /Users/tbuddy/t3/zig/dos-fb-games/.zig-cache/o/fe803f9360afd6e6a5c7d792d8a56a7b/WINLOOP.BIN: entry_offset=0x18 image_size=417 (content 393 bytes from 1 PT_LOAD segment(s))
elf2bin: ./.zig-cache/o/e90a2a1675d70e45ba5ad1a3c99a019c/user-netprof -> /Users/tbuddy/t3/zig/dos-fb-games/.zig-cache/o/5f327fb4148f79ba43b3d0e14dfa14f7/NETPROF.BIN: entry_offset=0x18 image_size=4345 (content 4321 bytes from 2 PT_LOAD segment(s))
elf2bin: ./.zig-cache/o/e0e1cd8a19e2abf771d66c715d79a9f7/user-winclose -> /Users/tbuddy/t3/zig/dos-fb-games/.zig-cache/o/43b9cd0e5f216903ad80e496d195f858/WINCLOSE.BIN: entry_offset=0x18 image_size=261 (content 237 bytes from 1 PT_LOAD segment(s))
elf2bin: ./.zig-cache/o/df528105e38c6b46ab576f2556c6f9a6/user-globals -> /Users/tbuddy/t3/zig/dos-fb-games/.zig-cache/o/2d2857bc19ad6668ae6c1eeba178709c/GLOBALS.BIN: entry_offset=0x30 image_size=28728 text=28672 data=8 (bss tail 4104) from 3 PT_LOAD segment(s)
elf2bin: ./.zig-cache/o/f953992d496ebc0c1084e7cb0f1e9ff9/user-sysmon -> /Users/tbuddy/t3/zig/dos-fb-games/.zig-cache/o/aeb2ad93d8f16c8f6fc842116c37a98c/SYSMON.BIN: entry_offset=0x30 image_size=20576 text=20480 data=48 (bss tail 81584) from 3 PT_LOAD segment(s)
elf2bin: ./.zig-cache/o/f9b823878a7128e82af4b70b1e75d989/user-disas -> /Users/tbuddy/t3/zig/dos-fb-games/.zig-cache/o/4a3d6a91135a00218640528176c7c490/DISAS.BIN: entry_offset=0x18 image_size=6496 (content 6472 bytes from 2 PT_LOAD segment(s))
elf2bin: ./.zig-cache/o/b809a146d2e8b5443aaf17bd25e158bb/virelai-kernel -> /Users/tbuddy/t3/zig/dos-fb-games/.zig-cache/o/9bc7e7cb6bc18f9ee1c64d39cf8506d1/KERNEL.BIN: entry_offset=0x18 image_size=8616144 (content 8616120 bytes from 4 PT_LOAD segment(s))
make-image: building FAT32+GPT boot image 'artifacts/disk.img' (0 MiB)...
mkfat32: wrote artifacts/disk.img.tmp (169472 EFI + 8616144 kernel bytes)
make-image: verifying image contents...
size: 35364864 bytes (69072 sectors)
LBA0: MBR present
GPT: valid signature, header crc32=0xde33e5c4
GPT: ESP partition at LBA 2048, 67024 sectors
FAT: boot sig ok, label='VIRELAIOS', 512-byte sectors, 1 sector/cluster, 32 reserved, 2 FATs x 516 sectors, root cluster 2
FAT: directory tree:
  EFI/
    BOOT/
      BOOTAA64.EFI  (169472 bytes)
  KERNEL.BIN  (8616144 bytes)
make-image: done.
Building for production...
[2 / 6] VFWire
[4 / 7] VFWire
[7 / 10] VMRunner-product
/Users/tbuddy/t3/zig/dos-fb-games/host/vm-runner/Sources/VMRunner/main.swift:1650:79: [1;33mwarning: [1;39m'activateIgnoringOtherApps' was deprecated in macOS 14.0: ignoringOtherApps is deprecated in macOS 14 and will have no effect.[0;0m [#]8;;https://docs.swift.org/compiler/documentation/diagnostics/deprecated-declaration\DeprecatedDeclaration]8;;\]
[0;36m1648 |[0;0m         NSApp.activate(ignoringOtherApps: true)
[0;36m1649 |[0;0m         NSApp.activate()
[0;36m1650 |[0;0m         NSRunningApplication.current.activate(options: [.activateAllWindows, .activateIgnoringOtherApps])
     [0;36m|[0;0m                                                                               `- [1;33mwarning: [1;39m'activateIgnoringOtherApps' was deprecated in macOS 14.0: ignoringOtherApps is deprecated in macOS 14 and will have no effect.[0;0m [#]8;;https://docs.swift.org/compiler/documentation/diagnostics/deprecated-declaration\DeprecatedDeclaration]8;;\]
[0;36m1651 |[0;0m         // Re-assert after the run loop has a chance to complete the
[0;36m1652 |[0;0m         // activation (async on macOS), so the first synthesized event

/Users/tbuddy/t3/zig/dos-fb-games/host/vm-runner/Sources/VMRunner/main.swift:1658:83: [1;33mwarning: [1;39m'activateIgnoringOtherApps' was deprecated in macOS 14.0: ignoringOtherApps is deprecated in macOS 14 and will have no effect.[0;0m [#]8;;https://docs.swift.org/compiler/documentation/diagnostics/deprecated-declaration\DeprecatedDeclaration]8;;\]
[0;36m1656 |[0;0m             NSApp.activate(ignoringOtherApps: true)
[0;36m1657 |[0;0m             NSApp.activate()
[0;36m1658 |[0;0m             NSRunningApplication.current.activate(options: [.activateAllWindows, .activateIgnoringOtherApps])
     [0;36m|[0;0m                                                                                   `- [1;33mwarning: [1;39m'activateIgnoringOtherApps' was deprecated in macOS 14.0: ignoringOtherApps is deprecated in macOS 14 and will have no effect.[0;0m [#]8;;https://docs.swift.org/compiler/documentation/diagnostics/deprecated-declaration\DeprecatedDeclaration]8;;\]
[0;36m1659 |[0;0m             pmo("diag key-after-activate=\(window.isKeyWindow) main=\(window.isMainWindow) active=\(NSApp.isActive) visible=\(window.isVisible) onscreen=\(window.isOnActiveSpace)")
[0;36m1660 |[0;0m         }

/Users/tbuddy/t3/zig/dos-fb-games/host/vm-runner/Sources/VMRunner/main.swift:2215:6: [1;33mwarning: [1;39mconcurrently-executed global function 'requestTeeStop()' must be marked as '@Sendable'; this is an error in the Swift 6 language mode[0;0m
[0;36m2213 |[0;0m var teeStopRequested = false
[0;36m2214 |[0;0m 
[0;36m2215 |[0;0m func requestTeeStop() {
     [0;36m|[0;0m      `- [1;33mwarning: [1;39mconcurrently-executed global function 'requestTeeStop()' must be marked as '@Sendable'; this is an error in the Swift 6 language mode[0;0m
[0;36m2216 |[0;0m     teeStopLock.lock()
[0;36m2217 |[0;0m     teeStopRequested = true

[#DeprecatedDeclaration]: <https://docs.swift.org/compiler/documentation/diagnostics/deprecated-declaration>
[8 / 11] VMRunner-product
[10 / 11] VMRunner-product
[11 / 11] VMRunner-product
Build complete! (7.72 sec)
host/vm-runner/.build/release/VMRunner: replacing existing signature
run dir: /var/folders/p_/h710w89x7b16x249r_061lkw0000gn/T//virelai-live-net-tcp.kxb8cB

=== live-net-tcp run A ===
A: runner-rc=0
  serial-contains [net tcp: ack sent (ack=0x12345679, 54 bytes)]=1
  serial-contains [net tcp: established (peer=10.0.0.2:9999)]=1
  serial-contains [net tcp: ack sent (ack=0x1234567e, 54 bytes)]=1
  serial-contains [net tcp recv: 01 02 03 04 05]=1
  serial-contains [net tcp: final ack sent (ack=0x1234567f, 54 bytes)]=1
  serial-contains [net tcp: connection closed]=1
  serial-contains [tcp=closed,peer=10.0.0.2:9999,syn=2,synack=2,ack=4,data_s=1,data_r=1,fin=1,finack=1,rst_s=1,rst_r=0,timedout=0,mal=0]=1
  serial-contains [n10a-done]=1
  serial-count [net tcp: syn sent]=2 (min 2) ok=1
  output-contains [NET-TCP: answered the guest's SYN (seq 0x]=1
  output-contains [NET-TCP: echoed the guest's 5-byte data]=1
  output-contains [NET-TCP: answered the guest's FIN]=1
  output-contains [net-tcp-respond: ENABLED (milestone five card N10, claim 7026)]=1
tcp A ERE + 9-frame walk ok
  python [A] PASS
A: PASS

=== live-net-tcp run B ===
B: runner-rc=0
  serial-contains [tcp=syn_sent,peer=10.0.0.2:9999,syn=1,synack=0,ack=0,data_s=0,data_r=0,fin=0,finack=0,rst_s=0,rst_r=0,timedout=0,mal=0]=1
  serial-contains [n10b-done]=1
  output-contains [net-arp-respond: ENABLED]=1
tcp B black-hole ok
  python [B] PASS
B: PASS

=== live-net-tcp run C ===
C: runner-rc=0
  serial-contains [tcp=closed,peer=192.168.64.1:9999,syn=1,synack=0,ack=0,data_s=0,data_r=0,fin=0,finack=0,rst_s=0,rst_r=1,timedout=0,mal=0]=1
  serial-contains [net tcp: connection closed — idle again]=1
  serial-contains [n10c-done]=1
  output-contains [net-nat: ENABLED (milestone five card N7, claim 4678)]=1
tcp C NAT observation ok
  python [C] PASS
C: PASS

=== result ===
vgate live-net-tcp: PASS (3/3 runs)
--- [5/13] PASS live-net-tcp (53s)

--- [6/13] spec live-procs-syscall
=== vgate live-procs-syscall: EL0 process-table snapshot via sys_procs on VZ ===
spec: /Users/tbuddy/t3/zig/dos-fb-games/tools/gate/specs/live-procs-syscall.spec
revision: c7290e65db8437890d0051c79bf8daccbc159446 branch=agent/buffy/gf6-closeout dirty-files=4
elf2bin: ./.zig-cache/o/6a135345f0e6e77e2751c8002961558e/user-schedring -> /Users/tbuddy/t3/zig/dos-fb-games/.zig-cache/o/8916b734b7493e0a8502a53d92f0881b/SCHEDRING.BIN: entry_offset=0x18 image_size=213 (content 189 bytes from 1 PT_LOAD segment(s))
elf2bin: ./.zig-cache/o/4e79477318f85a42f825b306ecf54b93/user-top -> /Users/tbuddy/t3/zig/dos-fb-games/.zig-cache/o/587bca890e385b8619d533af17a7f86b/TOP.BIN: entry_offset=0x30 image_size=28768 text=28672 data=48 (bss tail 81584) from 3 PT_LOAD segment(s)
elf2bin: ./.zig-cache/o/6dd7f345443e036b434c153a0caea26f/user-download -> /Users/tbuddy/t3/zig/dos-fb-games/.zig-cache/o/452229232d5f746142344b708975b7e8/DOWNLOAD.BIN: entry_offset=0x18 image_size=3255 (content 3231 bytes from 2 PT_LOAD segment(s))
elf2bin: ./.zig-cache/o/096711e19ab7cb0e05a84c5f42d50d0f/user-chat -> /Users/tbuddy/t3/zig/dos-fb-games/.zig-cache/o/9442a0b07c4ead0959dba4ddf0d89041/CHAT.BIN: entry_offset=0x30 image_size=12336 text=12288 data=0 (bss tail 81584) from 3 PT_LOAD segment(s)
elf2bin: ./.zig-cache/o/ade01e621747395a80467fdec294bb7d/user-winloop -> /Users/tbuddy/t3/zig/dos-fb-games/.zig-cache/o/fe803f9360afd6e6a5c7d792d8a56a7b/WINLOOP.BIN: entry_offset=0x18 image_size=417 (content 393 bytes from 1 PT_LOAD segment(s))
elf2bin: ./.zig-cache/o/73161eb172b9eac098940ae9c22f4b23/user-calc -> /Users/tbuddy/t3/zig/dos-fb-games/.zig-cache/o/00e6e0960f2017d557196a204455770f/CALC.BIN: entry_offset=0x30 image_size=82016 text=81920 data=48 (bss tail 81592) from 3 PT_LOAD segment(s)
elf2bin: ./.zig-cache/o/6d38d7cfaa9cd8eb9d2cc93d094dac8d/user-sb2-wm -> /Users/tbuddy/t3/zig/dos-fb-games/.zig-cache/o/c9cfe294f333ad46dff65a24ae1564d6/SB2WM.BIN: entry_offset=0x18 image_size=1824 (content 1800 bytes from 2 PT_LOAD segment(s))
elf2bin: ./.zig-cache/o/1c9b3871740b486870a6be38e30de055/user-file-browser -> /Users/tbuddy/t3/zig/dos-fb-games/.zig-cache/o/c4fb770dc95e9cda8384af9156f9b070/FILE.BIN: entry_offset=0x30 image_size=49248 text=49152 data=48 (bss tail 81584) from 3 PT_LOAD segment(s)
elf2bin: ./.zig-cache/o/9922856723bab73614abac5e1b82bd82/user-savetext -> /Users/tbuddy/t3/zig/dos-fb-games/.zig-cache/o/4b145c6d9de9a632ec8a6ef89aa48b82/SAVETEXT.BIN: entry_offset=0x18 image_size=225 (content 201 bytes from 1 PT_LOAD segment(s))
elf2bin: ./.zig-cache/o/c70323867e00eff6e08e26661448d640/user-smpst-net -> /Users/tbuddy/t3/zig/dos-fb-games/.zig-cache/o/a9cfd98dbf1f23f29e07308378cdcf2b/SMPNET.BIN: entry_offset=0x30 image_size=4144 text=4096 data=0 (bss tail 4) from 3 PT_LOAD segment(s)
elf2bin: ./.zig-cache/o/e0c0c4214efe4ec549f7f0383fc738c2/user-sb6new -> /Users/tbuddy/t3/zig/dos-fb-games/.zig-cache/o/12de2bcad574fd990422991d1b803d76/SB6NEW.BIN: entry_offset=0x18 image_size=1273 (content 1249 bytes from 2 PT_LOAD segment(s))
elf2bin: ./.zig-cache/o/512a39fa7ace8c25ef857d8dd143f7b1/user-desktop -> /Users/tbuddy/t3/zig/dos-fb-games/.zig-cache/o/d288c47856dff974bbfd29e7c7332b60/DESKTOP.BIN: entry_offset=0x30 image_size=20528 text=20480 data=0 (bss tail 81584) from 3 PT_LOAD segment(s)
elf2bin: ./.zig-cache/o/b6b48db40e50336d0f88382acc7971cb/user-sexitest -> /Users/tbuddy/t3/zig/dos-fb-games/.zig-cache/o/447c9cf3ce4e0ecaa0542fa790e045fa/SEXITEST.BIN: entry_offset=0x18 image_size=3088 (content 3064 bytes from 2 PT_LOAD segment(s))
elf2bin: ./.zig-cache/o/5470e69848f0e5ad7e819a51c8b8c917/user-counter -> /Users/tbuddy/t3/zig/dos-fb-games/.zig-cache/o/1dd2f87a2f22b9186ee59932de7d732b/COUNTER.BIN: entry_offset=0x18 image_size=940 (content 916 bytes from 1 PT_LOAD segment(s))
elf2bin: ./.zig-cache/o/023a62e9025c79d2e828a4c87261546e/user-sexiburg -> /Users/tbuddy/t3/zig/dos-fb-games/.zig-cache/o/a700a449ddb0c6a40eeec24944106767/SEXIBURG.BIN: entry_offset=0x30 image_size=45104 text=45056 data=0 (bss tail 109392) from 3 PT_LOAD segment(s)
elf2bin: ./.zig-cache/o/042073e21dd17eca541a19e2f6584202/user-tcp -> /Users/tbuddy/t3/zig/dos-fb-games/.zig-cache/o/9ee55916d4d1a796f79eb78a7599e24b/TCP.BIN: entry_offset=0x18 image_size=267 (content 243 bytes from 1 PT_LOAD segment(s))
elf2bin: ./.zig-cache/o/b84f734af113c7bb1cdda926376d52e3/user-sb6wm -> /Users/tbuddy/t3/zig/dos-fb-games/.zig-cache/o/3efa6e5811528fbb4dd21a5970a82afd/SB6WM.BIN: entry_offset=0x18 image_size=2600 (content 2576 bytes from 2 PT_LOAD segment(s))
elf2bin: ./.zig-cache/o/c181519619fd6cdf3e9b8e9cab68b6da/user-smpst-win -> /Users/tbuddy/t3/zig/dos-fb-games/.zig-cache/o/27ddfbea3880345354fd046b184b398c/SMPWIN.BIN: entry_offset=0x30 image_size=4144 text=4096 data=0 (bss tail 4) from 3 PT_LOAD segment(s)
elf2bin: ./.zig-cache/o/6a4db286c57e9b005cdad5342a842d4a/user-wasm -> /Users/tbuddy/t3/zig/dos-fb-games/.zig-cache/o/760af3cd41b141aa5dec2523907de1a3/WASM.BIN: entry_offset=0x30 image_size=63456 text=32768 data=30640 (bss tail 152728) from 3 PT_LOAD segment(s)
elf2bin: ./.zig-cache/o/556ce42323e0e9cefb5c628f4e5c3ebb/user-status43 -> /Users/tbuddy/t3/zig/dos-fb-games/.zig-cache/o/267bf2f20edc02690e0d732f1e9ca666/STATUS43.BIN: entry_offset=0x18 image_size=134 (content 110 bytes from 1 PT_LOAD segment(s))
elf2bin: ./.zig-cache/o/a12c373c47d29fde98ee075cc48b361e/user-settings -> /Users/tbuddy/t3/zig/dos-fb-games/.zig-cache/o/d29bc684fc7cd848a335419e630bbd57/SETTINGS.BIN: entry_offset=0x30 image_size=20576 text=20480 data=48 (bss tail 81584) from 3 PT_LOAD segment(s)
elf2bin: ./.zig-cache/o/df528105e38c6b46ab576f2556c6f9a6/user-globals -> /Users/tbuddy/t3/zig/dos-fb-games/.zig-cache/o/2d2857bc19ad6668ae6c1eeba178709c/GLOBALS.BIN: entry_offset=0x30 image_size=28728 text=28672 data=8 (bss tail 4104) from 3 PT_LOAD segment(s)
elf2bin: ./.zig-cache/o/cae78eb9ad8bb5496318e3cd659f977d/user-smpst-ev -> /Users/tbuddy/t3/zig/dos-fb-games/.zig-cache/o/da63ddb5db09284d520214baa071d15f/SMPEV.BIN: entry_offset=0x30 image_size=4144 text=4096 data=0 (bss tail 4) from 3 PT_LOAD segment(s)
elf2bin: ./.zig-cache/o/9dd5fb2be4029e8926a3b4f263f481b8/user-ping -> /Users/tbuddy/t3/zig/dos-fb-games/.zig-cache/o/9babd50e05d7b294331a392e5174edff/PING.BIN: entry_offset=0x18 image_size=5670 (content 5646 bytes from 2 PT_LOAD segment(s))
elf2bin: ./.zig-cache/o/1a99dd4708037a7b6b1acab947bdd401/user-tabwm -> /Users/tbuddy/t3/zig/dos-fb-games/.zig-cache/o/384a7b55b34dc85b9af26c372a1af837/TABWM.BIN: entry_offset=0x30 image_size=28772 text=28672 data=52 (bss tail 88484) from 3 PT_LOAD segment(s)
elf2bin: ./.zig-cache/o/f35859df5deb3196d13d9da4fec50819/user-wndstub -> /Users/tbuddy/t3/zig/dos-fb-games/.zig-cache/o/18e38a339213c8b573388c331bd16ca0/WNDSTUB.BIN: entry_offset=0x18 image_size=230 (content 206 bytes from 1 PT_LOAD segment(s))
elf2bin: ./.zig-cache/o/17499a16ea3783890f36dcf457e11b86/user-vmtest -> /Users/tbuddy/t3/zig/dos-fb-games/.zig-cache/o/bfafdb0759b1d2092ad746ae547af134/VMTEST.BIN: entry_offset=0x18 image_size=968 (content 944 bytes from 2 PT_LOAD segment(s))
elf2bin: ./.zig-cache/o/6f46a2be4c0997be9d20e2d1590c8558/user-sb2-own -> /Users/tbuddy/t3/zig/dos-fb-games/.zig-cache/o/ec3b97240afd2436deb3f8f4c75c2a34/SB2OWN.BIN: entry_offset=0x18 image_size=979 (content 955 bytes from 2 PT_LOAD segment(s))
elf2bin: ./.zig-cache/o/e2de6e54d62f6b6f2139792b6221f74c/user-timertest -> /Users/tbuddy/t3/zig/dos-fb-games/.zig-cache/o/8ac200506b8113ea24eaccaed9417751/TIMER.BIN: entry_offset=0x18 image_size=1129 (content 1105 bytes from 2 PT_LOAD segment(s))
elf2bin: ./.zig-cache/o/b955832e5b609b0a56ee0a1286359d6f/user-smpst-file -> /Users/tbuddy/t3/zig/dos-fb-games/.zig-cache/o/8840d6f429e9801dc57be08c2175167c/SMPFILE.BIN: entry_offset=0x30 image_size=4144 text=4096 data=0 (bss tail 4) from 3 PT_LOAD segment(s)
elf2bin: ./.zig-cache/o/b809a146d2e8b5443aaf17bd25e158bb/virelai-kernel -> /Users/tbuddy/t3/zig/dos-fb-games/.zig-cache/o/9bc7e7cb6bc18f9ee1c64d39cf8506d1/KERNEL.BIN: entry_offset=0x18 image_size=8616144 (content 8616120 bytes from 4 PT_LOAD segment(s))
elf2bin: ./.zig-cache/o/e7f32f89ec31d13c1248792acc0490db/user-peer -> /Users/tbuddy/t3/zig/dos-fb-games/.zig-cache/o/8b62ff4016555b66312c926d4598e0f4/PEER.BIN: entry_offset=0x18 image_size=623 (content 599 bytes from 1 PT_LOAD segment(s))
elf2bin: ./.zig-cache/o/dd1c0158e028dc5963b7135799d1d931/user-keytest -> /Users/tbuddy/t3/zig/dos-fb-games/.zig-cache/o/1fed85cdbbc0610981755e4c2e795e7e/KEYTEST.BIN: entry_offset=0x18 image_size=645 (content 621 bytes from 1 PT_LOAD segment(s))
elf2bin: ./.zig-cache/o/e0e1cd8a19e2abf771d66c715d79a9f7/user-winclose -> /Users/tbuddy/t3/zig/dos-fb-games/.zig-cache/o/43b9cd0e5f216903ad80e496d195f858/WINCLOSE.BIN: entry_offset=0x18 image_size=261 (content 237 bytes from 1 PT_LOAD segment(s))
elf2bin: ./.zig-cache/o/4d991fc6ceb842555b01d437637e4c3f/user-tabhold -> /Users/tbuddy/t3/zig/dos-fb-games/.zig-cache/o/3e842c29ecc4e81a89f06f492e2f562c/TABHOLD.BIN: entry_offset=0x18 image_size=2440 (content 2416 bytes from 2 PT_LOAD segment(s))
elf2bin: ./.zig-cache/o/fb555083c95185f3e4712658636e01f9/user-zc -> /Users/tbuddy/t3/zig/dos-fb-games/.zig-cache/o/1306a2e55905b2dc725e27530f11bb1c/ZC.BIN: entry_offset=0x30 image_size=32816 text=32768 data=0 (bss tail 216184) from 3 PT_LOAD segment(s)
elf2bin: ./.zig-cache/o/724156a0002ff11d98cb4dd929024f1f/user-sb5wm -> /Users/tbuddy/t3/zig/dos-fb-games/.zig-cache/o/f023dd2aefa403c5f07acc4a241079ec/SB5WM.BIN: entry_offset=0x18 image_size=2256 (content 2232 bytes from 2 PT_LOAD segment(s))
elf2bin: ./.zig-cache/o/deea6614f589cdf7ce1d638ba1ecf44c/user-edit -> /Users/tbuddy/t3/zig/dos-fb-games/.zig-cache/o/8af60b505e564dc8e3508ea83adf1c2c/EDIT.BIN: entry_offset=0x30 image_size=246160 text=49152 data=196960 (bss tail 115880) from 3 PT_LOAD segment(s)
elf2bin: ./.zig-cache/o/32f5202d7b1ea6fc518b74ce7195239a/user-sb5own -> /Users/tbuddy/t3/zig/dos-fb-games/.zig-cache/o/a88e7c3c2e421fec7b2f5ddd63f5c490/SB5OWN.BIN: entry_offset=0x18 image_size=1141 (content 1117 bytes from 2 PT_LOAD segment(s))
elf2bin: ./.zig-cache/o/140d7d25e93f00ac91f130c794ea06e1/user-sb3-wm -> /Users/tbuddy/t3/zig/dos-fb-games/.zig-cache/o/b6603ff1ec8a5dad49a7570e26f5c40c/SB3WM.BIN: entry_offset=0x18 image_size=1960 (content 1936 bytes from 2 PT_LOAD segment(s))
elf2bin: ./.zig-cache/o/5a41758f479ca7b33b16a625dd26dcb1/user-wnd -> /Users/tbuddy/t3/zig/dos-fb-games/.zig-cache/o/ec6d07b77749a1dfa7f68c964b609a12/WND.BIN: entry_offset=0x30 image_size=54504 text=53248 data=1208 (bss tail 193864) from 3 PT_LOAD segment(s)
elf2bin: ./.zig-cache/o/4fab8be63d9586bca03cfa7e13342466/user-sb3-own -> /Users/tbuddy/t3/zig/dos-fb-games/.zig-cache/o/6018417593a1f5f27efb95d3998603d8/SB3OWN.BIN: entry_offset=0x18 image_size=1127 (content 1103 bytes from 2 PT_LOAD segment(s))
elf2bin: ./.zig-cache/o/e90a2a1675d70e45ba5ad1a3c99a019c/user-netprof -> /Users/tbuddy/t3/zig/dos-fb-games/.zig-cache/o/5f327fb4148f79ba43b3d0e14dfa14f7/NETPROF.BIN: entry_offset=0x18 image_size=4345 (content 4321 bytes from 2 PT_LOAD segment(s))
elf2bin: ./.zig-cache/o/de8d8c3c93bd2a587e6f65043098dbd0/user-traceroute -> /Users/tbuddy/t3/zig/dos-fb-games/.zig-cache/o/e92a3534bfa8a517a86db7374172b1b5/TRACEROUTE.BIN: entry_offset=0x18 image_size=2464 (content 2440 bytes from 2 PT_LOAD segment(s))
elf2bin: ./.zig-cache/o/5cf2f4b644664ab6352c68c7dccbc8b7/user-dns -> /Users/tbuddy/t3/zig/dos-fb-games/.zig-cache/o/76d254dc367d45524f01eb01df7bfe5d/DNS.BIN: entry_offset=0x18 image_size=4711 (content 4687 bytes from 2 PT_LOAD segment(s))
elf2bin: ./.zig-cache/o/f7e326795f85c7d2a1063844673bcfc2/user-jingle -> /Users/tbuddy/t3/zig/dos-fb-games/.zig-cache/o/b28c2791ccd842bb4a360e1fcaaff2e7/JINGLE.BIN: entry_offset=0x18 image_size=8624 (content 8600 bytes from 2 PT_LOAD segment(s))
elf2bin: ./.zig-cache/o/720d6a257d2f690057e894d3c29935df/user-asm -> /Users/tbuddy/t3/zig/dos-fb-games/.zig-cache/o/894c1bb1ceb2f9b3b920e472f0fcea14/ASM.BIN: entry_offset=0x18 image_size=12690 (content 12666 bytes from 2 PT_LOAD segment(s))
elf2bin: ./.zig-cache/o/7d938226a1f4e6200008120332ab1595/user-resmon -> /Users/tbuddy/t3/zig/dos-fb-games/.zig-cache/o/ebdaebbb44c877459004f974020f9a90/RESMON.BIN: entry_offset=0x30 image_size=12336 text=12288 data=0 (bss tail 82800) from 3 PT_LOAD segment(s)
elf2bin: ./.zig-cache/o/1bff0a56691760337161b9c5927d4fb4/user-ps -> /Users/tbuddy/t3/zig/dos-fb-games/.zig-cache/o/c1c91dfedf98cd66d000aef322e7cf73/PS.BIN: entry_offset=0x30 image_size=12336 text=12288 data=0 (bss tail 82800) from 3 PT_LOAD segment(s)
elf2bin: ./.zig-cache/o/e6d19fcff162f5c5f228b205a2bd555a/user-netstat -> /Users/tbuddy/t3/zig/dos-fb-games/.zig-cache/o/c0975032dfe3fa6582cd64393e29a8ba/NETSTAT.BIN: entry_offset=0x30 image_size=16432 text=16384 data=0 (bss tail 81824) from 3 PT_LOAD segment(s)
elf2bin: ./.zig-cache/o/4da86b50ea8972ea32625ead4e1a938e/user-harden -> /Users/tbuddy/t3/zig/dos-fb-games/.zig-cache/o/ccebc4933c2df8d686cdc3ccd55f937f/HARDEN.BIN: entry_offset=0x18 image_size=714 (content 690 bytes from 2 PT_LOAD segment(s))
elf2bin: ./.zig-cache/o/c48f9ec4b46f8266eb339f5434fcf272/user-smp1 -> /Users/tbuddy/t3/zig/dos-fb-games/.zig-cache/o/4d122d39e03480e81842e2610545cb2f/SMP1.BIN: entry_offset=0x18 image_size=159 (content 135 bytes from 1 PT_LOAD segment(s))
elf2bin: ./.zig-cache/o/34a3890754ca6f0d7cfdefbaa5001b65/user-dir -> /Users/tbuddy/t3/zig/dos-fb-games/.zig-cache/o/61f5b80a9ee67dba7481086ac36cfc15/DIR.BIN: entry_offset=0x18 image_size=248 (content 224 bytes from 1 PT_LOAD segment(s))
elf2bin: ./.zig-cache/o/92702c4672e7242dcd48600ca216a27b/user-m21demo -> /Users/tbuddy/t3/zig/dos-fb-games/.zig-cache/o/8e69bb42bc6f19ceb1eaad9ce2ec26fd/M21DEMO.BIN: entry_offset=0x18 image_size=593 (content 569 bytes from 1 PT_LOAD segment(s))
elf2bin: ./.zig-cache/o/0d41c059f2f1c015a7aa45b8e1aa9878/user-spin -> /Users/tbuddy/t3/zig/dos-fb-games/.zig-cache/o/38d336ac883e609d061b080308b76a07/SPIN.BIN: entry_offset=0x18 image_size=132 (content 108 bytes from 1 PT_LOAD segment(s))
elf2bin: ./.zig-cache/o/f9b823878a7128e82af4b70b1e75d989/user-disas -> /Users/tbuddy/t3/zig/dos-fb-games/.zig-cache/o/4a3d6a91135a00218640528176c7c490/DISAS.BIN: entry_offset=0x18 image_size=6496 (content 6472 bytes from 2 PT_LOAD segment(s))
elf2bin: ./.zig-cache/o/e402cba64be88cb9a1e0a757085c8070/user-httpd -> /Users/tbuddy/t3/zig/dos-fb-games/.zig-cache/o/e67e12ce905ee624c14c07cf5a4d4c67/HTTPD.BIN: entry_offset=0x18 image_size=15305 (content 15281 bytes from 2 PT_LOAD segment(s))
elf2bin: ./.zig-cache/o/5a55f9d85a61c8d87367f6a4676aab9a/user-guard -> /Users/tbuddy/t3/zig/dos-fb-games/.zig-cache/o/f1219d8f43d1467252fc886154bbe781/GUARD.BIN: entry_offset=0x18 image_size=88 (content 64 bytes from 1 PT_LOAD segment(s))
elf2bin: ./.zig-cache/o/2fdc5ddbab2a17b93299acad7654c4d9/user-win -> /Users/tbuddy/t3/zig/dos-fb-games/.zig-cache/o/bdbe1e8c0a02b9f492a0a1809bf753d4/WIN.BIN: entry_offset=0x18 image_size=364 (content 340 bytes from 1 PT_LOAD segment(s))
elf2bin: ./.zig-cache/o/f953992d496ebc0c1084e7cb0f1e9ff9/user-sysmon -> /Users/tbuddy/t3/zig/dos-fb-games/.zig-cache/o/aeb2ad93d8f16c8f6fc842116c37a98c/SYSMON.BIN: entry_offset=0x30 image_size=20576 text=20480 data=48 (bss tail 81584) from 3 PT_LOAD segment(s)
elf2bin: ./.zig-cache/o/af91bb5d2336fa9598296fe7e2c29959/user-winmove -> /Users/tbuddy/t3/zig/dos-fb-games/.zig-cache/o/6bec406e3c6e3b42bc528bc385d67e8f/WINMOVE.BIN: entry_offset=0x18 image_size=1340 (content 1316 bytes from 1 PT_LOAD segment(s))
elf2bin: ./.zig-cache/o/e15a54d957ac40caa6e28f1df7d8377c/user-notepad -> /Users/tbuddy/t3/zig/dos-fb-games/.zig-cache/o/5fa31d5b5e3154684223bd82cc76fe24/NOTEPAD.BIN: entry_offset=0x30 image_size=28768 text=28672 data=48 (bss tail 81584) from 3 PT_LOAD segment(s)
elf2bin: ./.zig-cache/o/c72fd955efc6a07573aacb13b8e21339/user-chime -> /Users/tbuddy/t3/zig/dos-fb-games/.zig-cache/o/4fc4c599b096adb8b09911d79b0c5791/CHIME.BIN: entry_offset=0x18 image_size=8688 (content 8664 bytes from 2 PT_LOAD segment(s))
elf2bin: ./.zig-cache/o/6a94ebd826deb7c0f991f238fa9a6601/user-sb6old -> /Users/tbuddy/t3/zig/dos-fb-games/.zig-cache/o/a37a6c906ca8a0aa8578af500bc1ca5d/SB6OLD.BIN: entry_offset=0x18 image_size=476 (content 452 bytes from 2 PT_LOAD segment(s))
elf2bin: ./.zig-cache/o/4190ef1c6173636fe5715488aff00bbe/user-view -> /Users/tbuddy/t3/zig/dos-fb-games/.zig-cache/o/853118821b4c40e157619e51b881f1dc/VIEW.BIN: entry_offset=0x30 image_size=28904 text=28672 data=184 (bss tail 89880) from 3 PT_LOAD segment(s)
elf2bin: ./.zig-cache/o/0c4f24165d937a6e89642938a95a01e9/user-type -> /Users/tbuddy/t3/zig/dos-fb-games/.zig-cache/o/7a445aad4e3d67217215d69661cec034/TYPE.BIN: entry_offset=0x18 image_size=232 (content 208 bytes from 1 PT_LOAD segment(s))
elf2bin: ./.zig-cache/o/80a5899e9d679826081409bdfa621b3a/user-fetch -> /Users/tbuddy/t3/zig/dos-fb-games/.zig-cache/o/47972f54ec3324ef5264a7abab081a51/FETCH.BIN: entry_offset=0x18 image_size=2979 (content 2955 bytes from 2 PT_LOAD segment(s))
elf2bin: ./.zig-cache/o/053bfbccc25440fd5f932768b5005120/user-devcons -> /Users/tbuddy/t3/zig/dos-fb-games/.zig-cache/o/7f0926e7da79cd88f74af92dfbc6085c/DEVCONS.BIN: entry_offset=0x30 image_size=16492 text=16384 data=60 (bss tail 118508) from 3 PT_LOAD segment(s)
elf2bin: ./.zig-cache/o/0b2f0d6840d15250050b861b7b684082/user-sb4dam -> /Users/tbuddy/t3/zig/dos-fb-games/.zig-cache/o/a500c5aeda3f042fb457c78c77f8eda2/SB4DAM.BIN: entry_offset=0x18 image_size=434 (content 410 bytes from 2 PT_LOAD segment(s))
elf2bin: ./.zig-cache/o/b53bb19abab1a800b3343c98e3c6edac/user-wmrpc -> /Users/tbuddy/t3/zig/dos-fb-games/.zig-cache/o/5fa271ba159990cef04e4c6885c110ea/WMRPC.BIN: entry_offset=0x18 image_size=4366 (content 4342 bytes from 2 PT_LOAD segment(s))
elf2bin: ./.zig-cache/o/a91817d5a8333fe8a84335dfd1ab7698/user-hello -> /Users/tbuddy/t3/zig/dos-fb-games/.zig-cache/o/acbc519b08891d0ceb025c3cae3853fb/USER.BIN: entry_offset=0x18 image_size=393 (content 369 bytes from 1 PT_LOAD segment(s))
elf2bin: ./.zig-cache/o/3411c6b2d9ee965c3e128c2091e718b7/user-hardening-victim -> /Users/tbuddy/t3/zig/dos-fb-games/.zig-cache/o/e652ac633d7ee71dbdc4b6c5be2f0c09/VICTIM.BIN: entry_offset=0x30 image_size=4144 text=4096 data=0 (bss tail 1112) from 3 PT_LOAD segment(s)
elf2bin: ./.zig-cache/o/a29176312a9e71a08ac6240dcb418323/user-udp -> /Users/tbuddy/t3/zig/dos-fb-games/.zig-cache/o/72311f5e06b98dc1988dcbfc9846a731/UDP.BIN: entry_offset=0x18 image_size=605 (content 581 bytes from 1 PT_LOAD segment(s))
elf2bin: ./.zig-cache/o/b809a146d2e8b5443aaf17bd25e158bb/virelai-kernel -> /Users/tbuddy/t3/zig/dos-fb-games/.zig-cache/o/9bc7e7cb6bc18f9ee1c64d39cf8506d1/KERNEL.BIN: entry_offset=0x18 image_size=8616144 (content 8616120 bytes from 4 PT_LOAD segment(s))
make-image: building FAT32+GPT boot image 'artifacts/disk.img' (0 MiB)...
mkfat32: wrote artifacts/disk.img.tmp (169472 EFI + 8616144 kernel bytes)
make-image: verifying image contents...
size: 35364864 bytes (69072 sectors)
LBA0: MBR present
GPT: valid signature, header crc32=0xde33e5c4
GPT: ESP partition at LBA 2048, 67024 sectors
FAT: boot sig ok, label='VIRELAIOS', 512-byte sectors, 1 sector/cluster, 32 reserved, 2 FATs x 516 sectors, root cluster 2
FAT: directory tree:
  EFI/
    BOOT/
      BOOTAA64.EFI  (169472 bytes)
  KERNEL.BIN  (8616144 bytes)
make-image: done.
Building for production...
[2 / 6] VFWire
[4 / 7] VFWire
[7 / 10] VMRunner-product
/Users/tbuddy/t3/zig/dos-fb-games/host/vm-runner/Sources/VMRunner/main.swift:1650:79: [1;33mwarning: [1;39m'activateIgnoringOtherApps' was deprecated in macOS 14.0: ignoringOtherApps is deprecated in macOS 14 and will have no effect.[0;0m [#]8;;https://docs.swift.org/compiler/documentation/diagnostics/deprecated-declaration\DeprecatedDeclaration]8;;\]
[0;36m1648 |[0;0m         NSApp.activate(ignoringOtherApps: true)
[0;36m1649 |[0;0m         NSApp.activate()
[0;36m1650 |[0;0m         NSRunningApplication.current.activate(options: [.activateAllWindows, .activateIgnoringOtherApps])
     [0;36m|[0;0m                                                                               `- [1;33mwarning: [1;39m'activateIgnoringOtherApps' was deprecated in macOS 14.0: ignoringOtherApps is deprecated in macOS 14 and will have no effect.[0;0m [#]8;;https://docs.swift.org/compiler/documentation/diagnostics/deprecated-declaration\DeprecatedDeclaration]8;;\]
[0;36m1651 |[0;0m         // Re-assert after the run loop has a chance to complete the
[0;36m1652 |[0;0m         // activation (async on macOS), so the first synthesized event

/Users/tbuddy/t3/zig/dos-fb-games/host/vm-runner/Sources/VMRunner/main.swift:1658:83: [1;33mwarning: [1;39m'activateIgnoringOtherApps' was deprecated in macOS 14.0: ignoringOtherApps is deprecated in macOS 14 and will have no effect.[0;0m [#]8;;https://docs.swift.org/compiler/documentation/diagnostics/deprecated-declaration\DeprecatedDeclaration]8;;\]
[0;36m1656 |[0;0m             NSApp.activate(ignoringOtherApps: true)
[0;36m1657 |[0;0m             NSApp.activate()
[0;36m1658 |[0;0m             NSRunningApplication.current.activate(options: [.activateAllWindows, .activateIgnoringOtherApps])
     [0;36m|[0;0m                                                                                   `- [1;33mwarning: [1;39m'activateIgnoringOtherApps' was deprecated in macOS 14.0: ignoringOtherApps is deprecated in macOS 14 and will have no effect.[0;0m [#]8;;https://docs.swift.org/compiler/documentation/diagnostics/deprecated-declaration\DeprecatedDeclaration]8;;\]
[0;36m1659 |[0;0m             pmo("diag key-after-activate=\(window.isKeyWindow) main=\(window.isMainWindow) active=\(NSApp.isActive) visible=\(window.isVisible) onscreen=\(window.isOnActiveSpace)")
[0;36m1660 |[0;0m         }

/Users/tbuddy/t3/zig/dos-fb-games/host/vm-runner/Sources/VMRunner/main.swift:2215:6: [1;33mwarning: [1;39mconcurrently-executed global function 'requestTeeStop()' must be marked as '@Sendable'; this is an error in the Swift 6 language mode[0;0m
[0;36m2213 |[0;0m var teeStopRequested = false
[0;36m2214 |[0;0m 
[0;36m2215 |[0;0m func requestTeeStop() {
     [0;36m|[0;0m      `- [1;33mwarning: [1;39mconcurrently-executed global function 'requestTeeStop()' must be marked as '@Sendable'; this is an error in the Swift 6 language mode[0;0m
[0;36m2216 |[0;0m     teeStopLock.lock()
[0;36m2217 |[0;0m     teeStopRequested = true

/Users/tbuddy/t3/zig/dos-fb-games/host/vm-runner/Sources/VMRunner/main.swift:5227:22: [1;33mwarning: [1;39mno calls to throwing functions occur within 'try' expression[0;0m [#]8;;https://docs.swift.org/compiler/documentation/diagnostics/unnecessary-effect-marker\UnnecessaryEffectMarker]8;;\]
[0;36m5225 |[0;0m             // injected newlines, so the capture stays byte-faithful.
[0;36m5226 |[0;0m             if let h = cvcConsoleFileHandle {
[0;36m5227 |[0;0m                 do { try h.write(Data(bytes)) } catch {
     [0;36m|[0;0m                      `- [1;33mwarning: [1;39mno calls to throwing functions occur within 'try' expression[0;0m [#]8;;https://docs.swift.org/compiler/documentation/diagnostics/unnecessary-effect-marker\UnnecessaryEffectMarker]8;;\]
[0;36m5228 |[0;0m                     print("CUSTOM-VIRTIO-CONSOLE: file write FAILED: \(error)")
[0;36m5229 |[0;0m                 }

/Users/tbuddy/t3/zig/dos-fb-games/host/vm-runner/Sources/VMRunner/main.swift:5227:49: [1;33mwarning: [1;39m'catch' block is unreachable because no errors are thrown in 'do' block[0;0m
[0;36m5225 |[0;0m             // injected newlines, so the capture stays byte-faithful.
[0;36m5226 |[0;0m             if let h = cvcConsoleFileHandle {
[0;36m5227 |[0;0m                 do { try h.write(Data(bytes)) } catch {
     [0;36m|[0;0m                                                 `- [1;33mwarning: [1;39m'catch' block is unreachable because no errors are thrown in 'do' block[0;0m
[0;36m5228 |[0;0m                     print("CUSTOM-VIRTIO-CONSOLE: file write FAILED: \(error)")
[0;36m5229 |[0;0m                 }

[#DeprecatedDeclaration]: <https://docs.swift.org/compiler/documentation/diagnostics/deprecated-declaration>
[#UnnecessaryEffectMarker]: <https://docs.swift.org/compiler/documentation/diagnostics/unnecessary-effect-marker>
[8 / 11] VMRunner-product
[10 / 11] VMRunner-product
[11 / 11] VMRunner-product
Build complete! (8.83 sec)
host/vm-runner/.build/release/VMRunner: replacing existing signature
gate-run: share armed (empty) at /var/folders/p_/h710w89x7b16x249r_061lkw0000gn/T//virelai-live-procs-syscall.OwM4Fp/share
mkhello-elf: wrote /var/folders/p_/h710w89x7b16x249r_061lkw0000gn/T//virelai-live-procs-syscall.OwM4Fp/share/HELLO.ELF (142 bytes; entry=0x400000 filesz=58)
mkhello-elf: wrote /var/folders/p_/h710w89x7b16x249r_061lkw0000gn/T//virelai-live-procs-syscall.OwM4Fp/share/CRASH.ELF (332 bytes; BRK inside 'crasher' at +4 -> tombstone note '(in crasher+0x4)')
Generated /var/folders/p_/h710w89x7b16x249r_061lkw0000gn/T//virelai-live-procs-syscall.OwM4Fp/share/LIBUI.SO (1240 bytes)
Generated /var/folders/p_/h710w89x7b16x249r_061lkw0000gn/T//virelai-live-procs-syscall.OwM4Fp/share/LIBFONT.SO (456 bytes)
Generated /var/folders/p_/h710w89x7b16x249r_061lkw0000gn/T//virelai-live-procs-syscall.OwM4Fp/share/PLUGIN.SO (480 bytes)
Generated /var/folders/p_/h710w89x7b16x249r_061lkw0000gn/T//virelai-live-procs-syscall.OwM4Fp/share/DYNAPP.ELF (8192 bytes)
Generated /var/folders/p_/h710w89x7b16x249r_061lkw0000gn/T//virelai-live-procs-syscall.OwM4Fp/share/CALC.ELF (8192 bytes)
Generated /var/folders/p_/h710w89x7b16x249r_061lkw0000gn/T//virelai-live-procs-syscall.OwM4Fp/share/NOTEPAD.ELF (8192 bytes)
Generated /var/folders/p_/h710w89x7b16x249r_061lkw0000gn/T//virelai-live-procs-syscall.OwM4Fp/share/FILE.ELF (8192 bytes)
Generated /var/folders/p_/h710w89x7b16x249r_061lkw0000gn/T//virelai-live-procs-syscall.OwM4Fp/share/DESKTOP.ELF (8192 bytes)
gate-run: share seeded at /var/folders/p_/h710w89x7b16x249r_061lkw0000gn/T//virelai-live-procs-syscall.OwM4Fp/share (90 files, 23 APPS.TXT entries)
run dir: /var/folders/p_/h710w89x7b16x249r_061lkw0000gn/T//virelai-live-procs-syscall.OwM4Fp

=== live-procs-syscall run 01 ===
01: runner-rc=0
  serial-exact [VirelaiOS kernel has seized control.]=1 (want 1) ok=1
  serial-count [PEER.BIN]=59 (min 2) ok=1
  serial-count [exec: loaded PEER.BIN size=]=1 (min 1) ok=1
  serial-count [exec: loaded COUNTER.BIN size=]=1 (min 1) ok=1
  serial-exact [rx-procs-syscall-ok]=1 (want 1) ok=1
  serial-exact [rx-procs-syscall-ok2]=1 (want 1) ok=1
  serial-absent [[EXC] parking:] ok=1
procs-syscall snapshot + flow ok
  python [01] PASS
01: PASS

=== result ===
vgate live-procs-syscall: PASS (1/1 runs)
--- [6/13] PASS live-procs-syscall (73s)

--- [7/13] spec live-roadpops
=== vgate live-roadpops: claim 1574 (milestone six, card G3) class-B ===
spec: /Users/tbuddy/t3/zig/dos-fb-games/tools/gate/specs/live-roadpops.spec
revision: c7290e65db8437890d0051c79bf8daccbc159446 branch=agent/buffy/gf6-closeout dirty-files=4
elf2bin: ./.zig-cache/o/e0e1cd8a19e2abf771d66c715d79a9f7/user-winclose -> /Users/tbuddy/t3/zig/dos-fb-games/.zig-cache/o/43b9cd0e5f216903ad80e496d195f858/WINCLOSE.BIN: entry_offset=0x18 image_size=261 (content 237 bytes from 1 PT_LOAD segment(s))
elf2bin: ./.zig-cache/o/e7f32f89ec31d13c1248792acc0490db/user-peer -> /Users/tbuddy/t3/zig/dos-fb-games/.zig-cache/o/8b62ff4016555b66312c926d4598e0f4/PEER.BIN: entry_offset=0x18 image_size=623 (content 599 bytes from 1 PT_LOAD segment(s))
elf2bin: ./.zig-cache/o/c48f9ec4b46f8266eb339f5434fcf272/user-smp1 -> /Users/tbuddy/t3/zig/dos-fb-games/.zig-cache/o/4d122d39e03480e81842e2610545cb2f/SMP1.BIN: entry_offset=0x18 image_size=159 (content 135 bytes from 1 PT_LOAD segment(s))
elf2bin: ./.zig-cache/o/556ce42323e0e9cefb5c628f4e5c3ebb/user-status43 -> /Users/tbuddy/t3/zig/dos-fb-games/.zig-cache/o/267bf2f20edc02690e0d732f1e9ca666/STATUS43.BIN: entry_offset=0x18 image_size=134 (content 110 bytes from 1 PT_LOAD segment(s))
elf2bin: ./.zig-cache/o/f9b823878a7128e82af4b70b1e75d989/user-disas -> /Users/tbuddy/t3/zig/dos-fb-games/.zig-cache/o/4a3d6a91135a00218640528176c7c490/DISAS.BIN: entry_offset=0x18 image_size=6496 (content 6472 bytes from 2 PT_LOAD segment(s))
elf2bin: ./.zig-cache/o/4e79477318f85a42f825b306ecf54b93/user-top -> /Users/tbuddy/t3/zig/dos-fb-games/.zig-cache/o/587bca890e385b8619d533af17a7f86b/TOP.BIN: entry_offset=0x30 image_size=28768 text=28672 data=48 (bss tail 81584) from 3 PT_LOAD segment(s)
elf2bin: ./.zig-cache/o/4fab8be63d9586bca03cfa7e13342466/user-sb3-own -> /Users/tbuddy/t3/zig/dos-fb-games/.zig-cache/o/6018417593a1f5f27efb95d3998603d8/SB3OWN.BIN: entry_offset=0x18 image_size=1127 (content 1103 bytes from 2 PT_LOAD segment(s))
elf2bin: ./.zig-cache/o/73161eb172b9eac098940ae9c22f4b23/user-calc -> /Users/tbuddy/t3/zig/dos-fb-games/.zig-cache/o/00e6e0960f2017d557196a204455770f/CALC.BIN: entry_offset=0x30 image_size=82016 text=81920 data=48 (bss tail 81592) from 3 PT_LOAD segment(s)
elf2bin: ./.zig-cache/o/b84f734af113c7bb1cdda926376d52e3/user-sb6wm -> /Users/tbuddy/t3/zig/dos-fb-games/.zig-cache/o/3efa6e5811528fbb4dd21a5970a82afd/SB6WM.BIN: entry_offset=0x18 image_size=2600 (content 2576 bytes from 2 PT_LOAD segment(s))
elf2bin: ./.zig-cache/o/0d41c059f2f1c015a7aa45b8e1aa9878/user-spin -> /Users/tbuddy/t3/zig/dos-fb-games/.zig-cache/o/38d336ac883e609d061b080308b76a07/SPIN.BIN: entry_offset=0x18 image_size=132 (content 108 bytes from 1 PT_LOAD segment(s))
elf2bin: ./.zig-cache/o/f7e326795f85c7d2a1063844673bcfc2/user-jingle -> /Users/tbuddy/t3/zig/dos-fb-games/.zig-cache/o/b28c2791ccd842bb4a360e1fcaaff2e7/JINGLE.BIN: entry_offset=0x18 image_size=8624 (content 8600 bytes from 2 PT_LOAD segment(s))
elf2bin: ./.zig-cache/o/6a135345f0e6e77e2751c8002961558e/user-schedring -> /Users/tbuddy/t3/zig/dos-fb-games/.zig-cache/o/8916b734b7493e0a8502a53d92f0881b/SCHEDRING.BIN: entry_offset=0x18 image_size=213 (content 189 bytes from 1 PT_LOAD segment(s))
elf2bin: ./.zig-cache/o/2fdc5ddbab2a17b93299acad7654c4d9/user-win -> /Users/tbuddy/t3/zig/dos-fb-games/.zig-cache/o/bdbe1e8c0a02b9f492a0a1809bf753d4/WIN.BIN: entry_offset=0x18 image_size=364 (content 340 bytes from 1 PT_LOAD segment(s))
elf2bin: ./.zig-cache/o/1c9b3871740b486870a6be38e30de055/user-file-browser -> /Users/tbuddy/t3/zig/dos-fb-games/.zig-cache/o/c4fb770dc95e9cda8384af9156f9b070/FILE.BIN: entry_offset=0x30 image_size=49248 text=49152 data=48 (bss tail 81584) from 3 PT_LOAD segment(s)
elf2bin: ./.zig-cache/o/b809a146d2e8b5443aaf17bd25e158bb/virelai-kernel -> /Users/tbuddy/t3/zig/dos-fb-games/.zig-cache/o/9bc7e7cb6bc18f9ee1c64d39cf8506d1/KERNEL.BIN: entry_offset=0x18 image_size=8616144 (content 8616120 bytes from 4 PT_LOAD segment(s))
elf2bin: ./.zig-cache/o/4d991fc6ceb842555b01d437637e4c3f/user-tabhold -> /Users/tbuddy/t3/zig/dos-fb-games/.zig-cache/o/3e842c29ecc4e81a89f06f492e2f562c/TABHOLD.BIN: entry_offset=0x18 image_size=2440 (content 2416 bytes from 2 PT_LOAD segment(s))
elf2bin: ./.zig-cache/o/0b2f0d6840d15250050b861b7b684082/user-sb4dam -> /Users/tbuddy/t3/zig/dos-fb-games/.zig-cache/o/a500c5aeda3f042fb457c78c77f8eda2/SB4DAM.BIN: entry_offset=0x18 image_size=434 (content 410 bytes from 2 PT_LOAD segment(s))
elf2bin: ./.zig-cache/o/a12c373c47d29fde98ee075cc48b361e/user-settings -> /Users/tbuddy/t3/zig/dos-fb-games/.zig-cache/o/d29bc684fc7cd848a335419e630bbd57/SETTINGS.BIN: entry_offset=0x30 image_size=20576 text=20480 data=48 (bss tail 81584) from 3 PT_LOAD segment(s)
elf2bin: ./.zig-cache/o/042073e21dd17eca541a19e2f6584202/user-tcp -> /Users/tbuddy/t3/zig/dos-fb-games/.zig-cache/o/9ee55916d4d1a796f79eb78a7599e24b/TCP.BIN: entry_offset=0x18 image_size=267 (content 243 bytes from 1 PT_LOAD segment(s))
elf2bin: ./.zig-cache/o/4da86b50ea8972ea32625ead4e1a938e/user-harden -> /Users/tbuddy/t3/zig/dos-fb-games/.zig-cache/o/ccebc4933c2df8d686cdc3ccd55f937f/HARDEN.BIN: entry_offset=0x18 image_size=714 (content 690 bytes from 2 PT_LOAD segment(s))
elf2bin: ./.zig-cache/o/9922856723bab73614abac5e1b82bd82/user-savetext -> /Users/tbuddy/t3/zig/dos-fb-games/.zig-cache/o/4b145c6d9de9a632ec8a6ef89aa48b82/SAVETEXT.BIN: entry_offset=0x18 image_size=225 (content 201 bytes from 1 PT_LOAD segment(s))
elf2bin: ./.zig-cache/o/80a5899e9d679826081409bdfa621b3a/user-fetch -> /Users/tbuddy/t3/zig/dos-fb-games/.zig-cache/o/47972f54ec3324ef5264a7abab081a51/FETCH.BIN: entry_offset=0x18 image_size=2979 (content 2955 bytes from 2 PT_LOAD segment(s))
elf2bin: ./.zig-cache/o/fb555083c95185f3e4712658636e01f9/user-zc -> /Users/tbuddy/t3/zig/dos-fb-games/.zig-cache/o/1306a2e55905b2dc725e27530f11bb1c/ZC.BIN: entry_offset=0x30 image_size=32816 text=32768 data=0 (bss tail 216184) from 3 PT_LOAD segment(s)
elf2bin: ./.zig-cache/o/6d38d7cfaa9cd8eb9d2cc93d094dac8d/user-sb2-wm -> /Users/tbuddy/t3/zig/dos-fb-games/.zig-cache/o/c9cfe294f333ad46dff65a24ae1564d6/SB2WM.BIN: entry_offset=0x18 image_size=1824 (content 1800 bytes from 2 PT_LOAD segment(s))
elf2bin: ./.zig-cache/o/053bfbccc25440fd5f932768b5005120/user-devcons -> /Users/tbuddy/t3/zig/dos-fb-games/.zig-cache/o/7f0926e7da79cd88f74af92dfbc6085c/DEVCONS.BIN: entry_offset=0x30 image_size=16492 text=16384 data=60 (bss tail 118508) from 3 PT_LOAD segment(s)
elf2bin: ./.zig-cache/o/1bff0a56691760337161b9c5927d4fb4/user-ps -> /Users/tbuddy/t3/zig/dos-fb-games/.zig-cache/o/c1c91dfedf98cd66d000aef322e7cf73/PS.BIN: entry_offset=0x30 image_size=12336 text=12288 data=0 (bss tail 82800) from 3 PT_LOAD segment(s)
elf2bin: ./.zig-cache/o/df528105e38c6b46ab576f2556c6f9a6/user-globals -> /Users/tbuddy/t3/zig/dos-fb-games/.zig-cache/o/2d2857bc19ad6668ae6c1eeba178709c/GLOBALS.BIN: entry_offset=0x30 image_size=28728 text=28672 data=8 (bss tail 4104) from 3 PT_LOAD segment(s)
elf2bin: ./.zig-cache/o/e15a54d957ac40caa6e28f1df7d8377c/user-notepad -> /Users/tbuddy/t3/zig/dos-fb-games/.zig-cache/o/5fa31d5b5e3154684223bd82cc76fe24/NOTEPAD.BIN: entry_offset=0x30 image_size=28768 text=28672 data=48 (bss tail 81584) from 3 PT_LOAD segment(s)
elf2bin: ./.zig-cache/o/de8d8c3c93bd2a587e6f65043098dbd0/user-traceroute -> /Users/tbuddy/t3/zig/dos-fb-games/.zig-cache/o/e92a3534bfa8a517a86db7374172b1b5/TRACEROUTE.BIN: entry_offset=0x18 image_size=2464 (content 2440 bytes from 2 PT_LOAD segment(s))
elf2bin: ./.zig-cache/o/140d7d25e93f00ac91f130c794ea06e1/user-sb3-wm -> /Users/tbuddy/t3/zig/dos-fb-games/.zig-cache/o/b6603ff1ec8a5dad49a7570e26f5c40c/SB3WM.BIN: entry_offset=0x18 image_size=1960 (content 1936 bytes from 2 PT_LOAD segment(s))
elf2bin: ./.zig-cache/o/724156a0002ff11d98cb4dd929024f1f/user-sb5wm -> /Users/tbuddy/t3/zig/dos-fb-games/.zig-cache/o/f023dd2aefa403c5f07acc4a241079ec/SB5WM.BIN: entry_offset=0x18 image_size=2256 (content 2232 bytes from 2 PT_LOAD segment(s))
elf2bin: ./.zig-cache/o/17499a16ea3783890f36dcf457e11b86/user-vmtest -> /Users/tbuddy/t3/zig/dos-fb-games/.zig-cache/o/bfafdb0759b1d2092ad746ae547af134/VMTEST.BIN: entry_offset=0x18 image_size=968 (content 944 bytes from 2 PT_LOAD segment(s))
elf2bin: ./.zig-cache/o/e6d19fcff162f5c5f228b205a2bd555a/user-netstat -> /Users/tbuddy/t3/zig/dos-fb-games/.zig-cache/o/c0975032dfe3fa6582cd64393e29a8ba/NETSTAT.BIN: entry_offset=0x30 image_size=16432 text=16384 data=0 (bss tail 81824) from 3 PT_LOAD segment(s)
elf2bin: ./.zig-cache/o/a29176312a9e71a08ac6240dcb418323/user-udp -> /Users/tbuddy/t3/zig/dos-fb-games/.zig-cache/o/72311f5e06b98dc1988dcbfc9846a731/UDP.BIN: entry_offset=0x18 image_size=605 (content 581 bytes from 1 PT_LOAD segment(s))
elf2bin: ./.zig-cache/o/7d938226a1f4e6200008120332ab1595/user-resmon -> /Users/tbuddy/t3/zig/dos-fb-games/.zig-cache/o/ebdaebbb44c877459004f974020f9a90/RESMON.BIN: entry_offset=0x30 image_size=12336 text=12288 data=0 (bss tail 82800) from 3 PT_LOAD segment(s)
elf2bin: ./.zig-cache/o/f35859df5deb3196d13d9da4fec50819/user-wndstub -> /Users/tbuddy/t3/zig/dos-fb-games/.zig-cache/o/18e38a339213c8b573388c331bd16ca0/WNDSTUB.BIN: entry_offset=0x18 image_size=230 (content 206 bytes from 1 PT_LOAD segment(s))
elf2bin: ./.zig-cache/o/6a94ebd826deb7c0f991f238fa9a6601/user-sb6old -> /Users/tbuddy/t3/zig/dos-fb-games/.zig-cache/o/a37a6c906ca8a0aa8578af500bc1ca5d/SB6OLD.BIN: entry_offset=0x18 image_size=476 (content 452 bytes from 2 PT_LOAD segment(s))
elf2bin: ./.zig-cache/o/096711e19ab7cb0e05a84c5f42d50d0f/user-chat -> /Users/tbuddy/t3/zig/dos-fb-games/.zig-cache/o/9442a0b07c4ead0959dba4ddf0d89041/CHAT.BIN: entry_offset=0x30 image_size=12336 text=12288 data=0 (bss tail 81584) from 3 PT_LOAD segment(s)
elf2bin: ./.zig-cache/o/5a41758f479ca7b33b16a625dd26dcb1/user-wnd -> /Users/tbuddy/t3/zig/dos-fb-games/.zig-cache/o/ec6d07b77749a1dfa7f68c964b609a12/WND.BIN: entry_offset=0x30 image_size=54504 text=53248 data=1208 (bss tail 193864) from 3 PT_LOAD segment(s)
elf2bin: ./.zig-cache/o/6a4db286c57e9b005cdad5342a842d4a/user-wasm -> /Users/tbuddy/t3/zig/dos-fb-games/.zig-cache/o/760af3cd41b141aa5dec2523907de1a3/WASM.BIN: entry_offset=0x30 image_size=63456 text=32768 data=30640 (bss tail 152728) from 3 PT_LOAD segment(s)
elf2bin: ./.zig-cache/o/92702c4672e7242dcd48600ca216a27b/user-m21demo -> /Users/tbuddy/t3/zig/dos-fb-games/.zig-cache/o/8e69bb42bc6f19ceb1eaad9ce2ec26fd/M21DEMO.BIN: entry_offset=0x18 image_size=593 (content 569 bytes from 1 PT_LOAD segment(s))
elf2bin: ./.zig-cache/o/6dd7f345443e036b434c153a0caea26f/user-download -> /Users/tbuddy/t3/zig/dos-fb-games/.zig-cache/o/452229232d5f746142344b708975b7e8/DOWNLOAD.BIN: entry_offset=0x18 image_size=3255 (content 3231 bytes from 2 PT_LOAD segment(s))
elf2bin: ./.zig-cache/o/4190ef1c6173636fe5715488aff00bbe/user-view -> /Users/tbuddy/t3/zig/dos-fb-games/.zig-cache/o/853118821b4c40e157619e51b881f1dc/VIEW.BIN: entry_offset=0x30 image_size=28904 text=28672 data=184 (bss tail 89880) from 3 PT_LOAD segment(s)
elf2bin: ./.zig-cache/o/dd1c0158e028dc5963b7135799d1d931/user-keytest -> /Users/tbuddy/t3/zig/dos-fb-games/.zig-cache/o/1fed85cdbbc0610981755e4c2e795e7e/KEYTEST.BIN: entry_offset=0x18 image_size=645 (content 621 bytes from 1 PT_LOAD segment(s))
elf2bin: ./.zig-cache/o/512a39fa7ace8c25ef857d8dd143f7b1/user-desktop -> /Users/tbuddy/t3/zig/dos-fb-games/.zig-cache/o/d288c47856dff974bbfd29e7c7332b60/DESKTOP.BIN: entry_offset=0x30 image_size=20528 text=20480 data=0 (bss tail 81584) from 3 PT_LOAD segment(s)
elf2bin: ./.zig-cache/o/34a3890754ca6f0d7cfdefbaa5001b65/user-dir -> /Users/tbuddy/t3/zig/dos-fb-games/.zig-cache/o/61f5b80a9ee67dba7481086ac36cfc15/DIR.BIN: entry_offset=0x18 image_size=248 (content 224 bytes from 1 PT_LOAD segment(s))
elf2bin: ./.zig-cache/o/0c4f24165d937a6e89642938a95a01e9/user-type -> /Users/tbuddy/t3/zig/dos-fb-games/.zig-cache/o/7a445aad4e3d67217215d69661cec034/TYPE.BIN: entry_offset=0x18 image_size=232 (content 208 bytes from 1 PT_LOAD segment(s))
elf2bin: ./.zig-cache/o/deea6614f589cdf7ce1d638ba1ecf44c/user-edit -> /Users/tbuddy/t3/zig/dos-fb-games/.zig-cache/o/8af60b505e564dc8e3508ea83adf1c2c/EDIT.BIN: entry_offset=0x30 image_size=246160 text=49152 data=196960 (bss tail 115880) from 3 PT_LOAD segment(s)
elf2bin: ./.zig-cache/o/6f46a2be4c0997be9d20e2d1590c8558/user-sb2-own -> /Users/tbuddy/t3/zig/dos-fb-games/.zig-cache/o/ec3b97240afd2436deb3f8f4c75c2a34/SB2OWN.BIN: entry_offset=0x18 image_size=979 (content 955 bytes from 2 PT_LOAD segment(s))
elf2bin: ./.zig-cache/o/e402cba64be88cb9a1e0a757085c8070/user-httpd -> /Users/tbuddy/t3/zig/dos-fb-games/.zig-cache/o/e67e12ce905ee624c14c07cf5a4d4c67/HTTPD.BIN: entry_offset=0x18 image_size=15305 (content 15281 bytes from 2 PT_LOAD segment(s))
elf2bin: ./.zig-cache/o/3411c6b2d9ee965c3e128c2091e718b7/user-hardening-victim -> /Users/tbuddy/t3/zig/dos-fb-games/.zig-cache/o/e652ac633d7ee71dbdc4b6c5be2f0c09/VICTIM.BIN: entry_offset=0x30 image_size=4144 text=4096 data=0 (bss tail 1112) from 3 PT_LOAD segment(s)
elf2bin: ./.zig-cache/o/9dd5fb2be4029e8926a3b4f263f481b8/user-ping -> /Users/tbuddy/t3/zig/dos-fb-games/.zig-cache/o/9babd50e05d7b294331a392e5174edff/PING.BIN: entry_offset=0x18 image_size=5670 (content 5646 bytes from 2 PT_LOAD segment(s))
elf2bin: ./.zig-cache/o/5cf2f4b644664ab6352c68c7dccbc8b7/user-dns -> /Users/tbuddy/t3/zig/dos-fb-games/.zig-cache/o/76d254dc367d45524f01eb01df7bfe5d/DNS.BIN: entry_offset=0x18 image_size=4711 (content 4687 bytes from 2 PT_LOAD segment(s))
elf2bin: ./.zig-cache/o/e90a2a1675d70e45ba5ad1a3c99a019c/user-netprof -> /Users/tbuddy/t3/zig/dos-fb-games/.zig-cache/o/5f327fb4148f79ba43b3d0e14dfa14f7/NETPROF.BIN: entry_offset=0x18 image_size=4345 (content 4321 bytes from 2 PT_LOAD segment(s))
elf2bin: ./.zig-cache/o/023a62e9025c79d2e828a4c87261546e/user-sexiburg -> /Users/tbuddy/t3/zig/dos-fb-games/.zig-cache/o/a700a449ddb0c6a40eeec24944106767/SEXIBURG.BIN: entry_offset=0x30 image_size=45104 text=45056 data=0 (bss tail 109392) from 3 PT_LOAD segment(s)
elf2bin: ./.zig-cache/o/b955832e5b609b0a56ee0a1286359d6f/user-smpst-file -> /Users/tbuddy/t3/zig/dos-fb-games/.zig-cache/o/8840d6f429e9801dc57be08c2175167c/SMPFILE.BIN: entry_offset=0x30 image_size=4144 text=4096 data=0 (bss tail 4) from 3 PT_LOAD segment(s)
elf2bin: ./.zig-cache/o/ade01e621747395a80467fdec294bb7d/user-winloop -> /Users/tbuddy/t3/zig/dos-fb-games/.zig-cache/o/fe803f9360afd6e6a5c7d792d8a56a7b/WINLOOP.BIN: entry_offset=0x18 image_size=417 (content 393 bytes from 1 PT_LOAD segment(s))
elf2bin: ./.zig-cache/o/a91817d5a8333fe8a84335dfd1ab7698/user-hello -> /Users/tbuddy/t3/zig/dos-fb-games/.zig-cache/o/acbc519b08891d0ceb025c3cae3853fb/USER.BIN: entry_offset=0x18 image_size=393 (content 369 bytes from 1 PT_LOAD segment(s))
elf2bin: ./.zig-cache/o/5a55f9d85a61c8d87367f6a4676aab9a/user-guard -> /Users/tbuddy/t3/zig/dos-fb-games/.zig-cache/o/f1219d8f43d1467252fc886154bbe781/GUARD.BIN: entry_offset=0x18 image_size=88 (content 64 bytes from 1 PT_LOAD segment(s))
elf2bin: ./.zig-cache/o/b53bb19abab1a800b3343c98e3c6edac/user-wmrpc -> /Users/tbuddy/t3/zig/dos-fb-games/.zig-cache/o/5fa271ba159990cef04e4c6885c110ea/WMRPC.BIN: entry_offset=0x18 image_size=4366 (content 4342 bytes from 2 PT_LOAD segment(s))
elf2bin: ./.zig-cache/o/5470e69848f0e5ad7e819a51c8b8c917/user-counter -> /Users/tbuddy/t3/zig/dos-fb-games/.zig-cache/o/1dd2f87a2f22b9186ee59932de7d732b/COUNTER.BIN: entry_offset=0x18 image_size=940 (content 916 bytes from 1 PT_LOAD segment(s))
elf2bin: ./.zig-cache/o/e0c0c4214efe4ec549f7f0383fc738c2/user-sb6new -> /Users/tbuddy/t3/zig/dos-fb-games/.zig-cache/o/12de2bcad574fd990422991d1b803d76/SB6NEW.BIN: entry_offset=0x18 image_size=1273 (content 1249 bytes from 2 PT_LOAD segment(s))
elf2bin: ./.zig-cache/o/c72fd955efc6a07573aacb13b8e21339/user-chime -> /Users/tbuddy/t3/zig/dos-fb-games/.zig-cache/o/4fc4c599b096adb8b09911d79b0c5791/CHIME.BIN: entry_offset=0x18 image_size=8688 (content 8664 bytes from 2 PT_LOAD segment(s))
elf2bin: ./.zig-cache/o/1a99dd4708037a7b6b1acab947bdd401/user-tabwm -> /Users/tbuddy/t3/zig/dos-fb-games/.zig-cache/o/384a7b55b34dc85b9af26c372a1af837/TABWM.BIN: entry_offset=0x30 image_size=28772 text=28672 data=52 (bss tail 88484) from 3 PT_LOAD segment(s)
elf2bin: ./.zig-cache/o/e2de6e54d62f6b6f2139792b6221f74c/user-timertest -> /Users/tbuddy/t3/zig/dos-fb-games/.zig-cache/o/8ac200506b8113ea24eaccaed9417751/TIMER.BIN: entry_offset=0x18 image_size=1129 (content 1105 bytes from 2 PT_LOAD segment(s))
elf2bin: ./.zig-cache/o/af91bb5d2336fa9598296fe7e2c29959/user-winmove -> /Users/tbuddy/t3/zig/dos-fb-games/.zig-cache/o/6bec406e3c6e3b42bc528bc385d67e8f/WINMOVE.BIN: entry_offset=0x18 image_size=1340 (content 1316 bytes from 1 PT_LOAD segment(s))
elf2bin: ./.zig-cache/o/f953992d496ebc0c1084e7cb0f1e9ff9/user-sysmon -> /Users/tbuddy/t3/zig/dos-fb-games/.zig-cache/o/aeb2ad93d8f16c8f6fc842116c37a98c/SYSMON.BIN: entry_offset=0x30 image_size=20576 text=20480 data=48 (bss tail 81584) from 3 PT_LOAD segment(s)
elf2bin: ./.zig-cache/o/c181519619fd6cdf3e9b8e9cab68b6da/user-smpst-win -> /Users/tbuddy/t3/zig/dos-fb-games/.zig-cache/o/27ddfbea3880345354fd046b184b398c/SMPWIN.BIN: entry_offset=0x30 image_size=4144 text=4096 data=0 (bss tail 4) from 3 PT_LOAD segment(s)
elf2bin: ./.zig-cache/o/cae78eb9ad8bb5496318e3cd659f977d/user-smpst-ev -> /Users/tbuddy/t3/zig/dos-fb-games/.zig-cache/o/da63ddb5db09284d520214baa071d15f/SMPEV.BIN: entry_offset=0x30 image_size=4144 text=4096 data=0 (bss tail 4) from 3 PT_LOAD segment(s)
elf2bin: ./.zig-cache/o/b6b48db40e50336d0f88382acc7971cb/user-sexitest -> /Users/tbuddy/t3/zig/dos-fb-games/.zig-cache/o/447c9cf3ce4e0ecaa0542fa790e045fa/SEXITEST.BIN: entry_offset=0x18 image_size=3088 (content 3064 bytes from 2 PT_LOAD segment(s))
elf2bin: ./.zig-cache/o/c70323867e00eff6e08e26661448d640/user-smpst-net -> /Users/tbuddy/t3/zig/dos-fb-games/.zig-cache/o/a9cfd98dbf1f23f29e07308378cdcf2b/SMPNET.BIN: entry_offset=0x30 image_size=4144 text=4096 data=0 (bss tail 4) from 3 PT_LOAD segment(s)
elf2bin: ./.zig-cache/o/720d6a257d2f690057e894d3c29935df/user-asm -> /Users/tbuddy/t3/zig/dos-fb-games/.zig-cache/o/894c1bb1ceb2f9b3b920e472f0fcea14/ASM.BIN: entry_offset=0x18 image_size=12690 (content 12666 bytes from 2 PT_LOAD segment(s))
elf2bin: ./.zig-cache/o/32f5202d7b1ea6fc518b74ce7195239a/user-sb5own -> /Users/tbuddy/t3/zig/dos-fb-games/.zig-cache/o/a88e7c3c2e421fec7b2f5ddd63f5c490/SB5OWN.BIN: entry_offset=0x18 image_size=1141 (content 1117 bytes from 2 PT_LOAD segment(s))
elf2bin: ./.zig-cache/o/b809a146d2e8b5443aaf17bd25e158bb/virelai-kernel -> /Users/tbuddy/t3/zig/dos-fb-games/.zig-cache/o/9bc7e7cb6bc18f9ee1c64d39cf8506d1/KERNEL.BIN: entry_offset=0x18 image_size=8616144 (content 8616120 bytes from 4 PT_LOAD segment(s))
make-image: building FAT32+GPT boot image 'artifacts/disk.img' (0 MiB)...
mkfat32: wrote artifacts/disk.img.tmp (169472 EFI + 8616144 kernel bytes)
make-image: verifying image contents...
size: 35364864 bytes (69072 sectors)
LBA0: MBR present
GPT: valid signature, header crc32=0xde33e5c4
GPT: ESP partition at LBA 2048, 67024 sectors
FAT: boot sig ok, label='VIRELAIOS', 512-byte sectors, 1 sector/cluster, 32 reserved, 2 FATs x 516 sectors, root cluster 2
FAT: directory tree:
  EFI/
    BOOT/
      BOOTAA64.EFI  (169472 bytes)
  KERNEL.BIN  (8616144 bytes)
make-image: done.
Building for production...
[Starting]
[2 / 6] VFWire
[4 / 7] VFWire
[7 / 10] VMRunner-product
/Users/tbuddy/t3/zig/dos-fb-games/host/vm-runner/Sources/VMRunner/main.swift:1650:79: [1;33mwarning: [1;39m'activateIgnoringOtherApps' was deprecated in macOS 14.0: ignoringOtherApps is deprecated in macOS 14 and will have no effect.[0;0m [#]8;;https://docs.swift.org/compiler/documentation/diagnostics/deprecated-declaration\DeprecatedDeclaration]8;;\]
[0;36m1648 |[0;0m         NSApp.activate(ignoringOtherApps: true)
[0;36m1649 |[0;0m         NSApp.activate()
[0;36m1650 |[0;0m         NSRunningApplication.current.activate(options: [.activateAllWindows, .activateIgnoringOtherApps])
     [0;36m|[0;0m                                                                               `- [1;33mwarning: [1;39m'activateIgnoringOtherApps' was deprecated in macOS 14.0: ignoringOtherApps is deprecated in macOS 14 and will have no effect.[0;0m [#]8;;https://docs.swift.org/compiler/documentation/diagnostics/deprecated-declaration\DeprecatedDeclaration]8;;\]
[0;36m1651 |[0;0m         // Re-assert after the run loop has a chance to complete the
[0;36m1652 |[0;0m         // activation (async on macOS), so the first synthesized event

/Users/tbuddy/t3/zig/dos-fb-games/host/vm-runner/Sources/VMRunner/main.swift:1658:83: [1;33mwarning: [1;39m'activateIgnoringOtherApps' was deprecated in macOS 14.0: ignoringOtherApps is deprecated in macOS 14 and will have no effect.[0;0m [#]8;;https://docs.swift.org/compiler/documentation/diagnostics/deprecated-declaration\DeprecatedDeclaration]8;;\]
[0;36m1656 |[0;0m             NSApp.activate(ignoringOtherApps: true)
[0;36m1657 |[0;0m             NSApp.activate()
[0;36m1658 |[0;0m             NSRunningApplication.current.activate(options: [.activateAllWindows, .activateIgnoringOtherApps])
     [0;36m|[0;0m                                                                                   `- [1;33mwarning: [1;39m'activateIgnoringOtherApps' was deprecated in macOS 14.0: ignoringOtherApps is deprecated in macOS 14 and will have no effect.[0;0m [#]8;;https://docs.swift.org/compiler/documentation/diagnostics/deprecated-declaration\DeprecatedDeclaration]8;;\]
[0;36m1659 |[0;0m             pmo("diag key-after-activate=\(window.isKeyWindow) main=\(window.isMainWindow) active=\(NSApp.isActive) visible=\(window.isVisible) onscreen=\(window.isOnActiveSpace)")
[0;36m1660 |[0;0m         }

/Users/tbuddy/t3/zig/dos-fb-games/host/vm-runner/Sources/VMRunner/main.swift:2215:6: [1;33mwarning: [1;39mconcurrently-executed global function 'requestTeeStop()' must be marked as '@Sendable'; this is an error in the Swift 6 language mode[0;0m
[0;36m2213 |[0;0m var teeStopRequested = false
[0;36m2214 |[0;0m 
[0;36m2215 |[0;0m func requestTeeStop() {
     [0;36m|[0;0m      `- [1;33mwarning: [1;39mconcurrently-executed global function 'requestTeeStop()' must be marked as '@Sendable'; this is an error in the Swift 6 language mode[0;0m
[0;36m2216 |[0;0m     teeStopLock.lock()
[0;36m2217 |[0;0m     teeStopRequested = true

[#DeprecatedDeclaration]: <https://docs.swift.org/compiler/documentation/diagnostics/deprecated-declaration>
[8 / 11] VMRunner-product
[10 / 11] VMRunner-product
[11 / 11] VMRunner-product
Build complete! (9.92 sec)
host/vm-runner/.build/release/VMRunner: replacing existing signature
run dir: /var/folders/p_/h710w89x7b16x249r_061lkw0000gn/T//virelai-live-roadpops.p0RXR7

=== live-roadpops run 01 ===
01: runner-rc=0
  output-contains [roadpops: armed target=fbtext]=1
  output-contains [capture path: ScreenCaptureKit]=1
no cacheDisplay fallback — every capture is the composited SCK window
  python [01] PASS
  output-contains [roadpops: armed target=fbtext]=1
  output-contains [text: boot banner presented]=1
  output-contains [roadpops: armed=]=1
  output-contains [VirelaiOS - AArch64 firmware-assisted kernel monitor]=1
  output-contains [ROADPOPS]=1
  output-contains [VirelaiOS aarch64]=1
  serial-absent [[EXC] parking:] ok=1
banner region: sampled=3072 fg=384 (0.125) bg=2599 (0.846)
terminal region: sampled=5120 fg=631 (0.123) bg=4322 (0.844)
lower region: sampled=1536 bg=1399 (0.911)
PASS: the captured frame is a working terminal — banner AND live session glyphs over the dark background
  snapshot [gpu-screen-*] PASS (gpu-screen-15s)
01: PASS

=== result ===
vgate live-roadpops: PASS (1/1 runs)
--- [7/13] PASS live-roadpops (53s)

--- [8/13] spec live-sb4-damage-tracking
=== vgate live-sb4-damage-tracking: M33 SB4: rect-granular damage tracking on VZ ===
spec: /Users/tbuddy/t3/zig/dos-fb-games/tools/gate/specs/live-sb4-damage-tracking.spec
revision: c7290e65db8437890d0051c79bf8daccbc159446 branch=agent/buffy/gf6-closeout dirty-files=4
elf2bin: ./.zig-cache/o/6a4db286c57e9b005cdad5342a842d4a/user-wasm -> /Users/tbuddy/t3/zig/dos-fb-games/.zig-cache/o/760af3cd41b141aa5dec2523907de1a3/WASM.BIN: entry_offset=0x30 image_size=63456 text=32768 data=30640 (bss tail 152728) from 3 PT_LOAD segment(s)
elf2bin: ./.zig-cache/o/e6d19fcff162f5c5f228b205a2bd555a/user-netstat -> /Users/tbuddy/t3/zig/dos-fb-games/.zig-cache/o/c0975032dfe3fa6582cd64393e29a8ba/NETSTAT.BIN: entry_offset=0x30 image_size=16432 text=16384 data=0 (bss tail 81824) from 3 PT_LOAD segment(s)
elf2bin: ./.zig-cache/o/0b2f0d6840d15250050b861b7b684082/user-sb4dam -> /Users/tbuddy/t3/zig/dos-fb-games/.zig-cache/o/a500c5aeda3f042fb457c78c77f8eda2/SB4DAM.BIN: entry_offset=0x18 image_size=434 (content 410 bytes from 2 PT_LOAD segment(s))
elf2bin: ./.zig-cache/o/17499a16ea3783890f36dcf457e11b86/user-vmtest -> /Users/tbuddy/t3/zig/dos-fb-games/.zig-cache/o/bfafdb0759b1d2092ad746ae547af134/VMTEST.BIN: entry_offset=0x18 image_size=968 (content 944 bytes from 2 PT_LOAD segment(s))
elf2bin: ./.zig-cache/o/b53bb19abab1a800b3343c98e3c6edac/user-wmrpc -> /Users/tbuddy/t3/zig/dos-fb-games/.zig-cache/o/5fa271ba159990cef04e4c6885c110ea/WMRPC.BIN: entry_offset=0x18 image_size=4366 (content 4342 bytes from 2 PT_LOAD segment(s))
elf2bin: ./.zig-cache/o/4e79477318f85a42f825b306ecf54b93/user-top -> /Users/tbuddy/t3/zig/dos-fb-games/.zig-cache/o/587bca890e385b8619d533af17a7f86b/TOP.BIN: entry_offset=0x30 image_size=28768 text=28672 data=48 (bss tail 81584) from 3 PT_LOAD segment(s)
elf2bin: ./.zig-cache/o/b955832e5b609b0a56ee0a1286359d6f/user-smpst-file -> /Users/tbuddy/t3/zig/dos-fb-games/.zig-cache/o/8840d6f429e9801dc57be08c2175167c/SMPFILE.BIN: entry_offset=0x30 image_size=4144 text=4096 data=0 (bss tail 4) from 3 PT_LOAD segment(s)
elf2bin: ./.zig-cache/o/556ce42323e0e9cefb5c628f4e5c3ebb/user-status43 -> /Users/tbuddy/t3/zig/dos-fb-games/.zig-cache/o/267bf2f20edc02690e0d732f1e9ca666/STATUS43.BIN: entry_offset=0x18 image_size=134 (content 110 bytes from 1 PT_LOAD segment(s))
elf2bin: ./.zig-cache/o/f9b823878a7128e82af4b70b1e75d989/user-disas -> /Users/tbuddy/t3/zig/dos-fb-games/.zig-cache/o/4a3d6a91135a00218640528176c7c490/DISAS.BIN: entry_offset=0x18 image_size=6496 (content 6472 bytes from 2 PT_LOAD segment(s))
elf2bin: ./.zig-cache/o/de8d8c3c93bd2a587e6f65043098dbd0/user-traceroute -> /Users/tbuddy/t3/zig/dos-fb-games/.zig-cache/o/e92a3534bfa8a517a86db7374172b1b5/TRACEROUTE.BIN: entry_offset=0x18 image_size=2464 (content 2440 bytes from 2 PT_LOAD segment(s))
elf2bin: ./.zig-cache/o/1c9b3871740b486870a6be38e30de055/user-file-browser -> /Users/tbuddy/t3/zig/dos-fb-games/.zig-cache/o/c4fb770dc95e9cda8384af9156f9b070/FILE.BIN: entry_offset=0x30 image_size=49248 text=49152 data=48 (bss tail 81584) from 3 PT_LOAD segment(s)
elf2bin: ./.zig-cache/o/6a94ebd826deb7c0f991f238fa9a6601/user-sb6old -> /Users/tbuddy/t3/zig/dos-fb-games/.zig-cache/o/a37a6c906ca8a0aa8578af500bc1ca5d/SB6OLD.BIN: entry_offset=0x18 image_size=476 (content 452 bytes from 2 PT_LOAD segment(s))
elf2bin: ./.zig-cache/o/34a3890754ca6f0d7cfdefbaa5001b65/user-dir -> /Users/tbuddy/t3/zig/dos-fb-games/.zig-cache/o/61f5b80a9ee67dba7481086ac36cfc15/DIR.BIN: entry_offset=0x18 image_size=248 (content 224 bytes from 1 PT_LOAD segment(s))
elf2bin: ./.zig-cache/o/e2de6e54d62f6b6f2139792b6221f74c/user-timertest -> /Users/tbuddy/t3/zig/dos-fb-games/.zig-cache/o/8ac200506b8113ea24eaccaed9417751/TIMER.BIN: entry_offset=0x18 image_size=1129 (content 1105 bytes from 2 PT_LOAD segment(s))
elf2bin: ./.zig-cache/o/af91bb5d2336fa9598296fe7e2c29959/user-winmove -> /Users/tbuddy/t3/zig/dos-fb-games/.zig-cache/o/6bec406e3c6e3b42bc528bc385d67e8f/WINMOVE.BIN: entry_offset=0x18 image_size=1340 (content 1316 bytes from 1 PT_LOAD segment(s))
elf2bin: ./.zig-cache/o/5cf2f4b644664ab6352c68c7dccbc8b7/user-dns -> /Users/tbuddy/t3/zig/dos-fb-games/.zig-cache/o/76d254dc367d45524f01eb01df7bfe5d/DNS.BIN: entry_offset=0x18 image_size=4711 (content 4687 bytes from 2 PT_LOAD segment(s))
elf2bin: ./.zig-cache/o/dd1c0158e028dc5963b7135799d1d931/user-keytest -> /Users/tbuddy/t3/zig/dos-fb-games/.zig-cache/o/1fed85cdbbc0610981755e4c2e795e7e/KEYTEST.BIN: entry_offset=0x18 image_size=645 (content 621 bytes from 1 PT_LOAD segment(s))
elf2bin: ./.zig-cache/o/cae78eb9ad8bb5496318e3cd659f977d/user-smpst-ev -> /Users/tbuddy/t3/zig/dos-fb-games/.zig-cache/o/da63ddb5db09284d520214baa071d15f/SMPEV.BIN: entry_offset=0x30 image_size=4144 text=4096 data=0 (bss tail 4) from 3 PT_LOAD segment(s)
elf2bin: ./.zig-cache/o/4190ef1c6173636fe5715488aff00bbe/user-view -> /Users/tbuddy/t3/zig/dos-fb-games/.zig-cache/o/853118821b4c40e157619e51b881f1dc/VIEW.BIN: entry_offset=0x30 image_size=28904 text=28672 data=184 (bss tail 89880) from 3 PT_LOAD segment(s)
elf2bin: ./.zig-cache/o/e0e1cd8a19e2abf771d66c715d79a9f7/user-winclose -> /Users/tbuddy/t3/zig/dos-fb-games/.zig-cache/o/43b9cd0e5f216903ad80e496d195f858/WINCLOSE.BIN: entry_offset=0x18 image_size=261 (content 237 bytes from 1 PT_LOAD segment(s))
elf2bin: ./.zig-cache/o/32f5202d7b1ea6fc518b74ce7195239a/user-sb5own -> /Users/tbuddy/t3/zig/dos-fb-games/.zig-cache/o/a88e7c3c2e421fec7b2f5ddd63f5c490/SB5OWN.BIN: entry_offset=0x18 image_size=1141 (content 1117 bytes from 2 PT_LOAD segment(s))
elf2bin: ./.zig-cache/o/096711e19ab7cb0e05a84c5f42d50d0f/user-chat -> /Users/tbuddy/t3/zig/dos-fb-games/.zig-cache/o/9442a0b07c4ead0959dba4ddf0d89041/CHAT.BIN: entry_offset=0x30 image_size=12336 text=12288 data=0 (bss tail 81584) from 3 PT_LOAD segment(s)
elf2bin: ./.zig-cache/o/9dd5fb2be4029e8926a3b4f263f481b8/user-ping -> /Users/tbuddy/t3/zig/dos-fb-games/.zig-cache/o/9babd50e05d7b294331a392e5174edff/PING.BIN: entry_offset=0x18 image_size=5670 (content 5646 bytes from 2 PT_LOAD segment(s))
elf2bin: ./.zig-cache/o/e15a54d957ac40caa6e28f1df7d8377c/user-notepad -> /Users/tbuddy/t3/zig/dos-fb-games/.zig-cache/o/5fa31d5b5e3154684223bd82cc76fe24/NOTEPAD.BIN: entry_offset=0x30 image_size=28768 text=28672 data=48 (bss tail 81584) from 3 PT_LOAD segment(s)
elf2bin: ./.zig-cache/o/0c4f24165d937a6e89642938a95a01e9/user-type -> /Users/tbuddy/t3/zig/dos-fb-games/.zig-cache/o/7a445aad4e3d67217215d69661cec034/TYPE.BIN: entry_offset=0x18 image_size=232 (content 208 bytes from 1 PT_LOAD segment(s))
elf2bin: ./.zig-cache/o/e90a2a1675d70e45ba5ad1a3c99a019c/user-netprof -> /Users/tbuddy/t3/zig/dos-fb-games/.zig-cache/o/5f327fb4148f79ba43b3d0e14dfa14f7/NETPROF.BIN: entry_offset=0x18 image_size=4345 (content 4321 bytes from 2 PT_LOAD segment(s))
elf2bin: ./.zig-cache/o/f7e326795f85c7d2a1063844673bcfc2/user-jingle -> /Users/tbuddy/t3/zig/dos-fb-games/.zig-cache/o/b28c2791ccd842bb4a360e1fcaaff2e7/JINGLE.BIN: entry_offset=0x18 image_size=8624 (content 8600 bytes from 2 PT_LOAD segment(s))
elf2bin: ./.zig-cache/o/1a99dd4708037a7b6b1acab947bdd401/user-tabwm -> /Users/tbuddy/t3/zig/dos-fb-games/.zig-cache/o/384a7b55b34dc85b9af26c372a1af837/TABWM.BIN: entry_offset=0x30 image_size=28772 text=28672 data=52 (bss tail 88484) from 3 PT_LOAD segment(s)
elf2bin: ./.zig-cache/o/deea6614f589cdf7ce1d638ba1ecf44c/user-edit -> /Users/tbuddy/t3/zig/dos-fb-games/.zig-cache/o/8af60b505e564dc8e3508ea83adf1c2c/EDIT.BIN: entry_offset=0x30 image_size=246160 text=49152 data=196960 (bss tail 115880) from 3 PT_LOAD segment(s)
elf2bin: ./.zig-cache/o/e7f32f89ec31d13c1248792acc0490db/user-peer -> /Users/tbuddy/t3/zig/dos-fb-games/.zig-cache/o/8b62ff4016555b66312c926d4598e0f4/PEER.BIN: entry_offset=0x18 image_size=623 (content 599 bytes from 1 PT_LOAD segment(s))
elf2bin: ./.zig-cache/o/7d938226a1f4e6200008120332ab1595/user-resmon -> /Users/tbuddy/t3/zig/dos-fb-games/.zig-cache/o/ebdaebbb44c877459004f974020f9a90/RESMON.BIN: entry_offset=0x30 image_size=12336 text=12288 data=0 (bss tail 82800) from 3 PT_LOAD segment(s)
elf2bin: ./.zig-cache/o/c72fd955efc6a07573aacb13b8e21339/user-chime -> /Users/tbuddy/t3/zig/dos-fb-games/.zig-cache/o/4fc4c599b096adb8b09911d79b0c5791/CHIME.BIN: entry_offset=0x18 image_size=8688 (content 8664 bytes from 2 PT_LOAD segment(s))
elf2bin: ./.zig-cache/o/92702c4672e7242dcd48600ca216a27b/user-m21demo -> /Users/tbuddy/t3/zig/dos-fb-games/.zig-cache/o/8e69bb42bc6f19ceb1eaad9ce2ec26fd/M21DEMO.BIN: entry_offset=0x18 image_size=593 (content 569 bytes from 1 PT_LOAD segment(s))
elf2bin: ./.zig-cache/o/6d38d7cfaa9cd8eb9d2cc93d094dac8d/user-sb2-wm -> /Users/tbuddy/t3/zig/dos-fb-games/.zig-cache/o/c9cfe294f333ad46dff65a24ae1564d6/SB2WM.BIN: entry_offset=0x18 image_size=1824 (content 1800 bytes from 2 PT_LOAD segment(s))
elf2bin: ./.zig-cache/o/a91817d5a8333fe8a84335dfd1ab7698/user-hello -> /Users/tbuddy/t3/zig/dos-fb-games/.zig-cache/o/acbc519b08891d0ceb025c3cae3853fb/USER.BIN: entry_offset=0x18 image_size=393 (content 369 bytes from 1 PT_LOAD segment(s))
elf2bin: ./.zig-cache/o/512a39fa7ace8c25ef857d8dd143f7b1/user-desktop -> /Users/tbuddy/t3/zig/dos-fb-games/.zig-cache/o/d288c47856dff974bbfd29e7c7332b60/DESKTOP.BIN: entry_offset=0x30 image_size=20528 text=20480 data=0 (bss tail 81584) from 3 PT_LOAD segment(s)
elf2bin: ./.zig-cache/o/c181519619fd6cdf3e9b8e9cab68b6da/user-smpst-win -> /Users/tbuddy/t3/zig/dos-fb-games/.zig-cache/o/27ddfbea3880345354fd046b184b398c/SMPWIN.BIN: entry_offset=0x30 image_size=4144 text=4096 data=0 (bss tail 4) from 3 PT_LOAD segment(s)
elf2bin: ./.zig-cache/o/724156a0002ff11d98cb4dd929024f1f/user-sb5wm -> /Users/tbuddy/t3/zig/dos-fb-games/.zig-cache/o/f023dd2aefa403c5f07acc4a241079ec/SB5WM.BIN: entry_offset=0x18 image_size=2256 (content 2232 bytes from 2 PT_LOAD segment(s))
elf2bin: ./.zig-cache/o/80a5899e9d679826081409bdfa621b3a/user-fetch -> /Users/tbuddy/t3/zig/dos-fb-games/.zig-cache/o/47972f54ec3324ef5264a7abab081a51/FETCH.BIN: entry_offset=0x18 image_size=2979 (content 2955 bytes from 2 PT_LOAD segment(s))
elf2bin: ./.zig-cache/o/5470e69848f0e5ad7e819a51c8b8c917/user-counter -> /Users/tbuddy/t3/zig/dos-fb-games/.zig-cache/o/1dd2f87a2f22b9186ee59932de7d732b/COUNTER.BIN: entry_offset=0x18 image_size=940 (content 916 bytes from 1 PT_LOAD segment(s))
elf2bin: ./.zig-cache/o/023a62e9025c79d2e828a4c87261546e/user-sexiburg -> /Users/tbuddy/t3/zig/dos-fb-games/.zig-cache/o/a700a449ddb0c6a40eeec24944106767/SEXIBURG.BIN: entry_offset=0x30 image_size=45104 text=45056 data=0 (bss tail 109392) from 3 PT_LOAD segment(s)
elf2bin: ./.zig-cache/o/b6b48db40e50336d0f88382acc7971cb/user-sexitest -> /Users/tbuddy/t3/zig/dos-fb-games/.zig-cache/o/447c9cf3ce4e0ecaa0542fa790e045fa/SEXITEST.BIN: entry_offset=0x18 image_size=3088 (content 3064 bytes from 2 PT_LOAD segment(s))
elf2bin: ./.zig-cache/o/f35859df5deb3196d13d9da4fec50819/user-wndstub -> /Users/tbuddy/t3/zig/dos-fb-games/.zig-cache/o/18e38a339213c8b573388c331bd16ca0/WNDSTUB.BIN: entry_offset=0x18 image_size=230 (content 206 bytes from 1 PT_LOAD segment(s))
elf2bin: ./.zig-cache/o/fb555083c95185f3e4712658636e01f9/user-zc -> /Users/tbuddy/t3/zig/dos-fb-games/.zig-cache/o/1306a2e55905b2dc725e27530f11bb1c/ZC.BIN: entry_offset=0x30 image_size=32816 text=32768 data=0 (bss tail 216184) from 3 PT_LOAD segment(s)
elf2bin: ./.zig-cache/o/73161eb172b9eac098940ae9c22f4b23/user-calc -> /Users/tbuddy/t3/zig/dos-fb-games/.zig-cache/o/00e6e0960f2017d557196a204455770f/CALC.BIN: entry_offset=0x30 image_size=82016 text=81920 data=48 (bss tail 81592) from 3 PT_LOAD segment(s)
elf2bin: ./.zig-cache/o/4fab8be63d9586bca03cfa7e13342466/user-sb3-own -> /Users/tbuddy/t3/zig/dos-fb-games/.zig-cache/o/6018417593a1f5f27efb95d3998603d8/SB3OWN.BIN: entry_offset=0x18 image_size=1127 (content 1103 bytes from 2 PT_LOAD segment(s))
elf2bin: ./.zig-cache/o/1bff0a56691760337161b9c5927d4fb4/user-ps -> /Users/tbuddy/t3/zig/dos-fb-games/.zig-cache/o/c1c91dfedf98cd66d000aef322e7cf73/PS.BIN: entry_offset=0x30 image_size=12336 text=12288 data=0 (bss tail 82800) from 3 PT_LOAD segment(s)
elf2bin: ./.zig-cache/o/c48f9ec4b46f8266eb339f5434fcf272/user-smp1 -> /Users/tbuddy/t3/zig/dos-fb-games/.zig-cache/o/4d122d39e03480e81842e2610545cb2f/SMP1.BIN: entry_offset=0x18 image_size=159 (content 135 bytes from 1 PT_LOAD segment(s))
elf2bin: ./.zig-cache/o/0d41c059f2f1c015a7aa45b8e1aa9878/user-spin -> /Users/tbuddy/t3/zig/dos-fb-games/.zig-cache/o/38d336ac883e609d061b080308b76a07/SPIN.BIN: entry_offset=0x18 image_size=132 (content 108 bytes from 1 PT_LOAD segment(s))
elf2bin: ./.zig-cache/o/ade01e621747395a80467fdec294bb7d/user-winloop -> /Users/tbuddy/t3/zig/dos-fb-games/.zig-cache/o/fe803f9360afd6e6a5c7d792d8a56a7b/WINLOOP.BIN: entry_offset=0x18 image_size=417 (content 393 bytes from 1 PT_LOAD segment(s))
elf2bin: ./.zig-cache/o/6dd7f345443e036b434c153a0caea26f/user-download -> /Users/tbuddy/t3/zig/dos-fb-games/.zig-cache/o/452229232d5f746142344b708975b7e8/DOWNLOAD.BIN: entry_offset=0x18 image_size=3255 (content 3231 bytes from 2 PT_LOAD segment(s))
elf2bin: ./.zig-cache/o/053bfbccc25440fd5f932768b5005120/user-devcons -> /Users/tbuddy/t3/zig/dos-fb-games/.zig-cache/o/7f0926e7da79cd88f74af92dfbc6085c/DEVCONS.BIN: entry_offset=0x30 image_size=16492 text=16384 data=60 (bss tail 118508) from 3 PT_LOAD segment(s)
elf2bin: ./.zig-cache/o/b809a146d2e8b5443aaf17bd25e158bb/virelai-kernel -> /Users/tbuddy/t3/zig/dos-fb-games/.zig-cache/o/9bc7e7cb6bc18f9ee1c64d39cf8506d1/KERNEL.BIN: entry_offset=0x18 image_size=8616144 (content 8616120 bytes from 4 PT_LOAD segment(s))
elf2bin: ./.zig-cache/o/140d7d25e93f00ac91f130c794ea06e1/user-sb3-wm -> /Users/tbuddy/t3/zig/dos-fb-games/.zig-cache/o/b6603ff1ec8a5dad49a7570e26f5c40c/SB3WM.BIN: entry_offset=0x18 image_size=1960 (content 1936 bytes from 2 PT_LOAD segment(s))
elf2bin: ./.zig-cache/o/6a135345f0e6e77e2751c8002961558e/user-schedring -> /Users/tbuddy/t3/zig/dos-fb-games/.zig-cache/o/8916b734b7493e0a8502a53d92f0881b/SCHEDRING.BIN: entry_offset=0x18 image_size=213 (content 189 bytes from 1 PT_LOAD segment(s))
elf2bin: ./.zig-cache/o/3411c6b2d9ee965c3e128c2091e718b7/user-hardening-victim -> /Users/tbuddy/t3/zig/dos-fb-games/.zig-cache/o/e652ac633d7ee71dbdc4b6c5be2f0c09/VICTIM.BIN: entry_offset=0x30 image_size=4144 text=4096 data=0 (bss tail 1112) from 3 PT_LOAD segment(s)
elf2bin: ./.zig-cache/o/c70323867e00eff6e08e26661448d640/user-smpst-net -> /Users/tbuddy/t3/zig/dos-fb-games/.zig-cache/o/a9cfd98dbf1f23f29e07308378cdcf2b/SMPNET.BIN: entry_offset=0x30 image_size=4144 text=4096 data=0 (bss tail 4) from 3 PT_LOAD segment(s)
elf2bin: ./.zig-cache/o/5a55f9d85a61c8d87367f6a4676aab9a/user-guard -> /Users/tbuddy/t3/zig/dos-fb-games/.zig-cache/o/f1219d8f43d1467252fc886154bbe781/GUARD.BIN: entry_offset=0x18 image_size=88 (content 64 bytes from 1 PT_LOAD segment(s))
elf2bin: ./.zig-cache/o/e0c0c4214efe4ec549f7f0383fc738c2/user-sb6new -> /Users/tbuddy/t3/zig/dos-fb-games/.zig-cache/o/12de2bcad574fd990422991d1b803d76/SB6NEW.BIN: entry_offset=0x18 image_size=1273 (content 1249 bytes from 2 PT_LOAD segment(s))
elf2bin: ./.zig-cache/o/5a41758f479ca7b33b16a625dd26dcb1/user-wnd -> /Users/tbuddy/t3/zig/dos-fb-games/.zig-cache/o/ec6d07b77749a1dfa7f68c964b609a12/WND.BIN: entry_offset=0x30 image_size=54504 text=53248 data=1208 (bss tail 193864) from 3 PT_LOAD segment(s)
elf2bin: ./.zig-cache/o/4d991fc6ceb842555b01d437637e4c3f/user-tabhold -> /Users/tbuddy/t3/zig/dos-fb-games/.zig-cache/o/3e842c29ecc4e81a89f06f492e2f562c/TABHOLD.BIN: entry_offset=0x18 image_size=2440 (content 2416 bytes from 2 PT_LOAD segment(s))
elf2bin: ./.zig-cache/o/a29176312a9e71a08ac6240dcb418323/user-udp -> /Users/tbuddy/t3/zig/dos-fb-games/.zig-cache/o/72311f5e06b98dc1988dcbfc9846a731/UDP.BIN: entry_offset=0x18 image_size=605 (content 581 bytes from 1 PT_LOAD segment(s))
elf2bin: ./.zig-cache/o/9922856723bab73614abac5e1b82bd82/user-savetext -> /Users/tbuddy/t3/zig/dos-fb-games/.zig-cache/o/4b145c6d9de9a632ec8a6ef89aa48b82/SAVETEXT.BIN: entry_offset=0x18 image_size=225 (content 201 bytes from 1 PT_LOAD segment(s))
elf2bin: ./.zig-cache/o/a12c373c47d29fde98ee075cc48b361e/user-settings -> /Users/tbuddy/t3/zig/dos-fb-games/.zig-cache/o/d29bc684fc7cd848a335419e630bbd57/SETTINGS.BIN: entry_offset=0x30 image_size=20576 text=20480 data=48 (bss tail 81584) from 3 PT_LOAD segment(s)
elf2bin: ./.zig-cache/o/f953992d496ebc0c1084e7cb0f1e9ff9/user-sysmon -> /Users/tbuddy/t3/zig/dos-fb-games/.zig-cache/o/aeb2ad93d8f16c8f6fc842116c37a98c/SYSMON.BIN: entry_offset=0x30 image_size=20576 text=20480 data=48 (bss tail 81584) from 3 PT_LOAD segment(s)
elf2bin: ./.zig-cache/o/4da86b50ea8972ea32625ead4e1a938e/user-harden -> /Users/tbuddy/t3/zig/dos-fb-games/.zig-cache/o/ccebc4933c2df8d686cdc3ccd55f937f/HARDEN.BIN: entry_offset=0x18 image_size=714 (content 690 bytes from 2 PT_LOAD segment(s))
elf2bin: ./.zig-cache/o/b84f734af113c7bb1cdda926376d52e3/user-sb6wm -> /Users/tbuddy/t3/zig/dos-fb-games/.zig-cache/o/3efa6e5811528fbb4dd21a5970a82afd/SB6WM.BIN: entry_offset=0x18 image_size=2600 (content 2576 bytes from 2 PT_LOAD segment(s))
elf2bin: ./.zig-cache/o/e402cba64be88cb9a1e0a757085c8070/user-httpd -> /Users/tbuddy/t3/zig/dos-fb-games/.zig-cache/o/e67e12ce905ee624c14c07cf5a4d4c67/HTTPD.BIN: entry_offset=0x18 image_size=15305 (content 15281 bytes from 2 PT_LOAD segment(s))
elf2bin: ./.zig-cache/o/2fdc5ddbab2a17b93299acad7654c4d9/user-win -> /Users/tbuddy/t3/zig/dos-fb-games/.zig-cache/o/bdbe1e8c0a02b9f492a0a1809bf753d4/WIN.BIN: entry_offset=0x18 image_size=364 (content 340 bytes from 1 PT_LOAD segment(s))
elf2bin: ./.zig-cache/o/720d6a257d2f690057e894d3c29935df/user-asm -> /Users/tbuddy/t3/zig/dos-fb-games/.zig-cache/o/894c1bb1ceb2f9b3b920e472f0fcea14/ASM.BIN: entry_offset=0x18 image_size=12690 (content 12666 bytes from 2 PT_LOAD segment(s))
elf2bin: ./.zig-cache/o/6f46a2be4c0997be9d20e2d1590c8558/user-sb2-own -> /Users/tbuddy/t3/zig/dos-fb-games/.zig-cache/o/ec3b97240afd2436deb3f8f4c75c2a34/SB2OWN.BIN: entry_offset=0x18 image_size=979 (content 955 bytes from 2 PT_LOAD segment(s))
elf2bin: ./.zig-cache/o/042073e21dd17eca541a19e2f6584202/user-tcp -> /Users/tbuddy/t3/zig/dos-fb-games/.zig-cache/o/9ee55916d4d1a796f79eb78a7599e24b/TCP.BIN: entry_offset=0x18 image_size=267 (content 243 bytes from 1 PT_LOAD segment(s))
elf2bin: ./.zig-cache/o/df528105e38c6b46ab576f2556c6f9a6/user-globals -> /Users/tbuddy/t3/zig/dos-fb-games/.zig-cache/o/2d2857bc19ad6668ae6c1eeba178709c/GLOBALS.BIN: entry_offset=0x30 image_size=28728 text=28672 data=8 (bss tail 4104) from 3 PT_LOAD segment(s)
elf2bin: ./.zig-cache/o/b809a146d2e8b5443aaf17bd25e158bb/virelai-kernel -> /Users/tbuddy/t3/zig/dos-fb-games/.zig-cache/o/9bc7e7cb6bc18f9ee1c64d39cf8506d1/KERNEL.BIN: entry_offset=0x18 image_size=8616144 (content 8616120 bytes from 4 PT_LOAD segment(s))
make-image: building FAT32+GPT boot image 'artifacts/disk.img' (0 MiB)...
mkfat32: wrote artifacts/disk.img.tmp (169472 EFI + 8616144 kernel bytes)
make-image: verifying image contents...
size: 35364864 bytes (69072 sectors)
LBA0: MBR present
GPT: valid signature, header crc32=0xde33e5c4
GPT: ESP partition at LBA 2048, 67024 sectors
FAT: boot sig ok, label='VIRELAIOS', 512-byte sectors, 1 sector/cluster, 32 reserved, 2 FATs x 516 sectors, root cluster 2
FAT: directory tree:
  EFI/
    BOOT/
      BOOTAA64.EFI  (169472 bytes)
  KERNEL.BIN  (8616144 bytes)
make-image: done.
Building for production...
[2 / 6] VFWire
[4 / 7] VFWire
[7 / 10] VMRunner-product
/Users/tbuddy/t3/zig/dos-fb-games/host/vm-runner/Sources/VMRunner/main.swift:1650:79: [1;33mwarning: [1;39m'activateIgnoringOtherApps' was deprecated in macOS 14.0: ignoringOtherApps is deprecated in macOS 14 and will have no effect.[0;0m [#]8;;https://docs.swift.org/compiler/documentation/diagnostics/deprecated-declaration\DeprecatedDeclaration]8;;\]
[0;36m1648 |[0;0m         NSApp.activate(ignoringOtherApps: true)
[0;36m1649 |[0;0m         NSApp.activate()
[0;36m1650 |[0;0m         NSRunningApplication.current.activate(options: [.activateAllWindows, .activateIgnoringOtherApps])
     [0;36m|[0;0m                                                                               `- [1;33mwarning: [1;39m'activateIgnoringOtherApps' was deprecated in macOS 14.0: ignoringOtherApps is deprecated in macOS 14 and will have no effect.[0;0m [#]8;;https://docs.swift.org/compiler/documentation/diagnostics/deprecated-declaration\DeprecatedDeclaration]8;;\]
[0;36m1651 |[0;0m         // Re-assert after the run loop has a chance to complete the
[0;36m1652 |[0;0m         // activation (async on macOS), so the first synthesized event

/Users/tbuddy/t3/zig/dos-fb-games/host/vm-runner/Sources/VMRunner/main.swift:1658:83: [1;33mwarning: [1;39m'activateIgnoringOtherApps' was deprecated in macOS 14.0: ignoringOtherApps is deprecated in macOS 14 and will have no effect.[0;0m [#]8;;https://docs.swift.org/compiler/documentation/diagnostics/deprecated-declaration\DeprecatedDeclaration]8;;\]
[0;36m1656 |[0;0m             NSApp.activate(ignoringOtherApps: true)
[0;36m1657 |[0;0m             NSApp.activate()
[0;36m1658 |[0;0m             NSRunningApplication.current.activate(options: [.activateAllWindows, .activateIgnoringOtherApps])
     [0;36m|[0;0m                                                                                   `- [1;33mwarning: [1;39m'activateIgnoringOtherApps' was deprecated in macOS 14.0: ignoringOtherApps is deprecated in macOS 14 and will have no effect.[0;0m [#]8;;https://docs.swift.org/compiler/documentation/diagnostics/deprecated-declaration\DeprecatedDeclaration]8;;\]
[0;36m1659 |[0;0m             pmo("diag key-after-activate=\(window.isKeyWindow) main=\(window.isMainWindow) active=\(NSApp.isActive) visible=\(window.isVisible) onscreen=\(window.isOnActiveSpace)")
[0;36m1660 |[0;0m         }

/Users/tbuddy/t3/zig/dos-fb-games/host/vm-runner/Sources/VMRunner/main.swift:2215:6: [1;33mwarning: [1;39mconcurrently-executed global function 'requestTeeStop()' must be marked as '@Sendable'; this is an error in the Swift 6 language mode[0;0m
[0;36m2213 |[0;0m var teeStopRequested = false
[0;36m2214 |[0;0m 
[0;36m2215 |[0;0m func requestTeeStop() {
     [0;36m|[0;0m      `- [1;33mwarning: [1;39mconcurrently-executed global function 'requestTeeStop()' must be marked as '@Sendable'; this is an error in the Swift 6 language mode[0;0m
[0;36m2216 |[0;0m     teeStopLock.lock()
[0;36m2217 |[0;0m     teeStopRequested = true

/Users/tbuddy/t3/zig/dos-fb-games/host/vm-runner/Sources/VMRunner/main.swift:5227:22: [1;33mwarning: [1;39mno calls to throwing functions occur within 'try' expression[0;0m [#]8;;https://docs.swift.org/compiler/documentation/diagnostics/unnecessary-effect-marker\UnnecessaryEffectMarker]8;;\]
[0;36m5225 |[0;0m             // injected newlines, so the capture stays byte-faithful.
[0;36m5226 |[0;0m             if let h = cvcConsoleFileHandle {
[0;36m5227 |[0;0m                 do { try h.write(Data(bytes)) } catch {
     [0;36m|[0;0m                      `- [1;33mwarning: [1;39mno calls to throwing functions occur within 'try' expression[0;0m [#]8;;https://docs.swift.org/compiler/documentation/diagnostics/unnecessary-effect-marker\UnnecessaryEffectMarker]8;;\]
[0;36m5228 |[0;0m                     print("CUSTOM-VIRTIO-CONSOLE: file write FAILED: \(error)")
[0;36m5229 |[0;0m                 }

/Users/tbuddy/t3/zig/dos-fb-games/host/vm-runner/Sources/VMRunner/main.swift:5227:49: [1;33mwarning: [1;39m'catch' block is unreachable because no errors are thrown in 'do' block[0;0m
[0;36m5225 |[0;0m             // injected newlines, so the capture stays byte-faithful.
[0;36m5226 |[0;0m             if let h = cvcConsoleFileHandle {
[0;36m5227 |[0;0m                 do { try h.write(Data(bytes)) } catch {
     [0;36m|[0;0m                                                 `- [1;33mwarning: [1;39m'catch' block is unreachable because no errors are thrown in 'do' block[0;0m
[0;36m5228 |[0;0m                     print("CUSTOM-VIRTIO-CONSOLE: file write FAILED: \(error)")
[0;36m5229 |[0;0m                 }

[#DeprecatedDeclaration]: <https://docs.swift.org/compiler/documentation/diagnostics/deprecated-declaration>
[#UnnecessaryEffectMarker]: <https://docs.swift.org/compiler/documentation/diagnostics/unnecessary-effect-marker>
[8 / 11] VMRunner-product
[10 / 11] VMRunner-product
[11 / 11] VMRunner-product
Build complete! (9.23 sec)
host/vm-runner/.build/release/VMRunner: replacing existing signature
gate-run: share armed (empty) at /var/folders/p_/h710w89x7b16x249r_061lkw0000gn/T//virelai-live-sb4-damage-tracking.m5ePej/share
mkhello-elf: wrote /var/folders/p_/h710w89x7b16x249r_061lkw0000gn/T//virelai-live-sb4-damage-tracking.m5ePej/share/HELLO.ELF (142 bytes; entry=0x400000 filesz=58)
mkhello-elf: wrote /var/folders/p_/h710w89x7b16x249r_061lkw0000gn/T//virelai-live-sb4-damage-tracking.m5ePej/share/CRASH.ELF (332 bytes; BRK inside 'crasher' at +4 -> tombstone note '(in crasher+0x4)')
Generated /var/folders/p_/h710w89x7b16x249r_061lkw0000gn/T//virelai-live-sb4-damage-tracking.m5ePej/share/LIBUI.SO (1240 bytes)
Generated /var/folders/p_/h710w89x7b16x249r_061lkw0000gn/T//virelai-live-sb4-damage-tracking.m5ePej/share/LIBFONT.SO (456 bytes)
Generated /var/folders/p_/h710w89x7b16x249r_061lkw0000gn/T//virelai-live-sb4-damage-tracking.m5ePej/share/PLUGIN.SO (480 bytes)
Generated /var/folders/p_/h710w89x7b16x249r_061lkw0000gn/T//virelai-live-sb4-damage-tracking.m5ePej/share/DYNAPP.ELF (8192 bytes)
Generated /var/folders/p_/h710w89x7b16x249r_061lkw0000gn/T//virelai-live-sb4-damage-tracking.m5ePej/share/CALC.ELF (8192 bytes)
Generated /var/folders/p_/h710w89x7b16x249r_061lkw0000gn/T//virelai-live-sb4-damage-tracking.m5ePej/share/NOTEPAD.ELF (8192 bytes)
Generated /var/folders/p_/h710w89x7b16x249r_061lkw0000gn/T//virelai-live-sb4-damage-tracking.m5ePej/share/FILE.ELF (8192 bytes)
Generated /var/folders/p_/h710w89x7b16x249r_061lkw0000gn/T//virelai-live-sb4-damage-tracking.m5ePej/share/DESKTOP.ELF (8192 bytes)
gate-run: share seeded at /var/folders/p_/h710w89x7b16x249r_061lkw0000gn/T//virelai-live-sb4-damage-tracking.m5ePej/share (90 files, 23 APPS.TXT entries)
run dir: /var/folders/p_/h710w89x7b16x249r_061lkw0000gn/T//virelai-live-sb4-damage-tracking.m5ePej

=== live-sb4-damage-tracking run 01 ===
01: runner-rc=0
  serial-contains [sb4: filled]=1
  serial-contains [last=8,8,108,68]=1
  serial-absent [sb4: open-fail] ok=1
  serial-absent [sb4: fill-fail] ok=1
  serial-absent [[EXC] parking:] ok=1
01: PASS

=== result ===
vgate live-sb4-damage-tracking: PASS (1/1 runs)
--- [8/13] PASS live-sb4-damage-tracking (38s)

--- [9/13] spec live-sb5-wm-compose-n
=== vgate live-sb5-wm-compose-n: M33 SB5: WM compose-N + one final present on VZ ===
spec: /Users/tbuddy/t3/zig/dos-fb-games/tools/gate/specs/live-sb5-wm-compose-n.spec
revision: c7290e65db8437890d0051c79bf8daccbc159446 branch=agent/buffy/gf6-closeout dirty-files=4
elf2bin: ./.zig-cache/o/a12c373c47d29fde98ee075cc48b361e/user-settings -> /Users/tbuddy/t3/zig/dos-fb-games/.zig-cache/o/d29bc684fc7cd848a335419e630bbd57/SETTINGS.BIN: entry_offset=0x30 image_size=20576 text=20480 data=48 (bss tail 81584) from 3 PT_LOAD segment(s)
elf2bin: ./.zig-cache/o/5a55f9d85a61c8d87367f6a4676aab9a/user-guard -> /Users/tbuddy/t3/zig/dos-fb-games/.zig-cache/o/f1219d8f43d1467252fc886154bbe781/GUARD.BIN: entry_offset=0x18 image_size=88 (content 64 bytes from 1 PT_LOAD segment(s))
elf2bin: ./.zig-cache/o/140d7d25e93f00ac91f130c794ea06e1/user-sb3-wm -> /Users/tbuddy/t3/zig/dos-fb-games/.zig-cache/o/b6603ff1ec8a5dad49a7570e26f5c40c/SB3WM.BIN: entry_offset=0x18 image_size=1960 (content 1936 bytes from 2 PT_LOAD segment(s))
elf2bin: ./.zig-cache/o/80a5899e9d679826081409bdfa621b3a/user-fetch -> /Users/tbuddy/t3/zig/dos-fb-games/.zig-cache/o/47972f54ec3324ef5264a7abab081a51/FETCH.BIN: entry_offset=0x18 image_size=2979 (content 2955 bytes from 2 PT_LOAD segment(s))
elf2bin: ./.zig-cache/o/17499a16ea3783890f36dcf457e11b86/user-vmtest -> /Users/tbuddy/t3/zig/dos-fb-games/.zig-cache/o/bfafdb0759b1d2092ad746ae547af134/VMTEST.BIN: entry_offset=0x18 image_size=968 (content 944 bytes from 2 PT_LOAD segment(s))
elf2bin: ./.zig-cache/o/df528105e38c6b46ab576f2556c6f9a6/user-globals -> /Users/tbuddy/t3/zig/dos-fb-games/.zig-cache/o/2d2857bc19ad6668ae6c1eeba178709c/GLOBALS.BIN: entry_offset=0x30 image_size=28728 text=28672 data=8 (bss tail 4104) from 3 PT_LOAD segment(s)
elf2bin: ./.zig-cache/o/0d41c059f2f1c015a7aa45b8e1aa9878/user-spin -> /Users/tbuddy/t3/zig/dos-fb-games/.zig-cache/o/38d336ac883e609d061b080308b76a07/SPIN.BIN: entry_offset=0x18 image_size=132 (content 108 bytes from 1 PT_LOAD segment(s))
elf2bin: ./.zig-cache/o/af91bb5d2336fa9598296fe7e2c29959/user-winmove -> /Users/tbuddy/t3/zig/dos-fb-games/.zig-cache/o/6bec406e3c6e3b42bc528bc385d67e8f/WINMOVE.BIN: entry_offset=0x18 image_size=1340 (content 1316 bytes from 1 PT_LOAD segment(s))
elf2bin: ./.zig-cache/o/5a41758f479ca7b33b16a625dd26dcb1/user-wnd -> /Users/tbuddy/t3/zig/dos-fb-games/.zig-cache/o/ec6d07b77749a1dfa7f68c964b609a12/WND.BIN: entry_offset=0x30 image_size=54504 text=53248 data=1208 (bss tail 193864) from 3 PT_LOAD segment(s)
elf2bin: ./.zig-cache/o/512a39fa7ace8c25ef857d8dd143f7b1/user-desktop -> /Users/tbuddy/t3/zig/dos-fb-games/.zig-cache/o/d288c47856dff974bbfd29e7c7332b60/DESKTOP.BIN: entry_offset=0x30 image_size=20528 text=20480 data=0 (bss tail 81584) from 3 PT_LOAD segment(s)
elf2bin: ./.zig-cache/o/023a62e9025c79d2e828a4c87261546e/user-sexiburg -> /Users/tbuddy/t3/zig/dos-fb-games/.zig-cache/o/a700a449ddb0c6a40eeec24944106767/SEXIBURG.BIN: entry_offset=0x30 image_size=45104 text=45056 data=0 (bss tail 109392) from 3 PT_LOAD segment(s)
elf2bin: ./.zig-cache/o/f953992d496ebc0c1084e7cb0f1e9ff9/user-sysmon -> /Users/tbuddy/t3/zig/dos-fb-games/.zig-cache/o/aeb2ad93d8f16c8f6fc842116c37a98c/SYSMON.BIN: entry_offset=0x30 image_size=20576 text=20480 data=48 (bss tail 81584) from 3 PT_LOAD segment(s)
elf2bin: ./.zig-cache/o/e90a2a1675d70e45ba5ad1a3c99a019c/user-netprof -> /Users/tbuddy/t3/zig/dos-fb-games/.zig-cache/o/5f327fb4148f79ba43b3d0e14dfa14f7/NETPROF.BIN: entry_offset=0x18 image_size=4345 (content 4321 bytes from 2 PT_LOAD segment(s))
elf2bin: ./.zig-cache/o/f9b823878a7128e82af4b70b1e75d989/user-disas -> /Users/tbuddy/t3/zig/dos-fb-games/.zig-cache/o/4a3d6a91135a00218640528176c7c490/DISAS.BIN: entry_offset=0x18 image_size=6496 (content 6472 bytes from 2 PT_LOAD segment(s))
elf2bin: ./.zig-cache/o/096711e19ab7cb0e05a84c5f42d50d0f/user-chat -> /Users/tbuddy/t3/zig/dos-fb-games/.zig-cache/o/9442a0b07c4ead0959dba4ddf0d89041/CHAT.BIN: entry_offset=0x30 image_size=12336 text=12288 data=0 (bss tail 81584) from 3 PT_LOAD segment(s)
elf2bin: ./.zig-cache/o/34a3890754ca6f0d7cfdefbaa5001b65/user-dir -> /Users/tbuddy/t3/zig/dos-fb-games/.zig-cache/o/61f5b80a9ee67dba7481086ac36cfc15/DIR.BIN: entry_offset=0x18 image_size=248 (content 224 bytes from 1 PT_LOAD segment(s))
elf2bin: ./.zig-cache/o/a91817d5a8333fe8a84335dfd1ab7698/user-hello -> /Users/tbuddy/t3/zig/dos-fb-games/.zig-cache/o/acbc519b08891d0ceb025c3cae3853fb/USER.BIN: entry_offset=0x18 image_size=393 (content 369 bytes from 1 PT_LOAD segment(s))
elf2bin: ./.zig-cache/o/e2de6e54d62f6b6f2139792b6221f74c/user-timertest -> /Users/tbuddy/t3/zig/dos-fb-games/.zig-cache/o/8ac200506b8113ea24eaccaed9417751/TIMER.BIN: entry_offset=0x18 image_size=1129 (content 1105 bytes from 2 PT_LOAD segment(s))
elf2bin: ./.zig-cache/o/f35859df5deb3196d13d9da4fec50819/user-wndstub -> /Users/tbuddy/t3/zig/dos-fb-games/.zig-cache/o/18e38a339213c8b573388c331bd16ca0/WNDSTUB.BIN: entry_offset=0x18 image_size=230 (content 206 bytes from 1 PT_LOAD segment(s))
elf2bin: ./.zig-cache/o/0b2f0d6840d15250050b861b7b684082/user-sb4dam -> /Users/tbuddy/t3/zig/dos-fb-games/.zig-cache/o/a500c5aeda3f042fb457c78c77f8eda2/SB4DAM.BIN: entry_offset=0x18 image_size=434 (content 410 bytes from 2 PT_LOAD segment(s))
elf2bin: ./.zig-cache/o/6a94ebd826deb7c0f991f238fa9a6601/user-sb6old -> /Users/tbuddy/t3/zig/dos-fb-games/.zig-cache/o/a37a6c906ca8a0aa8578af500bc1ca5d/SB6OLD.BIN: entry_offset=0x18 image_size=476 (content 452 bytes from 2 PT_LOAD segment(s))
elf2bin: ./.zig-cache/o/7d938226a1f4e6200008120332ab1595/user-resmon -> /Users/tbuddy/t3/zig/dos-fb-games/.zig-cache/o/ebdaebbb44c877459004f974020f9a90/RESMON.BIN: entry_offset=0x30 image_size=12336 text=12288 data=0 (bss tail 82800) from 3 PT_LOAD segment(s)
elf2bin: ./.zig-cache/o/b955832e5b609b0a56ee0a1286359d6f/user-smpst-file -> /Users/tbuddy/t3/zig/dos-fb-games/.zig-cache/o/8840d6f429e9801dc57be08c2175167c/SMPFILE.BIN: entry_offset=0x30 image_size=4144 text=4096 data=0 (bss tail 4) from 3 PT_LOAD segment(s)
elf2bin: ./.zig-cache/o/e15a54d957ac40caa6e28f1df7d8377c/user-notepad -> /Users/tbuddy/t3/zig/dos-fb-games/.zig-cache/o/5fa31d5b5e3154684223bd82cc76fe24/NOTEPAD.BIN: entry_offset=0x30 image_size=28768 text=28672 data=48 (bss tail 81584) from 3 PT_LOAD segment(s)
elf2bin: ./.zig-cache/o/9dd5fb2be4029e8926a3b4f263f481b8/user-ping -> /Users/tbuddy/t3/zig/dos-fb-games/.zig-cache/o/9babd50e05d7b294331a392e5174edff/PING.BIN: entry_offset=0x18 image_size=5670 (content 5646 bytes from 2 PT_LOAD segment(s))
elf2bin: ./.zig-cache/o/1a99dd4708037a7b6b1acab947bdd401/user-tabwm -> /Users/tbuddy/t3/zig/dos-fb-games/.zig-cache/o/384a7b55b34dc85b9af26c372a1af837/TABWM.BIN: entry_offset=0x30 image_size=28772 text=28672 data=52 (bss tail 88484) from 3 PT_LOAD segment(s)
elf2bin: ./.zig-cache/o/dd1c0158e028dc5963b7135799d1d931/user-keytest -> /Users/tbuddy/t3/zig/dos-fb-games/.zig-cache/o/1fed85cdbbc0610981755e4c2e795e7e/KEYTEST.BIN: entry_offset=0x18 image_size=645 (content 621 bytes from 1 PT_LOAD segment(s))
elf2bin: ./.zig-cache/o/042073e21dd17eca541a19e2f6584202/user-tcp -> /Users/tbuddy/t3/zig/dos-fb-games/.zig-cache/o/9ee55916d4d1a796f79eb78a7599e24b/TCP.BIN: entry_offset=0x18 image_size=267 (content 243 bytes from 1 PT_LOAD segment(s))
elf2bin: ./.zig-cache/o/f7e326795f85c7d2a1063844673bcfc2/user-jingle -> /Users/tbuddy/t3/zig/dos-fb-games/.zig-cache/o/b28c2791ccd842bb4a360e1fcaaff2e7/JINGLE.BIN: entry_offset=0x18 image_size=8624 (content 8600 bytes from 2 PT_LOAD segment(s))
elf2bin: ./.zig-cache/o/6f46a2be4c0997be9d20e2d1590c8558/user-sb2-own -> /Users/tbuddy/t3/zig/dos-fb-games/.zig-cache/o/ec3b97240afd2436deb3f8f4c75c2a34/SB2OWN.BIN: entry_offset=0x18 image_size=979 (content 955 bytes from 2 PT_LOAD segment(s))
elf2bin: ./.zig-cache/o/e0c0c4214efe4ec549f7f0383fc738c2/user-sb6new -> /Users/tbuddy/t3/zig/dos-fb-games/.zig-cache/o/12de2bcad574fd990422991d1b803d76/SB6NEW.BIN: entry_offset=0x18 image_size=1273 (content 1249 bytes from 2 PT_LOAD segment(s))
elf2bin: ./.zig-cache/o/556ce42323e0e9cefb5c628f4e5c3ebb/user-status43 -> /Users/tbuddy/t3/zig/dos-fb-games/.zig-cache/o/267bf2f20edc02690e0d732f1e9ca666/STATUS43.BIN: entry_offset=0x18 image_size=134 (content 110 bytes from 1 PT_LOAD segment(s))
elf2bin: ./.zig-cache/o/3411c6b2d9ee965c3e128c2091e718b7/user-hardening-victim -> /Users/tbuddy/t3/zig/dos-fb-games/.zig-cache/o/e652ac633d7ee71dbdc4b6c5be2f0c09/VICTIM.BIN: entry_offset=0x30 image_size=4144 text=4096 data=0 (bss tail 1112) from 3 PT_LOAD segment(s)
elf2bin: ./.zig-cache/o/1c9b3871740b486870a6be38e30de055/user-file-browser -> /Users/tbuddy/t3/zig/dos-fb-games/.zig-cache/o/c4fb770dc95e9cda8384af9156f9b070/FILE.BIN: entry_offset=0x30 image_size=49248 text=49152 data=48 (bss tail 81584) from 3 PT_LOAD segment(s)
elf2bin: ./.zig-cache/o/a29176312a9e71a08ac6240dcb418323/user-udp -> /Users/tbuddy/t3/zig/dos-fb-games/.zig-cache/o/72311f5e06b98dc1988dcbfc9846a731/UDP.BIN: entry_offset=0x18 image_size=605 (content 581 bytes from 1 PT_LOAD segment(s))
elf2bin: ./.zig-cache/o/720d6a257d2f690057e894d3c29935df/user-asm -> /Users/tbuddy/t3/zig/dos-fb-games/.zig-cache/o/894c1bb1ceb2f9b3b920e472f0fcea14/ASM.BIN: entry_offset=0x18 image_size=12690 (content 12666 bytes from 2 PT_LOAD segment(s))
elf2bin: ./.zig-cache/o/5470e69848f0e5ad7e819a51c8b8c917/user-counter -> /Users/tbuddy/t3/zig/dos-fb-games/.zig-cache/o/1dd2f87a2f22b9186ee59932de7d732b/COUNTER.BIN: entry_offset=0x18 image_size=940 (content 916 bytes from 1 PT_LOAD segment(s))
elf2bin: ./.zig-cache/o/e402cba64be88cb9a1e0a757085c8070/user-httpd -> /Users/tbuddy/t3/zig/dos-fb-games/.zig-cache/o/e67e12ce905ee624c14c07cf5a4d4c67/HTTPD.BIN: entry_offset=0x18 image_size=15305 (content 15281 bytes from 2 PT_LOAD segment(s))
elf2bin: ./.zig-cache/o/73161eb172b9eac098940ae9c22f4b23/user-calc -> /Users/tbuddy/t3/zig/dos-fb-games/.zig-cache/o/00e6e0960f2017d557196a204455770f/CALC.BIN: entry_offset=0x30 image_size=82016 text=81920 data=48 (bss tail 81592) from 3 PT_LOAD segment(s)
elf2bin: ./.zig-cache/o/6d38d7cfaa9cd8eb9d2cc93d094dac8d/user-sb2-wm -> /Users/tbuddy/t3/zig/dos-fb-games/.zig-cache/o/c9cfe294f333ad46dff65a24ae1564d6/SB2WM.BIN: entry_offset=0x18 image_size=1824 (content 1800 bytes from 2 PT_LOAD segment(s))
elf2bin: ./.zig-cache/o/4e79477318f85a42f825b306ecf54b93/user-top -> /Users/tbuddy/t3/zig/dos-fb-games/.zig-cache/o/587bca890e385b8619d533af17a7f86b/TOP.BIN: entry_offset=0x30 image_size=28768 text=28672 data=48 (bss tail 81584) from 3 PT_LOAD segment(s)
elf2bin: ./.zig-cache/o/4190ef1c6173636fe5715488aff00bbe/user-view -> /Users/tbuddy/t3/zig/dos-fb-games/.zig-cache/o/853118821b4c40e157619e51b881f1dc/VIEW.BIN: entry_offset=0x30 image_size=28904 text=28672 data=184 (bss tail 89880) from 3 PT_LOAD segment(s)
elf2bin: ./.zig-cache/o/6dd7f345443e036b434c153a0caea26f/user-download -> /Users/tbuddy/t3/zig/dos-fb-games/.zig-cache/o/452229232d5f746142344b708975b7e8/DOWNLOAD.BIN: entry_offset=0x18 image_size=3255 (content 3231 bytes from 2 PT_LOAD segment(s))
elf2bin: ./.zig-cache/o/6a135345f0e6e77e2751c8002961558e/user-schedring -> /Users/tbuddy/t3/zig/dos-fb-games/.zig-cache/o/8916b734b7493e0a8502a53d92f0881b/SCHEDRING.BIN: entry_offset=0x18 image_size=213 (content 189 bytes from 1 PT_LOAD segment(s))
elf2bin: ./.zig-cache/o/b53bb19abab1a800b3343c98e3c6edac/user-wmrpc -> /Users/tbuddy/t3/zig/dos-fb-games/.zig-cache/o/5fa271ba159990cef04e4c6885c110ea/WMRPC.BIN: entry_offset=0x18 image_size=4366 (content 4342 bytes from 2 PT_LOAD segment(s))
elf2bin: ./.zig-cache/o/fb555083c95185f3e4712658636e01f9/user-zc -> /Users/tbuddy/t3/zig/dos-fb-games/.zig-cache/o/1306a2e55905b2dc725e27530f11bb1c/ZC.BIN: entry_offset=0x30 image_size=32816 text=32768 data=0 (bss tail 216184) from 3 PT_LOAD segment(s)
elf2bin: ./.zig-cache/o/4fab8be63d9586bca03cfa7e13342466/user-sb3-own -> /Users/tbuddy/t3/zig/dos-fb-games/.zig-cache/o/6018417593a1f5f27efb95d3998603d8/SB3OWN.BIN: entry_offset=0x18 image_size=1127 (content 1103 bytes from 2 PT_LOAD segment(s))
elf2bin: ./.zig-cache/o/32f5202d7b1ea6fc518b74ce7195239a/user-sb5own -> /Users/tbuddy/t3/zig/dos-fb-games/.zig-cache/o/a88e7c3c2e421fec7b2f5ddd63f5c490/SB5OWN.BIN: entry_offset=0x18 image_size=1141 (content 1117 bytes from 2 PT_LOAD segment(s))
elf2bin: ./.zig-cache/o/4da86b50ea8972ea32625ead4e1a938e/user-harden -> /Users/tbuddy/t3/zig/dos-fb-games/.zig-cache/o/ccebc4933c2df8d686cdc3ccd55f937f/HARDEN.BIN: entry_offset=0x18 image_size=714 (content 690 bytes from 2 PT_LOAD segment(s))
elf2bin: ./.zig-cache/o/6a4db286c57e9b005cdad5342a842d4a/user-wasm -> /Users/tbuddy/t3/zig/dos-fb-games/.zig-cache/o/760af3cd41b141aa5dec2523907de1a3/WASM.BIN: entry_offset=0x30 image_size=63456 text=32768 data=30640 (bss tail 152728) from 3 PT_LOAD segment(s)
elf2bin: ./.zig-cache/o/4d991fc6ceb842555b01d437637e4c3f/user-tabhold -> /Users/tbuddy/t3/zig/dos-fb-games/.zig-cache/o/3e842c29ecc4e81a89f06f492e2f562c/TABHOLD.BIN: entry_offset=0x18 image_size=2440 (content 2416 bytes from 2 PT_LOAD segment(s))
elf2bin: ./.zig-cache/o/b809a146d2e8b5443aaf17bd25e158bb/virelai-kernel -> /Users/tbuddy/t3/zig/dos-fb-games/.zig-cache/o/9bc7e7cb6bc18f9ee1c64d39cf8506d1/KERNEL.BIN: entry_offset=0x18 image_size=8616144 (content 8616120 bytes from 4 PT_LOAD segment(s))
elf2bin: ./.zig-cache/o/e0e1cd8a19e2abf771d66c715d79a9f7/user-winclose -> /Users/tbuddy/t3/zig/dos-fb-games/.zig-cache/o/43b9cd0e5f216903ad80e496d195f858/WINCLOSE.BIN: entry_offset=0x18 image_size=261 (content 237 bytes from 1 PT_LOAD segment(s))
elf2bin: ./.zig-cache/o/deea6614f589cdf7ce1d638ba1ecf44c/user-edit -> /Users/tbuddy/t3/zig/dos-fb-games/.zig-cache/o/8af60b505e564dc8e3508ea83adf1c2c/EDIT.BIN: entry_offset=0x30 image_size=246160 text=49152 data=196960 (bss tail 115880) from 3 PT_LOAD segment(s)
elf2bin: ./.zig-cache/o/9922856723bab73614abac5e1b82bd82/user-savetext -> /Users/tbuddy/t3/zig/dos-fb-games/.zig-cache/o/4b145c6d9de9a632ec8a6ef89aa48b82/SAVETEXT.BIN: entry_offset=0x18 image_size=225 (content 201 bytes from 1 PT_LOAD segment(s))
elf2bin: ./.zig-cache/o/cae78eb9ad8bb5496318e3cd659f977d/user-smpst-ev -> /Users/tbuddy/t3/zig/dos-fb-games/.zig-cache/o/da63ddb5db09284d520214baa071d15f/SMPEV.BIN: entry_offset=0x30 image_size=4144 text=4096 data=0 (bss tail 4) from 3 PT_LOAD segment(s)
elf2bin: ./.zig-cache/o/b6b48db40e50336d0f88382acc7971cb/user-sexitest -> /Users/tbuddy/t3/zig/dos-fb-games/.zig-cache/o/447c9cf3ce4e0ecaa0542fa790e045fa/SEXITEST.BIN: entry_offset=0x18 image_size=3088 (content 3064 bytes from 2 PT_LOAD segment(s))
elf2bin: ./.zig-cache/o/5cf2f4b644664ab6352c68c7dccbc8b7/user-dns -> /Users/tbuddy/t3/zig/dos-fb-games/.zig-cache/o/76d254dc367d45524f01eb01df7bfe5d/DNS.BIN: entry_offset=0x18 image_size=4711 (content 4687 bytes from 2 PT_LOAD segment(s))
elf2bin: ./.zig-cache/o/e7f32f89ec31d13c1248792acc0490db/user-peer -> /Users/tbuddy/t3/zig/dos-fb-games/.zig-cache/o/8b62ff4016555b66312c926d4598e0f4/PEER.BIN: entry_offset=0x18 image_size=623 (content 599 bytes from 1 PT_LOAD segment(s))
elf2bin: ./.zig-cache/o/c48f9ec4b46f8266eb339f5434fcf272/user-smp1 -> /Users/tbuddy/t3/zig/dos-fb-games/.zig-cache/o/4d122d39e03480e81842e2610545cb2f/SMP1.BIN: entry_offset=0x18 image_size=159 (content 135 bytes from 1 PT_LOAD segment(s))
elf2bin: ./.zig-cache/o/b84f734af113c7bb1cdda926376d52e3/user-sb6wm -> /Users/tbuddy/t3/zig/dos-fb-games/.zig-cache/o/3efa6e5811528fbb4dd21a5970a82afd/SB6WM.BIN: entry_offset=0x18 image_size=2600 (content 2576 bytes from 2 PT_LOAD segment(s))
elf2bin: ./.zig-cache/o/c181519619fd6cdf3e9b8e9cab68b6da/user-smpst-win -> /Users/tbuddy/t3/zig/dos-fb-games/.zig-cache/o/27ddfbea3880345354fd046b184b398c/SMPWIN.BIN: entry_offset=0x30 image_size=4144 text=4096 data=0 (bss tail 4) from 3 PT_LOAD segment(s)
elf2bin: ./.zig-cache/o/e6d19fcff162f5c5f228b205a2bd555a/user-netstat -> /Users/tbuddy/t3/zig/dos-fb-games/.zig-cache/o/c0975032dfe3fa6582cd64393e29a8ba/NETSTAT.BIN: entry_offset=0x30 image_size=16432 text=16384 data=0 (bss tail 81824) from 3 PT_LOAD segment(s)
elf2bin: ./.zig-cache/o/2fdc5ddbab2a17b93299acad7654c4d9/user-win -> /Users/tbuddy/t3/zig/dos-fb-games/.zig-cache/o/bdbe1e8c0a02b9f492a0a1809bf753d4/WIN.BIN: entry_offset=0x18 image_size=364 (content 340 bytes from 1 PT_LOAD segment(s))
elf2bin: ./.zig-cache/o/0c4f24165d937a6e89642938a95a01e9/user-type -> /Users/tbuddy/t3/zig/dos-fb-games/.zig-cache/o/7a445aad4e3d67217215d69661cec034/TYPE.BIN: entry_offset=0x18 image_size=232 (content 208 bytes from 1 PT_LOAD segment(s))
elf2bin: ./.zig-cache/o/92702c4672e7242dcd48600ca216a27b/user-m21demo -> /Users/tbuddy/t3/zig/dos-fb-games/.zig-cache/o/8e69bb42bc6f19ceb1eaad9ce2ec26fd/M21DEMO.BIN: entry_offset=0x18 image_size=593 (content 569 bytes from 1 PT_LOAD segment(s))
elf2bin: ./.zig-cache/o/c70323867e00eff6e08e26661448d640/user-smpst-net -> /Users/tbuddy/t3/zig/dos-fb-games/.zig-cache/o/a9cfd98dbf1f23f29e07308378cdcf2b/SMPNET.BIN: entry_offset=0x30 image_size=4144 text=4096 data=0 (bss tail 4) from 3 PT_LOAD segment(s)
elf2bin: ./.zig-cache/o/de8d8c3c93bd2a587e6f65043098dbd0/user-traceroute -> /Users/tbuddy/t3/zig/dos-fb-games/.zig-cache/o/e92a3534bfa8a517a86db7374172b1b5/TRACEROUTE.BIN: entry_offset=0x18 image_size=2464 (content 2440 bytes from 2 PT_LOAD segment(s))
elf2bin: ./.zig-cache/o/ade01e621747395a80467fdec294bb7d/user-winloop -> /Users/tbuddy/t3/zig/dos-fb-games/.zig-cache/o/fe803f9360afd6e6a5c7d792d8a56a7b/WINLOOP.BIN: entry_offset=0x18 image_size=417 (content 393 bytes from 1 PT_LOAD segment(s))
elf2bin: ./.zig-cache/o/1bff0a56691760337161b9c5927d4fb4/user-ps -> /Users/tbuddy/t3/zig/dos-fb-games/.zig-cache/o/c1c91dfedf98cd66d000aef322e7cf73/PS.BIN: entry_offset=0x30 image_size=12336 text=12288 data=0 (bss tail 82800) from 3 PT_LOAD segment(s)
elf2bin: ./.zig-cache/o/724156a0002ff11d98cb4dd929024f1f/user-sb5wm -> /Users/tbuddy/t3/zig/dos-fb-games/.zig-cache/o/f023dd2aefa403c5f07acc4a241079ec/SB5WM.BIN: entry_offset=0x18 image_size=2256 (content 2232 bytes from 2 PT_LOAD segment(s))
elf2bin: ./.zig-cache/o/c72fd955efc6a07573aacb13b8e21339/user-chime -> /Users/tbuddy/t3/zig/dos-fb-games/.zig-cache/o/4fc4c599b096adb8b09911d79b0c5791/CHIME.BIN: entry_offset=0x18 image_size=8688 (content 8664 bytes from 2 PT_LOAD segment(s))
elf2bin: ./.zig-cache/o/053bfbccc25440fd5f932768b5005120/user-devcons -> /Users/tbuddy/t3/zig/dos-fb-games/.zig-cache/o/7f0926e7da79cd88f74af92dfbc6085c/DEVCONS.BIN: entry_offset=0x30 image_size=16492 text=16384 data=60 (bss tail 118508) from 3 PT_LOAD segment(s)
elf2bin: ./.zig-cache/o/b809a146d2e8b5443aaf17bd25e158bb/virelai-kernel -> /Users/tbuddy/t3/zig/dos-fb-games/.zig-cache/o/9bc7e7cb6bc18f9ee1c64d39cf8506d1/KERNEL.BIN: entry_offset=0x18 image_size=8616144 (content 8616120 bytes from 4 PT_LOAD segment(s))
make-image: building FAT32+GPT boot image 'artifacts/disk.img' (0 MiB)...
mkfat32: wrote artifacts/disk.img.tmp (169472 EFI + 8616144 kernel bytes)
make-image: verifying image contents...
size: 35364864 bytes (69072 sectors)
LBA0: MBR present
GPT: valid signature, header crc32=0xde33e5c4
GPT: ESP partition at LBA 2048, 67024 sectors
FAT: boot sig ok, label='VIRELAIOS', 512-byte sectors, 1 sector/cluster, 32 reserved, 2 FATs x 516 sectors, root cluster 2
FAT: directory tree:
  EFI/
    BOOT/
      BOOTAA64.EFI  (169472 bytes)
  KERNEL.BIN  (8616144 bytes)
make-image: done.
Building for production...
[2 / 3] VMRunner-product
[3 / 3] VMRunner-product
Build complete! (0.48 sec)
host/vm-runner/.build/release/VMRunner: replacing existing signature
gate-run: share armed (empty) at /var/folders/p_/h710w89x7b16x249r_061lkw0000gn/T//virelai-live-sb5-wm-compose-n.UTefNU/share
mkhello-elf: wrote /var/folders/p_/h710w89x7b16x249r_061lkw0000gn/T//virelai-live-sb5-wm-compose-n.UTefNU/share/HELLO.ELF (142 bytes; entry=0x400000 filesz=58)
mkhello-elf: wrote /var/folders/p_/h710w89x7b16x249r_061lkw0000gn/T//virelai-live-sb5-wm-compose-n.UTefNU/share/CRASH.ELF (332 bytes; BRK inside 'crasher' at +4 -> tombstone note '(in crasher+0x4)')
Generated /var/folders/p_/h710w89x7b16x249r_061lkw0000gn/T//virelai-live-sb5-wm-compose-n.UTefNU/share/LIBUI.SO (1240 bytes)
Generated /var/folders/p_/h710w89x7b16x249r_061lkw0000gn/T//virelai-live-sb5-wm-compose-n.UTefNU/share/LIBFONT.SO (456 bytes)
Generated /var/folders/p_/h710w89x7b16x249r_061lkw0000gn/T//virelai-live-sb5-wm-compose-n.UTefNU/share/PLUGIN.SO (480 bytes)
Generated /var/folders/p_/h710w89x7b16x249r_061lkw0000gn/T//virelai-live-sb5-wm-compose-n.UTefNU/share/DYNAPP.ELF (8192 bytes)
Generated /var/folders/p_/h710w89x7b16x249r_061lkw0000gn/T//virelai-live-sb5-wm-compose-n.UTefNU/share/CALC.ELF (8192 bytes)
Generated /var/folders/p_/h710w89x7b16x249r_061lkw0000gn/T//virelai-live-sb5-wm-compose-n.UTefNU/share/NOTEPAD.ELF (8192 bytes)
Generated /var/folders/p_/h710w89x7b16x249r_061lkw0000gn/T//virelai-live-sb5-wm-compose-n.UTefNU/share/FILE.ELF (8192 bytes)
Generated /var/folders/p_/h710w89x7b16x249r_061lkw0000gn/T//virelai-live-sb5-wm-compose-n.UTefNU/share/DESKTOP.ELF (8192 bytes)
gate-run: share seeded at /var/folders/p_/h710w89x7b16x249r_061lkw0000gn/T//virelai-live-sb5-wm-compose-n.UTefNU/share (90 files, 23 APPS.TXT entries)
run dir: /var/folders/p_/h710w89x7b16x249r_061lkw0000gn/T//virelai-live-sb5-wm-compose-n.UTefNU

=== live-sb5-wm-compose-n run 01 ===
01: runner-rc=0
  serial-contains [sb5: wm registered]=1
  serial-contains [sb5: wm scanout=1]=1
  serial-contains [sb5: own opened]=1
  serial-contains [sb5: own bound]=1
  serial-contains [sb5: own stored]=1
  serial-contains [sb5: wm readback=0x5B]=1
  serial-contains [sb5: wm present]=1
  serial-contains [sb5: owner done]=1
  serial-contains [sb5: wm done]=1
  serial-contains [13 sys_win_fill calls=0]=1
  serial-absent [sb5: wm register-fail] ok=1
  serial-absent [sb5: wm scanout-fail] ok=1
  serial-absent [sb5: wm attach-fail] ok=1
  serial-absent [sb5: wm compose-fail] ok=1
  serial-absent [sb5: own open-fail] ok=1
  serial-absent [sb5: own bind-fail] ok=1
  serial-absent [sb5: own no-wm] ok=1
  serial-absent [[EXC] parking:] ok=1
01: PASS

=== result ===
vgate live-sb5-wm-compose-n: PASS (1/1 runs)
--- [9/13] PASS live-sb5-wm-compose-n (29s)

--- [10/13] spec live-sched-ring
=== vgate live-sched-ring: M28 SMP card 10 -- scheduler ring wakeups and task stealing ===
spec: /Users/tbuddy/t3/zig/dos-fb-games/tools/gate/specs/live-sched-ring.spec
revision: c7290e65db8437890d0051c79bf8daccbc159446 branch=agent/buffy/gf6-closeout dirty-files=4
elf2bin: ./.zig-cache/o/b955832e5b609b0a56ee0a1286359d6f/user-smpst-file -> /Users/tbuddy/t3/zig/dos-fb-games/.zig-cache/o/8840d6f429e9801dc57be08c2175167c/SMPFILE.BIN: entry_offset=0x30 image_size=4144 text=4096 data=0 (bss tail 4) from 3 PT_LOAD segment(s)
elf2bin: ./.zig-cache/o/e2de6e54d62f6b6f2139792b6221f74c/user-timertest -> /Users/tbuddy/t3/zig/dos-fb-games/.zig-cache/o/8ac200506b8113ea24eaccaed9417751/TIMER.BIN: entry_offset=0x18 image_size=1129 (content 1105 bytes from 2 PT_LOAD segment(s))
elf2bin: ./.zig-cache/o/af91bb5d2336fa9598296fe7e2c29959/user-winmove -> /Users/tbuddy/t3/zig/dos-fb-games/.zig-cache/o/6bec406e3c6e3b42bc528bc385d67e8f/WINMOVE.BIN: entry_offset=0x18 image_size=1340 (content 1316 bytes from 1 PT_LOAD segment(s))
elf2bin: ./.zig-cache/o/b84f734af113c7bb1cdda926376d52e3/user-sb6wm -> /Users/tbuddy/t3/zig/dos-fb-games/.zig-cache/o/3efa6e5811528fbb4dd21a5970a82afd/SB6WM.BIN: entry_offset=0x18 image_size=2600 (content 2576 bytes from 2 PT_LOAD segment(s))
elf2bin: ./.zig-cache/o/ade01e621747395a80467fdec294bb7d/user-winloop -> /Users/tbuddy/t3/zig/dos-fb-games/.zig-cache/o/fe803f9360afd6e6a5c7d792d8a56a7b/WINLOOP.BIN: entry_offset=0x18 image_size=417 (content 393 bytes from 1 PT_LOAD segment(s))
elf2bin: ./.zig-cache/o/f7e326795f85c7d2a1063844673bcfc2/user-jingle -> /Users/tbuddy/t3/zig/dos-fb-games/.zig-cache/o/b28c2791ccd842bb4a360e1fcaaff2e7/JINGLE.BIN: entry_offset=0x18 image_size=8624 (content 8600 bytes from 2 PT_LOAD segment(s))
elf2bin: ./.zig-cache/o/92702c4672e7242dcd48600ca216a27b/user-m21demo -> /Users/tbuddy/t3/zig/dos-fb-games/.zig-cache/o/8e69bb42bc6f19ceb1eaad9ce2ec26fd/M21DEMO.BIN: entry_offset=0x18 image_size=593 (content 569 bytes from 1 PT_LOAD segment(s))
elf2bin: ./.zig-cache/o/5470e69848f0e5ad7e819a51c8b8c917/user-counter -> /Users/tbuddy/t3/zig/dos-fb-games/.zig-cache/o/1dd2f87a2f22b9186ee59932de7d732b/COUNTER.BIN: entry_offset=0x18 image_size=940 (content 916 bytes from 1 PT_LOAD segment(s))
elf2bin: ./.zig-cache/o/9dd5fb2be4029e8926a3b4f263f481b8/user-ping -> /Users/tbuddy/t3/zig/dos-fb-games/.zig-cache/o/9babd50e05d7b294331a392e5174edff/PING.BIN: entry_offset=0x18 image_size=5670 (content 5646 bytes from 2 PT_LOAD segment(s))
elf2bin: ./.zig-cache/o/dd1c0158e028dc5963b7135799d1d931/user-keytest -> /Users/tbuddy/t3/zig/dos-fb-games/.zig-cache/o/1fed85cdbbc0610981755e4c2e795e7e/KEYTEST.BIN: entry_offset=0x18 image_size=645 (content 621 bytes from 1 PT_LOAD segment(s))
elf2bin: ./.zig-cache/o/6a94ebd826deb7c0f991f238fa9a6601/user-sb6old -> /Users/tbuddy/t3/zig/dos-fb-games/.zig-cache/o/a37a6c906ca8a0aa8578af500bc1ca5d/SB6OLD.BIN: entry_offset=0x18 image_size=476 (content 452 bytes from 2 PT_LOAD segment(s))
elf2bin: ./.zig-cache/o/512a39fa7ace8c25ef857d8dd143f7b1/user-desktop -> /Users/tbuddy/t3/zig/dos-fb-games/.zig-cache/o/d288c47856dff974bbfd29e7c7332b60/DESKTOP.BIN: entry_offset=0x30 image_size=20528 text=20480 data=0 (bss tail 81584) from 3 PT_LOAD segment(s)
elf2bin: ./.zig-cache/o/5a55f9d85a61c8d87367f6a4676aab9a/user-guard -> /Users/tbuddy/t3/zig/dos-fb-games/.zig-cache/o/f1219d8f43d1467252fc886154bbe781/GUARD.BIN: entry_offset=0x18 image_size=88 (content 64 bytes from 1 PT_LOAD segment(s))
elf2bin: ./.zig-cache/o/042073e21dd17eca541a19e2f6584202/user-tcp -> /Users/tbuddy/t3/zig/dos-fb-games/.zig-cache/o/9ee55916d4d1a796f79eb78a7599e24b/TCP.BIN: entry_offset=0x18 image_size=267 (content 243 bytes from 1 PT_LOAD segment(s))
elf2bin: ./.zig-cache/o/34a3890754ca6f0d7cfdefbaa5001b65/user-dir -> /Users/tbuddy/t3/zig/dos-fb-games/.zig-cache/o/61f5b80a9ee67dba7481086ac36cfc15/DIR.BIN: entry_offset=0x18 image_size=248 (content 224 bytes from 1 PT_LOAD segment(s))
elf2bin: ./.zig-cache/o/e90a2a1675d70e45ba5ad1a3c99a019c/user-netprof -> /Users/tbuddy/t3/zig/dos-fb-games/.zig-cache/o/5f327fb4148f79ba43b3d0e14dfa14f7/NETPROF.BIN: entry_offset=0x18 image_size=4345 (content 4321 bytes from 2 PT_LOAD segment(s))
elf2bin: ./.zig-cache/o/e0c0c4214efe4ec549f7f0383fc738c2/user-sb6new -> /Users/tbuddy/t3/zig/dos-fb-games/.zig-cache/o/12de2bcad574fd990422991d1b803d76/SB6NEW.BIN: entry_offset=0x18 image_size=1273 (content 1249 bytes from 2 PT_LOAD segment(s))
elf2bin: ./.zig-cache/o/0d41c059f2f1c015a7aa45b8e1aa9878/user-spin -> /Users/tbuddy/t3/zig/dos-fb-games/.zig-cache/o/38d336ac883e609d061b080308b76a07/SPIN.BIN: entry_offset=0x18 image_size=132 (content 108 bytes from 1 PT_LOAD segment(s))
elf2bin: ./.zig-cache/o/17499a16ea3783890f36dcf457e11b86/user-vmtest -> /Users/tbuddy/t3/zig/dos-fb-games/.zig-cache/o/bfafdb0759b1d2092ad746ae547af134/VMTEST.BIN: entry_offset=0x18 image_size=968 (content 944 bytes from 2 PT_LOAD segment(s))
elf2bin: ./.zig-cache/o/b6b48db40e50336d0f88382acc7971cb/user-sexitest -> /Users/tbuddy/t3/zig/dos-fb-games/.zig-cache/o/447c9cf3ce4e0ecaa0542fa790e045fa/SEXITEST.BIN: entry_offset=0x18 image_size=3088 (content 3064 bytes from 2 PT_LOAD segment(s))
elf2bin: ./.zig-cache/o/023a62e9025c79d2e828a4c87261546e/user-sexiburg -> /Users/tbuddy/t3/zig/dos-fb-games/.zig-cache/o/a700a449ddb0c6a40eeec24944106767/SEXIBURG.BIN: entry_offset=0x30 image_size=45104 text=45056 data=0 (bss tail 109392) from 3 PT_LOAD segment(s)
elf2bin: ./.zig-cache/o/4fab8be63d9586bca03cfa7e13342466/user-sb3-own -> /Users/tbuddy/t3/zig/dos-fb-games/.zig-cache/o/6018417593a1f5f27efb95d3998603d8/SB3OWN.BIN: entry_offset=0x18 image_size=1127 (content 1103 bytes from 2 PT_LOAD segment(s))
elf2bin: ./.zig-cache/o/e7f32f89ec31d13c1248792acc0490db/user-peer -> /Users/tbuddy/t3/zig/dos-fb-games/.zig-cache/o/8b62ff4016555b66312c926d4598e0f4/PEER.BIN: entry_offset=0x18 image_size=623 (content 599 bytes from 1 PT_LOAD segment(s))
elf2bin: ./.zig-cache/o/6f46a2be4c0997be9d20e2d1590c8558/user-sb2-own -> /Users/tbuddy/t3/zig/dos-fb-games/.zig-cache/o/ec3b97240afd2436deb3f8f4c75c2a34/SB2OWN.BIN: entry_offset=0x18 image_size=979 (content 955 bytes from 2 PT_LOAD segment(s))
elf2bin: ./.zig-cache/o/5a41758f479ca7b33b16a625dd26dcb1/user-wnd -> /Users/tbuddy/t3/zig/dos-fb-games/.zig-cache/o/ec6d07b77749a1dfa7f68c964b609a12/WND.BIN: entry_offset=0x30 image_size=54504 text=53248 data=1208 (bss tail 193864) from 3 PT_LOAD segment(s)
elf2bin: ./.zig-cache/o/c70323867e00eff6e08e26661448d640/user-smpst-net -> /Users/tbuddy/t3/zig/dos-fb-games/.zig-cache/o/a9cfd98dbf1f23f29e07308378cdcf2b/SMPNET.BIN: entry_offset=0x30 image_size=4144 text=4096 data=0 (bss tail 4) from 3 PT_LOAD segment(s)
elf2bin: ./.zig-cache/o/0c4f24165d937a6e89642938a95a01e9/user-type -> /Users/tbuddy/t3/zig/dos-fb-games/.zig-cache/o/7a445aad4e3d67217215d69661cec034/TYPE.BIN: entry_offset=0x18 image_size=232 (content 208 bytes from 1 PT_LOAD segment(s))
elf2bin: ./.zig-cache/o/6a4db286c57e9b005cdad5342a842d4a/user-wasm -> /Users/tbuddy/t3/zig/dos-fb-games/.zig-cache/o/760af3cd41b141aa5dec2523907de1a3/WASM.BIN: entry_offset=0x30 image_size=63456 text=32768 data=30640 (bss tail 152728) from 3 PT_LOAD segment(s)
elf2bin: ./.zig-cache/o/b53bb19abab1a800b3343c98e3c6edac/user-wmrpc -> /Users/tbuddy/t3/zig/dos-fb-games/.zig-cache/o/5fa271ba159990cef04e4c6885c110ea/WMRPC.BIN: entry_offset=0x18 image_size=4366 (content 4342 bytes from 2 PT_LOAD segment(s))
elf2bin: ./.zig-cache/o/1bff0a56691760337161b9c5927d4fb4/user-ps -> /Users/tbuddy/t3/zig/dos-fb-games/.zig-cache/o/c1c91dfedf98cd66d000aef322e7cf73/PS.BIN: entry_offset=0x30 image_size=12336 text=12288 data=0 (bss tail 82800) from 3 PT_LOAD segment(s)
elf2bin: ./.zig-cache/o/1c9b3871740b486870a6be38e30de055/user-file-browser -> /Users/tbuddy/t3/zig/dos-fb-games/.zig-cache/o/c4fb770dc95e9cda8384af9156f9b070/FILE.BIN: entry_offset=0x30 image_size=49248 text=49152 data=48 (bss tail 81584) from 3 PT_LOAD segment(s)
elf2bin: ./.zig-cache/o/a29176312a9e71a08ac6240dcb418323/user-udp -> /Users/tbuddy/t3/zig/dos-fb-games/.zig-cache/o/72311f5e06b98dc1988dcbfc9846a731/UDP.BIN: entry_offset=0x18 image_size=605 (content 581 bytes from 1 PT_LOAD segment(s))
elf2bin: ./.zig-cache/o/e15a54d957ac40caa6e28f1df7d8377c/user-notepad -> /Users/tbuddy/t3/zig/dos-fb-games/.zig-cache/o/5fa31d5b5e3154684223bd82cc76fe24/NOTEPAD.BIN: entry_offset=0x30 image_size=28768 text=28672 data=48 (bss tail 81584) from 3 PT_LOAD segment(s)
elf2bin: ./.zig-cache/o/5cf2f4b644664ab6352c68c7dccbc8b7/user-dns -> /Users/tbuddy/t3/zig/dos-fb-games/.zig-cache/o/76d254dc367d45524f01eb01df7bfe5d/DNS.BIN: entry_offset=0x18 image_size=4711 (content 4687 bytes from 2 PT_LOAD segment(s))
elf2bin: ./.zig-cache/o/556ce42323e0e9cefb5c628f4e5c3ebb/user-status43 -> /Users/tbuddy/t3/zig/dos-fb-games/.zig-cache/o/267bf2f20edc02690e0d732f1e9ca666/STATUS43.BIN: entry_offset=0x18 image_size=134 (content 110 bytes from 1 PT_LOAD segment(s))
elf2bin: ./.zig-cache/o/a12c373c47d29fde98ee075cc48b361e/user-settings -> /Users/tbuddy/t3/zig/dos-fb-games/.zig-cache/o/d29bc684fc7cd848a335419e630bbd57/SETTINGS.BIN: entry_offset=0x30 image_size=20576 text=20480 data=48 (bss tail 81584) from 3 PT_LOAD segment(s)
elf2bin: ./.zig-cache/o/2fdc5ddbab2a17b93299acad7654c4d9/user-win -> /Users/tbuddy/t3/zig/dos-fb-games/.zig-cache/o/bdbe1e8c0a02b9f492a0a1809bf753d4/WIN.BIN: entry_offset=0x18 image_size=364 (content 340 bytes from 1 PT_LOAD segment(s))
elf2bin: ./.zig-cache/o/6dd7f345443e036b434c153a0caea26f/user-download -> /Users/tbuddy/t3/zig/dos-fb-games/.zig-cache/o/452229232d5f746142344b708975b7e8/DOWNLOAD.BIN: entry_offset=0x18 image_size=3255 (content 3231 bytes from 2 PT_LOAD segment(s))
elf2bin: ./.zig-cache/o/32f5202d7b1ea6fc518b74ce7195239a/user-sb5own -> /Users/tbuddy/t3/zig/dos-fb-games/.zig-cache/o/a88e7c3c2e421fec7b2f5ddd63f5c490/SB5OWN.BIN: entry_offset=0x18 image_size=1141 (content 1117 bytes from 2 PT_LOAD segment(s))
elf2bin: ./.zig-cache/o/3411c6b2d9ee965c3e128c2091e718b7/user-hardening-victim -> /Users/tbuddy/t3/zig/dos-fb-games/.zig-cache/o/e652ac633d7ee71dbdc4b6c5be2f0c09/VICTIM.BIN: entry_offset=0x30 image_size=4144 text=4096 data=0 (bss tail 1112) from 3 PT_LOAD segment(s)
elf2bin: ./.zig-cache/o/de8d8c3c93bd2a587e6f65043098dbd0/user-traceroute -> /Users/tbuddy/t3/zig/dos-fb-games/.zig-cache/o/e92a3534bfa8a517a86db7374172b1b5/TRACEROUTE.BIN: entry_offset=0x18 image_size=2464 (content 2440 bytes from 2 PT_LOAD segment(s))
elf2bin: ./.zig-cache/o/b809a146d2e8b5443aaf17bd25e158bb/virelai-kernel -> /Users/tbuddy/t3/zig/dos-fb-games/.zig-cache/o/9bc7e7cb6bc18f9ee1c64d39cf8506d1/KERNEL.BIN: entry_offset=0x18 image_size=8616144 (content 8616120 bytes from 4 PT_LOAD segment(s))
elf2bin: ./.zig-cache/o/cae78eb9ad8bb5496318e3cd659f977d/user-smpst-ev -> /Users/tbuddy/t3/zig/dos-fb-games/.zig-cache/o/da63ddb5db09284d520214baa071d15f/SMPEV.BIN: entry_offset=0x30 image_size=4144 text=4096 data=0 (bss tail 4) from 3 PT_LOAD segment(s)
elf2bin: ./.zig-cache/o/053bfbccc25440fd5f932768b5005120/user-devcons -> /Users/tbuddy/t3/zig/dos-fb-games/.zig-cache/o/7f0926e7da79cd88f74af92dfbc6085c/DEVCONS.BIN: entry_offset=0x30 image_size=16492 text=16384 data=60 (bss tail 118508) from 3 PT_LOAD segment(s)
elf2bin: ./.zig-cache/o/720d6a257d2f690057e894d3c29935df/user-asm -> /Users/tbuddy/t3/zig/dos-fb-games/.zig-cache/o/894c1bb1ceb2f9b3b920e472f0fcea14/ASM.BIN: entry_offset=0x18 image_size=12690 (content 12666 bytes from 2 PT_LOAD segment(s))
elf2bin: ./.zig-cache/o/f953992d496ebc0c1084e7cb0f1e9ff9/user-sysmon -> /Users/tbuddy/t3/zig/dos-fb-games/.zig-cache/o/aeb2ad93d8f16c8f6fc842116c37a98c/SYSMON.BIN: entry_offset=0x30 image_size=20576 text=20480 data=48 (bss tail 81584) from 3 PT_LOAD segment(s)
elf2bin: ./.zig-cache/o/80a5899e9d679826081409bdfa621b3a/user-fetch -> /Users/tbuddy/t3/zig/dos-fb-games/.zig-cache/o/47972f54ec3324ef5264a7abab081a51/FETCH.BIN: entry_offset=0x18 image_size=2979 (content 2955 bytes from 2 PT_LOAD segment(s))
elf2bin: ./.zig-cache/o/a91817d5a8333fe8a84335dfd1ab7698/user-hello -> /Users/tbuddy/t3/zig/dos-fb-games/.zig-cache/o/acbc519b08891d0ceb025c3cae3853fb/USER.BIN: entry_offset=0x18 image_size=393 (content 369 bytes from 1 PT_LOAD segment(s))
elf2bin: ./.zig-cache/o/4190ef1c6173636fe5715488aff00bbe/user-view -> /Users/tbuddy/t3/zig/dos-fb-games/.zig-cache/o/853118821b4c40e157619e51b881f1dc/VIEW.BIN: entry_offset=0x30 image_size=28904 text=28672 data=184 (bss tail 89880) from 3 PT_LOAD segment(s)
elf2bin: ./.zig-cache/o/4d991fc6ceb842555b01d437637e4c3f/user-tabhold -> /Users/tbuddy/t3/zig/dos-fb-games/.zig-cache/o/3e842c29ecc4e81a89f06f492e2f562c/TABHOLD.BIN: entry_offset=0x18 image_size=2440 (content 2416 bytes from 2 PT_LOAD segment(s))
elf2bin: ./.zig-cache/o/73161eb172b9eac098940ae9c22f4b23/user-calc -> /Users/tbuddy/t3/zig/dos-fb-games/.zig-cache/o/00e6e0960f2017d557196a204455770f/CALC.BIN: entry_offset=0x30 image_size=82016 text=81920 data=48 (bss tail 81592) from 3 PT_LOAD segment(s)
elf2bin: ./.zig-cache/o/0b2f0d6840d15250050b861b7b684082/user-sb4dam -> /Users/tbuddy/t3/zig/dos-fb-games/.zig-cache/o/a500c5aeda3f042fb457c78c77f8eda2/SB4DAM.BIN: entry_offset=0x18 image_size=434 (content 410 bytes from 2 PT_LOAD segment(s))
elf2bin: ./.zig-cache/o/096711e19ab7cb0e05a84c5f42d50d0f/user-chat -> /Users/tbuddy/t3/zig/dos-fb-games/.zig-cache/o/9442a0b07c4ead0959dba4ddf0d89041/CHAT.BIN: entry_offset=0x30 image_size=12336 text=12288 data=0 (bss tail 81584) from 3 PT_LOAD segment(s)
elf2bin: ./.zig-cache/o/4da86b50ea8972ea32625ead4e1a938e/user-harden -> /Users/tbuddy/t3/zig/dos-fb-games/.zig-cache/o/ccebc4933c2df8d686cdc3ccd55f937f/HARDEN.BIN: entry_offset=0x18 image_size=714 (content 690 bytes from 2 PT_LOAD segment(s))
elf2bin: ./.zig-cache/o/df528105e38c6b46ab576f2556c6f9a6/user-globals -> /Users/tbuddy/t3/zig/dos-fb-games/.zig-cache/o/2d2857bc19ad6668ae6c1eeba178709c/GLOBALS.BIN: entry_offset=0x30 image_size=28728 text=28672 data=8 (bss tail 4104) from 3 PT_LOAD segment(s)
elf2bin: ./.zig-cache/o/6a135345f0e6e77e2751c8002961558e/user-schedring -> /Users/tbuddy/t3/zig/dos-fb-games/.zig-cache/o/8916b734b7493e0a8502a53d92f0881b/SCHEDRING.BIN: entry_offset=0x18 image_size=213 (content 189 bytes from 1 PT_LOAD segment(s))
elf2bin: ./.zig-cache/o/724156a0002ff11d98cb4dd929024f1f/user-sb5wm -> /Users/tbuddy/t3/zig/dos-fb-games/.zig-cache/o/f023dd2aefa403c5f07acc4a241079ec/SB5WM.BIN: entry_offset=0x18 image_size=2256 (content 2232 bytes from 2 PT_LOAD segment(s))
elf2bin: ./.zig-cache/o/9922856723bab73614abac5e1b82bd82/user-savetext -> /Users/tbuddy/t3/zig/dos-fb-games/.zig-cache/o/4b145c6d9de9a632ec8a6ef89aa48b82/SAVETEXT.BIN: entry_offset=0x18 image_size=225 (content 201 bytes from 1 PT_LOAD segment(s))
elf2bin: ./.zig-cache/o/c48f9ec4b46f8266eb339f5434fcf272/user-smp1 -> /Users/tbuddy/t3/zig/dos-fb-games/.zig-cache/o/4d122d39e03480e81842e2610545cb2f/SMP1.BIN: entry_offset=0x18 image_size=159 (content 135 bytes from 1 PT_LOAD segment(s))
elf2bin: ./.zig-cache/o/fb555083c95185f3e4712658636e01f9/user-zc -> /Users/tbuddy/t3/zig/dos-fb-games/.zig-cache/o/1306a2e55905b2dc725e27530f11bb1c/ZC.BIN: entry_offset=0x30 image_size=32816 text=32768 data=0 (bss tail 216184) from 3 PT_LOAD segment(s)
elf2bin: ./.zig-cache/o/deea6614f589cdf7ce1d638ba1ecf44c/user-edit -> /Users/tbuddy/t3/zig/dos-fb-games/.zig-cache/o/8af60b505e564dc8e3508ea83adf1c2c/EDIT.BIN: entry_offset=0x30 image_size=246160 text=49152 data=196960 (bss tail 115880) from 3 PT_LOAD segment(s)
elf2bin: ./.zig-cache/o/7d938226a1f4e6200008120332ab1595/user-resmon -> /Users/tbuddy/t3/zig/dos-fb-games/.zig-cache/o/ebdaebbb44c877459004f974020f9a90/RESMON.BIN: entry_offset=0x30 image_size=12336 text=12288 data=0 (bss tail 82800) from 3 PT_LOAD segment(s)
elf2bin: ./.zig-cache/o/1a99dd4708037a7b6b1acab947bdd401/user-tabwm -> /Users/tbuddy/t3/zig/dos-fb-games/.zig-cache/o/384a7b55b34dc85b9af26c372a1af837/TABWM.BIN: entry_offset=0x30 image_size=28772 text=28672 data=52 (bss tail 88484) from 3 PT_LOAD segment(s)
elf2bin: ./.zig-cache/o/e0e1cd8a19e2abf771d66c715d79a9f7/user-winclose -> /Users/tbuddy/t3/zig/dos-fb-games/.zig-cache/o/43b9cd0e5f216903ad80e496d195f858/WINCLOSE.BIN: entry_offset=0x18 image_size=261 (content 237 bytes from 1 PT_LOAD segment(s))
elf2bin: ./.zig-cache/o/f9b823878a7128e82af4b70b1e75d989/user-disas -> /Users/tbuddy/t3/zig/dos-fb-games/.zig-cache/o/4a3d6a91135a00218640528176c7c490/DISAS.BIN: entry_offset=0x18 image_size=6496 (content 6472 bytes from 2 PT_LOAD segment(s))
elf2bin: ./.zig-cache/o/e402cba64be88cb9a1e0a757085c8070/user-httpd -> /Users/tbuddy/t3/zig/dos-fb-games/.zig-cache/o/e67e12ce905ee624c14c07cf5a4d4c67/HTTPD.BIN: entry_offset=0x18 image_size=15305 (content 15281 bytes from 2 PT_LOAD segment(s))
elf2bin: ./.zig-cache/o/140d7d25e93f00ac91f130c794ea06e1/user-sb3-wm -> /Users/tbuddy/t3/zig/dos-fb-games/.zig-cache/o/b6603ff1ec8a5dad49a7570e26f5c40c/SB3WM.BIN: entry_offset=0x18 image_size=1960 (content 1936 bytes from 2 PT_LOAD segment(s))
elf2bin: ./.zig-cache/o/6d38d7cfaa9cd8eb9d2cc93d094dac8d/user-sb2-wm -> /Users/tbuddy/t3/zig/dos-fb-games/.zig-cache/o/c9cfe294f333ad46dff65a24ae1564d6/SB2WM.BIN: entry_offset=0x18 image_size=1824 (content 1800 bytes from 2 PT_LOAD segment(s))
elf2bin: ./.zig-cache/o/4e79477318f85a42f825b306ecf54b93/user-top -> /Users/tbuddy/t3/zig/dos-fb-games/.zig-cache/o/587bca890e385b8619d533af17a7f86b/TOP.BIN: entry_offset=0x30 image_size=28768 text=28672 data=48 (bss tail 81584) from 3 PT_LOAD segment(s)
elf2bin: ./.zig-cache/o/e6d19fcff162f5c5f228b205a2bd555a/user-netstat -> /Users/tbuddy/t3/zig/dos-fb-games/.zig-cache/o/c0975032dfe3fa6582cd64393e29a8ba/NETSTAT.BIN: entry_offset=0x30 image_size=16432 text=16384 data=0 (bss tail 81824) from 3 PT_LOAD segment(s)
elf2bin: ./.zig-cache/o/c72fd955efc6a07573aacb13b8e21339/user-chime -> /Users/tbuddy/t3/zig/dos-fb-games/.zig-cache/o/4fc4c599b096adb8b09911d79b0c5791/CHIME.BIN: entry_offset=0x18 image_size=8688 (content 8664 bytes from 2 PT_LOAD segment(s))
elf2bin: ./.zig-cache/o/f35859df5deb3196d13d9da4fec50819/user-wndstub -> /Users/tbuddy/t3/zig/dos-fb-games/.zig-cache/o/18e38a339213c8b573388c331bd16ca0/WNDSTUB.BIN: entry_offset=0x18 image_size=230 (content 206 bytes from 1 PT_LOAD segment(s))
elf2bin: ./.zig-cache/o/c181519619fd6cdf3e9b8e9cab68b6da/user-smpst-win -> /Users/tbuddy/t3/zig/dos-fb-games/.zig-cache/o/27ddfbea3880345354fd046b184b398c/SMPWIN.BIN: entry_offset=0x30 image_size=4144 text=4096 data=0 (bss tail 4) from 3 PT_LOAD segment(s)
elf2bin: ./.zig-cache/o/b809a146d2e8b5443aaf17bd25e158bb/virelai-kernel -> /Users/tbuddy/t3/zig/dos-fb-games/.zig-cache/o/9bc7e7cb6bc18f9ee1c64d39cf8506d1/KERNEL.BIN: entry_offset=0x18 image_size=8616144 (content 8616120 bytes from 4 PT_LOAD segment(s))
make-image: building FAT32+GPT boot image 'artifacts/disk.img' (0 MiB)...
mkfat32: wrote artifacts/disk.img.tmp (169472 EFI + 8616144 kernel bytes)
make-image: verifying image contents...
size: 35364864 bytes (69072 sectors)
LBA0: MBR present
GPT: valid signature, header crc32=0xde33e5c4
GPT: ESP partition at LBA 2048, 67024 sectors
FAT: boot sig ok, label='VIRELAIOS', 512-byte sectors, 1 sector/cluster, 32 reserved, 2 FATs x 516 sectors, root cluster 2
FAT: directory tree:
  EFI/
    BOOT/
      BOOTAA64.EFI  (169472 bytes)
  KERNEL.BIN  (8616144 bytes)
make-image: done.
Building for production...
[2 / 3] VMRunner-product
[3 / 3] VMRunner-product
Build complete! (0.55 sec)
host/vm-runner/.build/release/VMRunner: replacing existing signature
gate-run: share armed (empty) at /var/folders/p_/h710w89x7b16x249r_061lkw0000gn/T//virelai-live-sched-ring.6eSicd/share
mkhello-elf: wrote /var/folders/p_/h710w89x7b16x249r_061lkw0000gn/T//virelai-live-sched-ring.6eSicd/share/HELLO.ELF (142 bytes; entry=0x400000 filesz=58)
mkhello-elf: wrote /var/folders/p_/h710w89x7b16x249r_061lkw0000gn/T//virelai-live-sched-ring.6eSicd/share/CRASH.ELF (332 bytes; BRK inside 'crasher' at +4 -> tombstone note '(in crasher+0x4)')
Generated /var/folders/p_/h710w89x7b16x249r_061lkw0000gn/T//virelai-live-sched-ring.6eSicd/share/LIBUI.SO (1240 bytes)
Generated /var/folders/p_/h710w89x7b16x249r_061lkw0000gn/T//virelai-live-sched-ring.6eSicd/share/LIBFONT.SO (456 bytes)
Generated /var/folders/p_/h710w89x7b16x249r_061lkw0000gn/T//virelai-live-sched-ring.6eSicd/share/PLUGIN.SO (480 bytes)
Generated /var/folders/p_/h710w89x7b16x249r_061lkw0000gn/T//virelai-live-sched-ring.6eSicd/share/DYNAPP.ELF (8192 bytes)
Generated /var/folders/p_/h710w89x7b16x249r_061lkw0000gn/T//virelai-live-sched-ring.6eSicd/share/CALC.ELF (8192 bytes)
Generated /var/folders/p_/h710w89x7b16x249r_061lkw0000gn/T//virelai-live-sched-ring.6eSicd/share/NOTEPAD.ELF (8192 bytes)
Generated /var/folders/p_/h710w89x7b16x249r_061lkw0000gn/T//virelai-live-sched-ring.6eSicd/share/FILE.ELF (8192 bytes)
Generated /var/folders/p_/h710w89x7b16x249r_061lkw0000gn/T//virelai-live-sched-ring.6eSicd/share/DESKTOP.ELF (8192 bytes)
gate-run: share seeded at /var/folders/p_/h710w89x7b16x249r_061lkw0000gn/T//virelai-live-sched-ring.6eSicd/share (90 files, 23 APPS.TXT entries)
run dir: /var/folders/p_/h710w89x7b16x249r_061lkw0000gn/T//virelai-live-sched-ring.6eSicd

=== live-sched-ring run 01 ===
01: runner-rc=0
  serial-contains [VirelaiOS kernel has seized control.]=1
  serial-contains [SCHEDRING.BIN]=1
  serial-exact [schedring: slept=4]=2 (want 2) ok=1
  serial-exact [schedring: yielded=32]=2 (want 2) ok=1
  serial-exact [schedring: done]=2 (want 2) ok=1
  serial-exact [tasks user-exec exited status=0]=2 (want 2) ok=1
  serial-exact [procs SCHEDRING.BIN exited status=0]=2 (want 2) ok=1
  serial-exact [tasks user-exec reaped]=2 (want 2) ok=1
  serial-contains [smp: secondary runs=]=1
  serial-contains [smp: steal runs=]=1
  serial-contains [rx-schedring-ok]=1
  serial-absent [[EXC] parking:] ok=1
missing steal from=1 for SCHEDRING.BIN
missing steal from=1 for SCHEDRING.BIN
  python [01] FAIL
01: FAIL

=== result ===
vgate live-sched-ring: FAILED (0/1 runs; see artifacts/live-sched-ring-report.txt)
--- [10/13] FAIL live-sched-ring rc=1 (94s)

--- [11/13] spec live-wasm
=== vgate live-wasm: M35 W2+W3+W4+W5 + rustc nl in-guest ===
spec: /Users/tbuddy/t3/zig/dos-fb-games/tools/gate/specs/live-wasm.spec
revision: c7290e65db8437890d0051c79bf8daccbc159446 branch=agent/buffy/gf6-closeout dirty-files=4
elf2bin: ./.zig-cache/o/e402cba64be88cb9a1e0a757085c8070/user-httpd -> /Users/tbuddy/t3/zig/dos-fb-games/.zig-cache/o/e67e12ce905ee624c14c07cf5a4d4c67/HTTPD.BIN: entry_offset=0x18 image_size=15305 (content 15281 bytes from 2 PT_LOAD segment(s))
elf2bin: ./.zig-cache/o/92702c4672e7242dcd48600ca216a27b/user-m21demo -> /Users/tbuddy/t3/zig/dos-fb-games/.zig-cache/o/8e69bb42bc6f19ceb1eaad9ce2ec26fd/M21DEMO.BIN: entry_offset=0x18 image_size=593 (content 569 bytes from 1 PT_LOAD segment(s))
elf2bin: ./.zig-cache/o/5470e69848f0e5ad7e819a51c8b8c917/user-counter -> /Users/tbuddy/t3/zig/dos-fb-games/.zig-cache/o/1dd2f87a2f22b9186ee59932de7d732b/COUNTER.BIN: entry_offset=0x18 image_size=940 (content 916 bytes from 1 PT_LOAD segment(s))
elf2bin: ./.zig-cache/o/1bff0a56691760337161b9c5927d4fb4/user-ps -> /Users/tbuddy/t3/zig/dos-fb-games/.zig-cache/o/c1c91dfedf98cd66d000aef322e7cf73/PS.BIN: entry_offset=0x30 image_size=12336 text=12288 data=0 (bss tail 82800) from 3 PT_LOAD segment(s)
elf2bin: ./.zig-cache/o/e0e1cd8a19e2abf771d66c715d79a9f7/user-winclose -> /Users/tbuddy/t3/zig/dos-fb-games/.zig-cache/o/43b9cd0e5f216903ad80e496d195f858/WINCLOSE.BIN: entry_offset=0x18 image_size=261 (content 237 bytes from 1 PT_LOAD segment(s))
elf2bin: ./.zig-cache/o/e90a2a1675d70e45ba5ad1a3c99a019c/user-netprof -> /Users/tbuddy/t3/zig/dos-fb-games/.zig-cache/o/5f327fb4148f79ba43b3d0e14dfa14f7/NETPROF.BIN: entry_offset=0x18 image_size=4345 (content 4321 bytes from 2 PT_LOAD segment(s))
elf2bin: ./.zig-cache/o/deea6614f589cdf7ce1d638ba1ecf44c/user-edit -> /Users/tbuddy/t3/zig/dos-fb-games/.zig-cache/o/8af60b505e564dc8e3508ea83adf1c2c/EDIT.BIN: entry_offset=0x30 image_size=246160 text=49152 data=196960 (bss tail 115880) from 3 PT_LOAD segment(s)
elf2bin: ./.zig-cache/o/4da86b50ea8972ea32625ead4e1a938e/user-harden -> /Users/tbuddy/t3/zig/dos-fb-games/.zig-cache/o/ccebc4933c2df8d686cdc3ccd55f937f/HARDEN.BIN: entry_offset=0x18 image_size=714 (content 690 bytes from 2 PT_LOAD segment(s))
elf2bin: ./.zig-cache/o/f7e326795f85c7d2a1063844673bcfc2/user-jingle -> /Users/tbuddy/t3/zig/dos-fb-games/.zig-cache/o/b28c2791ccd842bb4a360e1fcaaff2e7/JINGLE.BIN: entry_offset=0x18 image_size=8624 (content 8600 bytes from 2 PT_LOAD segment(s))
elf2bin: ./.zig-cache/o/1c9b3871740b486870a6be38e30de055/user-file-browser -> /Users/tbuddy/t3/zig/dos-fb-games/.zig-cache/o/c4fb770dc95e9cda8384af9156f9b070/FILE.BIN: entry_offset=0x30 image_size=49248 text=49152 data=48 (bss tail 81584) from 3 PT_LOAD segment(s)
elf2bin: ./.zig-cache/o/724156a0002ff11d98cb4dd929024f1f/user-sb5wm -> /Users/tbuddy/t3/zig/dos-fb-games/.zig-cache/o/f023dd2aefa403c5f07acc4a241079ec/SB5WM.BIN: entry_offset=0x18 image_size=2256 (content 2232 bytes from 2 PT_LOAD segment(s))
elf2bin: ./.zig-cache/o/9922856723bab73614abac5e1b82bd82/user-savetext -> /Users/tbuddy/t3/zig/dos-fb-games/.zig-cache/o/4b145c6d9de9a632ec8a6ef89aa48b82/SAVETEXT.BIN: entry_offset=0x18 image_size=225 (content 201 bytes from 1 PT_LOAD segment(s))
elf2bin: ./.zig-cache/o/e7f32f89ec31d13c1248792acc0490db/user-peer -> /Users/tbuddy/t3/zig/dos-fb-games/.zig-cache/o/8b62ff4016555b66312c926d4598e0f4/PEER.BIN: entry_offset=0x18 image_size=623 (content 599 bytes from 1 PT_LOAD segment(s))
elf2bin: ./.zig-cache/o/140d7d25e93f00ac91f130c794ea06e1/user-sb3-wm -> /Users/tbuddy/t3/zig/dos-fb-games/.zig-cache/o/b6603ff1ec8a5dad49a7570e26f5c40c/SB3WM.BIN: entry_offset=0x18 image_size=1960 (content 1936 bytes from 2 PT_LOAD segment(s))
elf2bin: ./.zig-cache/o/7d938226a1f4e6200008120332ab1595/user-resmon -> /Users/tbuddy/t3/zig/dos-fb-games/.zig-cache/o/ebdaebbb44c877459004f974020f9a90/RESMON.BIN: entry_offset=0x30 image_size=12336 text=12288 data=0 (bss tail 82800) from 3 PT_LOAD segment(s)
elf2bin: ./.zig-cache/o/c48f9ec4b46f8266eb339f5434fcf272/user-smp1 -> /Users/tbuddy/t3/zig/dos-fb-games/.zig-cache/o/4d122d39e03480e81842e2610545cb2f/SMP1.BIN: entry_offset=0x18 image_size=159 (content 135 bytes from 1 PT_LOAD segment(s))
elf2bin: ./.zig-cache/o/c70323867e00eff6e08e26661448d640/user-smpst-net -> /Users/tbuddy/t3/zig/dos-fb-games/.zig-cache/o/a9cfd98dbf1f23f29e07308378cdcf2b/SMPNET.BIN: entry_offset=0x30 image_size=4144 text=4096 data=0 (bss tail 4) from 3 PT_LOAD segment(s)
elf2bin: ./.zig-cache/o/096711e19ab7cb0e05a84c5f42d50d0f/user-chat -> /Users/tbuddy/t3/zig/dos-fb-games/.zig-cache/o/9442a0b07c4ead0959dba4ddf0d89041/CHAT.BIN: entry_offset=0x30 image_size=12336 text=12288 data=0 (bss tail 81584) from 3 PT_LOAD segment(s)
elf2bin: ./.zig-cache/o/de8d8c3c93bd2a587e6f65043098dbd0/user-traceroute -> /Users/tbuddy/t3/zig/dos-fb-games/.zig-cache/o/e92a3534bfa8a517a86db7374172b1b5/TRACEROUTE.BIN: entry_offset=0x18 image_size=2464 (content 2440 bytes from 2 PT_LOAD segment(s))
elf2bin: ./.zig-cache/o/6dd7f345443e036b434c153a0caea26f/user-download -> /Users/tbuddy/t3/zig/dos-fb-games/.zig-cache/o/452229232d5f746142344b708975b7e8/DOWNLOAD.BIN: entry_offset=0x18 image_size=3255 (content 3231 bytes from 2 PT_LOAD segment(s))
elf2bin: ./.zig-cache/o/a29176312a9e71a08ac6240dcb418323/user-udp -> /Users/tbuddy/t3/zig/dos-fb-games/.zig-cache/o/72311f5e06b98dc1988dcbfc9846a731/UDP.BIN: entry_offset=0x18 image_size=605 (content 581 bytes from 1 PT_LOAD segment(s))
elf2bin: ./.zig-cache/o/6a4db286c57e9b005cdad5342a842d4a/user-wasm -> /Users/tbuddy/t3/zig/dos-fb-games/.zig-cache/o/760af3cd41b141aa5dec2523907de1a3/WASM.BIN: entry_offset=0x30 image_size=63456 text=32768 data=30640 (bss tail 152728) from 3 PT_LOAD segment(s)
elf2bin: ./.zig-cache/o/4e79477318f85a42f825b306ecf54b93/user-top -> /Users/tbuddy/t3/zig/dos-fb-games/.zig-cache/o/587bca890e385b8619d533af17a7f86b/TOP.BIN: entry_offset=0x30 image_size=28768 text=28672 data=48 (bss tail 81584) from 3 PT_LOAD segment(s)
elf2bin: ./.zig-cache/o/e0c0c4214efe4ec549f7f0383fc738c2/user-sb6new -> /Users/tbuddy/t3/zig/dos-fb-games/.zig-cache/o/12de2bcad574fd990422991d1b803d76/SB6NEW.BIN: entry_offset=0x18 image_size=1273 (content 1249 bytes from 2 PT_LOAD segment(s))
elf2bin: ./.zig-cache/o/ade01e621747395a80467fdec294bb7d/user-winloop -> /Users/tbuddy/t3/zig/dos-fb-games/.zig-cache/o/fe803f9360afd6e6a5c7d792d8a56a7b/WINLOOP.BIN: entry_offset=0x18 image_size=417 (content 393 bytes from 1 PT_LOAD segment(s))
elf2bin: ./.zig-cache/o/5cf2f4b644664ab6352c68c7dccbc8b7/user-dns -> /Users/tbuddy/t3/zig/dos-fb-games/.zig-cache/o/76d254dc367d45524f01eb01df7bfe5d/DNS.BIN: entry_offset=0x18 image_size=4711 (content 4687 bytes from 2 PT_LOAD segment(s))
elf2bin: ./.zig-cache/o/e6d19fcff162f5c5f228b205a2bd555a/user-netstat -> /Users/tbuddy/t3/zig/dos-fb-games/.zig-cache/o/c0975032dfe3fa6582cd64393e29a8ba/NETSTAT.BIN: entry_offset=0x30 image_size=16432 text=16384 data=0 (bss tail 81824) from 3 PT_LOAD segment(s)
elf2bin: ./.zig-cache/o/4d991fc6ceb842555b01d437637e4c3f/user-tabhold -> /Users/tbuddy/t3/zig/dos-fb-games/.zig-cache/o/3e842c29ecc4e81a89f06f492e2f562c/TABHOLD.BIN: entry_offset=0x18 image_size=2440 (content 2416 bytes from 2 PT_LOAD segment(s))
elf2bin: ./.zig-cache/o/b53bb19abab1a800b3343c98e3c6edac/user-wmrpc -> /Users/tbuddy/t3/zig/dos-fb-games/.zig-cache/o/5fa271ba159990cef04e4c6885c110ea/WMRPC.BIN: entry_offset=0x18 image_size=4366 (content 4342 bytes from 2 PT_LOAD segment(s))
elf2bin: ./.zig-cache/o/512a39fa7ace8c25ef857d8dd143f7b1/user-desktop -> /Users/tbuddy/t3/zig/dos-fb-games/.zig-cache/o/d288c47856dff974bbfd29e7c7332b60/DESKTOP.BIN: entry_offset=0x30 image_size=20528 text=20480 data=0 (bss tail 81584) from 3 PT_LOAD segment(s)
elf2bin: ./.zig-cache/o/af91bb5d2336fa9598296fe7e2c29959/user-winmove -> /Users/tbuddy/t3/zig/dos-fb-games/.zig-cache/o/6bec406e3c6e3b42bc528bc385d67e8f/WINMOVE.BIN: entry_offset=0x18 image_size=1340 (content 1316 bytes from 1 PT_LOAD segment(s))
elf2bin: ./.zig-cache/o/e15a54d957ac40caa6e28f1df7d8377c/user-notepad -> /Users/tbuddy/t3/zig/dos-fb-games/.zig-cache/o/5fa31d5b5e3154684223bd82cc76fe24/NOTEPAD.BIN: entry_offset=0x30 image_size=28768 text=28672 data=48 (bss tail 81584) from 3 PT_LOAD segment(s)
elf2bin: ./.zig-cache/o/a91817d5a8333fe8a84335dfd1ab7698/user-hello -> /Users/tbuddy/t3/zig/dos-fb-games/.zig-cache/o/acbc519b08891d0ceb025c3cae3853fb/USER.BIN: entry_offset=0x18 image_size=393 (content 369 bytes from 1 PT_LOAD segment(s))
elf2bin: ./.zig-cache/o/c181519619fd6cdf3e9b8e9cab68b6da/user-smpst-win -> /Users/tbuddy/t3/zig/dos-fb-games/.zig-cache/o/27ddfbea3880345354fd046b184b398c/SMPWIN.BIN: entry_offset=0x30 image_size=4144 text=4096 data=0 (bss tail 4) from 3 PT_LOAD segment(s)
elf2bin: ./.zig-cache/o/6d38d7cfaa9cd8eb9d2cc93d094dac8d/user-sb2-wm -> /Users/tbuddy/t3/zig/dos-fb-games/.zig-cache/o/c9cfe294f333ad46dff65a24ae1564d6/SB2WM.BIN: entry_offset=0x18 image_size=1824 (content 1800 bytes from 2 PT_LOAD segment(s))
elf2bin: ./.zig-cache/o/df528105e38c6b46ab576f2556c6f9a6/user-globals -> /Users/tbuddy/t3/zig/dos-fb-games/.zig-cache/o/2d2857bc19ad6668ae6c1eeba178709c/GLOBALS.BIN: entry_offset=0x30 image_size=28728 text=28672 data=8 (bss tail 4104) from 3 PT_LOAD segment(s)
elf2bin: ./.zig-cache/o/f35859df5deb3196d13d9da4fec50819/user-wndstub -> /Users/tbuddy/t3/zig/dos-fb-games/.zig-cache/o/18e38a339213c8b573388c331bd16ca0/WNDSTUB.BIN: entry_offset=0x18 image_size=230 (content 206 bytes from 1 PT_LOAD segment(s))
elf2bin: ./.zig-cache/o/6a135345f0e6e77e2751c8002961558e/user-schedring -> /Users/tbuddy/t3/zig/dos-fb-games/.zig-cache/o/8916b734b7493e0a8502a53d92f0881b/SCHEDRING.BIN: entry_offset=0x18 image_size=213 (content 189 bytes from 1 PT_LOAD segment(s))
elf2bin: ./.zig-cache/o/4fab8be63d9586bca03cfa7e13342466/user-sb3-own -> /Users/tbuddy/t3/zig/dos-fb-games/.zig-cache/o/6018417593a1f5f27efb95d3998603d8/SB3OWN.BIN: entry_offset=0x18 image_size=1127 (content 1103 bytes from 2 PT_LOAD segment(s))
elf2bin: ./.zig-cache/o/17499a16ea3783890f36dcf457e11b86/user-vmtest -> /Users/tbuddy/t3/zig/dos-fb-games/.zig-cache/o/bfafdb0759b1d2092ad746ae547af134/VMTEST.BIN: entry_offset=0x18 image_size=968 (content 944 bytes from 2 PT_LOAD segment(s))
elf2bin: ./.zig-cache/o/9dd5fb2be4029e8926a3b4f263f481b8/user-ping -> /Users/tbuddy/t3/zig/dos-fb-games/.zig-cache/o/9babd50e05d7b294331a392e5174edff/PING.BIN: entry_offset=0x18 image_size=5670 (content 5646 bytes from 2 PT_LOAD segment(s))
elf2bin: ./.zig-cache/o/c72fd955efc6a07573aacb13b8e21339/user-chime -> /Users/tbuddy/t3/zig/dos-fb-games/.zig-cache/o/4fc4c599b096adb8b09911d79b0c5791/CHIME.BIN: entry_offset=0x18 image_size=8688 (content 8664 bytes from 2 PT_LOAD segment(s))
elf2bin: ./.zig-cache/o/720d6a257d2f690057e894d3c29935df/user-asm -> /Users/tbuddy/t3/zig/dos-fb-games/.zig-cache/o/894c1bb1ceb2f9b3b920e472f0fcea14/ASM.BIN: entry_offset=0x18 image_size=12690 (content 12666 bytes from 2 PT_LOAD segment(s))
elf2bin: ./.zig-cache/o/73161eb172b9eac098940ae9c22f4b23/user-calc -> /Users/tbuddy/t3/zig/dos-fb-games/.zig-cache/o/00e6e0960f2017d557196a204455770f/CALC.BIN: entry_offset=0x30 image_size=82016 text=81920 data=48 (bss tail 81592) from 3 PT_LOAD segment(s)
elf2bin: ./.zig-cache/o/f953992d496ebc0c1084e7cb0f1e9ff9/user-sysmon -> /Users/tbuddy/t3/zig/dos-fb-games/.zig-cache/o/aeb2ad93d8f16c8f6fc842116c37a98c/SYSMON.BIN: entry_offset=0x30 image_size=20576 text=20480 data=48 (bss tail 81584) from 3 PT_LOAD segment(s)
elf2bin: ./.zig-cache/o/80a5899e9d679826081409bdfa621b3a/user-fetch -> /Users/tbuddy/t3/zig/dos-fb-games/.zig-cache/o/47972f54ec3324ef5264a7abab081a51/FETCH.BIN: entry_offset=0x18 image_size=2979 (content 2955 bytes from 2 PT_LOAD segment(s))
elf2bin: ./.zig-cache/o/042073e21dd17eca541a19e2f6584202/user-tcp -> /Users/tbuddy/t3/zig/dos-fb-games/.zig-cache/o/9ee55916d4d1a796f79eb78a7599e24b/TCP.BIN: entry_offset=0x18 image_size=267 (content 243 bytes from 1 PT_LOAD segment(s))
elf2bin: ./.zig-cache/o/4190ef1c6173636fe5715488aff00bbe/user-view -> /Users/tbuddy/t3/zig/dos-fb-games/.zig-cache/o/853118821b4c40e157619e51b881f1dc/VIEW.BIN: entry_offset=0x30 image_size=28904 text=28672 data=184 (bss tail 89880) from 3 PT_LOAD segment(s)
elf2bin: ./.zig-cache/o/0c4f24165d937a6e89642938a95a01e9/user-type -> /Users/tbuddy/t3/zig/dos-fb-games/.zig-cache/o/7a445aad4e3d67217215d69661cec034/TYPE.BIN: entry_offset=0x18 image_size=232 (content 208 bytes from 1 PT_LOAD segment(s))
elf2bin: ./.zig-cache/o/b809a146d2e8b5443aaf17bd25e158bb/virelai-kernel -> /Users/tbuddy/t3/zig/dos-fb-games/.zig-cache/o/9bc7e7cb6bc18f9ee1c64d39cf8506d1/KERNEL.BIN: entry_offset=0x18 image_size=8616144 (content 8616120 bytes from 4 PT_LOAD segment(s))
elf2bin: ./.zig-cache/o/b6b48db40e50336d0f88382acc7971cb/user-sexitest -> /Users/tbuddy/t3/zig/dos-fb-games/.zig-cache/o/447c9cf3ce4e0ecaa0542fa790e045fa/SEXITEST.BIN: entry_offset=0x18 image_size=3088 (content 3064 bytes from 2 PT_LOAD segment(s))
elf2bin: ./.zig-cache/o/023a62e9025c79d2e828a4c87261546e/user-sexiburg -> /Users/tbuddy/t3/zig/dos-fb-games/.zig-cache/o/a700a449ddb0c6a40eeec24944106767/SEXIBURG.BIN: entry_offset=0x30 image_size=45104 text=45056 data=0 (bss tail 109392) from 3 PT_LOAD segment(s)
elf2bin: ./.zig-cache/o/5a55f9d85a61c8d87367f6a4676aab9a/user-guard -> /Users/tbuddy/t3/zig/dos-fb-games/.zig-cache/o/f1219d8f43d1467252fc886154bbe781/GUARD.BIN: entry_offset=0x18 image_size=88 (content 64 bytes from 1 PT_LOAD segment(s))
elf2bin: ./.zig-cache/o/2fdc5ddbab2a17b93299acad7654c4d9/user-win -> /Users/tbuddy/t3/zig/dos-fb-games/.zig-cache/o/bdbe1e8c0a02b9f492a0a1809bf753d4/WIN.BIN: entry_offset=0x18 image_size=364 (content 340 bytes from 1 PT_LOAD segment(s))
elf2bin: ./.zig-cache/o/6a94ebd826deb7c0f991f238fa9a6601/user-sb6old -> /Users/tbuddy/t3/zig/dos-fb-games/.zig-cache/o/a37a6c906ca8a0aa8578af500bc1ca5d/SB6OLD.BIN: entry_offset=0x18 image_size=476 (content 452 bytes from 2 PT_LOAD segment(s))
elf2bin: ./.zig-cache/o/5a41758f479ca7b33b16a625dd26dcb1/user-wnd -> /Users/tbuddy/t3/zig/dos-fb-games/.zig-cache/o/ec6d07b77749a1dfa7f68c964b609a12/WND.BIN: entry_offset=0x30 image_size=54504 text=53248 data=1208 (bss tail 193864) from 3 PT_LOAD segment(s)
elf2bin: ./.zig-cache/o/556ce42323e0e9cefb5c628f4e5c3ebb/user-status43 -> /Users/tbuddy/t3/zig/dos-fb-games/.zig-cache/o/267bf2f20edc02690e0d732f1e9ca666/STATUS43.BIN: entry_offset=0x18 image_size=134 (content 110 bytes from 1 PT_LOAD segment(s))
elf2bin: ./.zig-cache/o/053bfbccc25440fd5f932768b5005120/user-devcons -> /Users/tbuddy/t3/zig/dos-fb-games/.zig-cache/o/7f0926e7da79cd88f74af92dfbc6085c/DEVCONS.BIN: entry_offset=0x30 image_size=16492 text=16384 data=60 (bss tail 118508) from 3 PT_LOAD segment(s)
elf2bin: ./.zig-cache/o/0b2f0d6840d15250050b861b7b684082/user-sb4dam -> /Users/tbuddy/t3/zig/dos-fb-games/.zig-cache/o/a500c5aeda3f042fb457c78c77f8eda2/SB4DAM.BIN: entry_offset=0x18 image_size=434 (content 410 bytes from 2 PT_LOAD segment(s))
elf2bin: ./.zig-cache/o/cae78eb9ad8bb5496318e3cd659f977d/user-smpst-ev -> /Users/tbuddy/t3/zig/dos-fb-games/.zig-cache/o/da63ddb5db09284d520214baa071d15f/SMPEV.BIN: entry_offset=0x30 image_size=4144 text=4096 data=0 (bss tail 4) from 3 PT_LOAD segment(s)
elf2bin: ./.zig-cache/o/0d41c059f2f1c015a7aa45b8e1aa9878/user-spin -> /Users/tbuddy/t3/zig/dos-fb-games/.zig-cache/o/38d336ac883e609d061b080308b76a07/SPIN.BIN: entry_offset=0x18 image_size=132 (content 108 bytes from 1 PT_LOAD segment(s))
elf2bin: ./.zig-cache/o/b84f734af113c7bb1cdda926376d52e3/user-sb6wm -> /Users/tbuddy/t3/zig/dos-fb-games/.zig-cache/o/3efa6e5811528fbb4dd21a5970a82afd/SB6WM.BIN: entry_offset=0x18 image_size=2600 (content 2576 bytes from 2 PT_LOAD segment(s))
elf2bin: ./.zig-cache/o/f9b823878a7128e82af4b70b1e75d989/user-disas -> /Users/tbuddy/t3/zig/dos-fb-games/.zig-cache/o/4a3d6a91135a00218640528176c7c490/DISAS.BIN: entry_offset=0x18 image_size=6496 (content 6472 bytes from 2 PT_LOAD segment(s))
elf2bin: ./.zig-cache/o/32f5202d7b1ea6fc518b74ce7195239a/user-sb5own -> /Users/tbuddy/t3/zig/dos-fb-games/.zig-cache/o/a88e7c3c2e421fec7b2f5ddd63f5c490/SB5OWN.BIN: entry_offset=0x18 image_size=1141 (content 1117 bytes from 2 PT_LOAD segment(s))
elf2bin: ./.zig-cache/o/3411c6b2d9ee965c3e128c2091e718b7/user-hardening-victim -> /Users/tbuddy/t3/zig/dos-fb-games/.zig-cache/o/e652ac633d7ee71dbdc4b6c5be2f0c09/VICTIM.BIN: entry_offset=0x30 image_size=4144 text=4096 data=0 (bss tail 1112) from 3 PT_LOAD segment(s)
elf2bin: ./.zig-cache/o/1a99dd4708037a7b6b1acab947bdd401/user-tabwm -> /Users/tbuddy/t3/zig/dos-fb-games/.zig-cache/o/384a7b55b34dc85b9af26c372a1af837/TABWM.BIN: entry_offset=0x30 image_size=28772 text=28672 data=52 (bss tail 88484) from 3 PT_LOAD segment(s)
elf2bin: ./.zig-cache/o/b955832e5b609b0a56ee0a1286359d6f/user-smpst-file -> /Users/tbuddy/t3/zig/dos-fb-games/.zig-cache/o/8840d6f429e9801dc57be08c2175167c/SMPFILE.BIN: entry_offset=0x30 image_size=4144 text=4096 data=0 (bss tail 4) from 3 PT_LOAD segment(s)
elf2bin: ./.zig-cache/o/e2de6e54d62f6b6f2139792b6221f74c/user-timertest -> /Users/tbuddy/t3/zig/dos-fb-games/.zig-cache/o/8ac200506b8113ea24eaccaed9417751/TIMER.BIN: entry_offset=0x18 image_size=1129 (content 1105 bytes from 2 PT_LOAD segment(s))
elf2bin: ./.zig-cache/o/34a3890754ca6f0d7cfdefbaa5001b65/user-dir -> /Users/tbuddy/t3/zig/dos-fb-games/.zig-cache/o/61f5b80a9ee67dba7481086ac36cfc15/DIR.BIN: entry_offset=0x18 image_size=248 (content 224 bytes from 1 PT_LOAD segment(s))
elf2bin: ./.zig-cache/o/fb555083c95185f3e4712658636e01f9/user-zc -> /Users/tbuddy/t3/zig/dos-fb-games/.zig-cache/o/1306a2e55905b2dc725e27530f11bb1c/ZC.BIN: entry_offset=0x30 image_size=32816 text=32768 data=0 (bss tail 216184) from 3 PT_LOAD segment(s)
elf2bin: ./.zig-cache/o/6f46a2be4c0997be9d20e2d1590c8558/user-sb2-own -> /Users/tbuddy/t3/zig/dos-fb-games/.zig-cache/o/ec3b97240afd2436deb3f8f4c75c2a34/SB2OWN.BIN: entry_offset=0x18 image_size=979 (content 955 bytes from 2 PT_LOAD segment(s))
elf2bin: ./.zig-cache/o/dd1c0158e028dc5963b7135799d1d931/user-keytest -> /Users/tbuddy/t3/zig/dos-fb-games/.zig-cache/o/1fed85cdbbc0610981755e4c2e795e7e/KEYTEST.BIN: entry_offset=0x18 image_size=645 (content 621 bytes from 1 PT_LOAD segment(s))
elf2bin: ./.zig-cache/o/a12c373c47d29fde98ee075cc48b361e/user-settings -> /Users/tbuddy/t3/zig/dos-fb-games/.zig-cache/o/d29bc684fc7cd848a335419e630bbd57/SETTINGS.BIN: entry_offset=0x30 image_size=20576 text=20480 data=48 (bss tail 81584) from 3 PT_LOAD segment(s)
elf2bin: ./.zig-cache/o/b809a146d2e8b5443aaf17bd25e158bb/virelai-kernel -> /Users/tbuddy/t3/zig/dos-fb-games/.zig-cache/o/9bc7e7cb6bc18f9ee1c64d39cf8506d1/KERNEL.BIN: entry_offset=0x18 image_size=8616144 (content 8616120 bytes from 4 PT_LOAD segment(s))
make-image: building FAT32+GPT boot image 'artifacts/disk.img' (0 MiB)...
mkfat32: wrote artifacts/disk.img.tmp (169472 EFI + 8616144 kernel bytes)
make-image: verifying image contents...
size: 35364864 bytes (69072 sectors)
LBA0: MBR present
GPT: valid signature, header crc32=0xde33e5c4
GPT: ESP partition at LBA 2048, 67024 sectors
FAT: boot sig ok, label='VIRELAIOS', 512-byte sectors, 1 sector/cluster, 32 reserved, 2 FATs x 516 sectors, root cluster 2
FAT: directory tree:
  EFI/
    BOOT/
      BOOTAA64.EFI  (169472 bytes)
  KERNEL.BIN  (8616144 bytes)
make-image: done.
Building for production...
[2 / 3] VMRunner-product
[3 / 3] VMRunner-product
Build complete! (0.47 sec)
host/vm-runner/.build/release/VMRunner: replacing existing signature
gate-run: share armed (empty) at /var/folders/p_/h710w89x7b16x249r_061lkw0000gn/T//virelai-live-wasm.h674i9/share
mkhello-elf: wrote /var/folders/p_/h710w89x7b16x249r_061lkw0000gn/T//virelai-live-wasm.h674i9/share/HELLO.ELF (142 bytes; entry=0x400000 filesz=58)
mkhello-elf: wrote /var/folders/p_/h710w89x7b16x249r_061lkw0000gn/T//virelai-live-wasm.h674i9/share/CRASH.ELF (332 bytes; BRK inside 'crasher' at +4 -> tombstone note '(in crasher+0x4)')
Generated /var/folders/p_/h710w89x7b16x249r_061lkw0000gn/T//virelai-live-wasm.h674i9/share/LIBUI.SO (1240 bytes)
Generated /var/folders/p_/h710w89x7b16x249r_061lkw0000gn/T//virelai-live-wasm.h674i9/share/LIBFONT.SO (456 bytes)
Generated /var/folders/p_/h710w89x7b16x249r_061lkw0000gn/T//virelai-live-wasm.h674i9/share/PLUGIN.SO (480 bytes)
Generated /var/folders/p_/h710w89x7b16x249r_061lkw0000gn/T//virelai-live-wasm.h674i9/share/DYNAPP.ELF (8192 bytes)
Generated /var/folders/p_/h710w89x7b16x249r_061lkw0000gn/T//virelai-live-wasm.h674i9/share/CALC.ELF (8192 bytes)
Generated /var/folders/p_/h710w89x7b16x249r_061lkw0000gn/T//virelai-live-wasm.h674i9/share/NOTEPAD.ELF (8192 bytes)
Generated /var/folders/p_/h710w89x7b16x249r_061lkw0000gn/T//virelai-live-wasm.h674i9/share/FILE.ELF (8192 bytes)
Generated /var/folders/p_/h710w89x7b16x249r_061lkw0000gn/T//virelai-live-wasm.h674i9/share/DESKTOP.ELF (8192 bytes)
gate-run: share seeded at /var/folders/p_/h710w89x7b16x249r_061lkw0000gn/T//virelai-live-wasm.h674i9/share (90 files, 23 APPS.TXT entries)
run dir: /var/folders/p_/h710w89x7b16x249r_061lkw0000gn/T//virelai-live-wasm.h674i9

=== live-wasm run 01 ===
01: runner-rc=0
  serial-contains [VirelaiOS kernel has seized control.]=1
  serial-contains [hello, wasm!]=1
  serial-contains [tasks user-exec exited status=55]=1
  serial-contains [rx-wasm-hello]=1
  serial-contains [w3: win open=]=1
  serial-contains [w3: win ok]=1
  serial-contains [tasks user-exec exited status=21]=1
  serial-contains [rect=100,100,96,48]=0
  serial-contains [tasks user-exec exited status=512]=1
  serial-contains [w3-filerocks!!!]=1
  serial-contains [tasks user-exec exited status=590]=0
  serial-contains [mC 100000 = 212.00]=1
  serial-contains [bits64 c2f 21.50 = 4051accccccccccd]=1
  serial-contains [f2c 98.60 = 37.00]=1
  serial-contains [f32 f2c -4.00 = -20.00]=1
  serial-contains [sext chk = -66]=1
  serial-contains [rx-w4-float]=1
  serial-contains [  8  32 320 /host/WC.TXT]=1
  serial-contains [tasks user-exec exited status=320]=1
  serial-contains [rx-w5-wc]=1
  serial-contains [     1  w5 wc capstone fixture]=1
  serial-contains [     3  long-token-0001-abcdefghijklmnopqrstuvwxyz-this-token-is-longer-than-the-64-byte-reader-buffer-so-the-word-state-must-survive-the-chunk-seam]=1
  serial-contains [     7    leading spaces too]=1
  serial-contains [     8  last line ends with a word]=1
  serial-contains [tasks user-exec exited status=383]=1
  serial-contains [rx-rust-nl]=1
  serial-contains [rx-wasm-ok]=1
  serial-contains [dui: windows=]=1
  serial-contains [blits=]=1
  serial-absent [wasm: open failed] ok=1
  serial-absent [wasm: parse error] ok=1
  serial-absent [wasm: validate error] ok=1
  serial-absent [wasm: mmap failed] ok=1
  serial-absent [wasm: trap] ok=1
  serial-absent [wasm: instantiate trap] ok=1
  serial-absent [[EXC] parking:] ok=1
red fill: largest contiguous red block = 0 px
red fill: largest contiguous red block = 0 px
  snapshot [gpu-screen-after] FAIL (gpu-screen-after; see live-wasm run 01)
01: FAIL

=== result ===
vgate live-wasm: FAILED (0/1 runs; see artifacts/live-wasm-report.txt)
--- [11/13] FAIL live-wasm rc=1 (127s)

--- [12/13] spec live-win-move
=== vgate live-win-move: claim 0487 (milestone six, card G6 move/raise ===
spec: /Users/tbuddy/t3/zig/dos-fb-games/tools/gate/specs/live-win-move.spec
revision: c7290e65db8437890d0051c79bf8daccbc159446 branch=agent/buffy/gf6-closeout dirty-files=4
elf2bin: ./.zig-cache/o/ade01e621747395a80467fdec294bb7d/user-winloop -> /Users/tbuddy/t3/zig/dos-fb-games/.zig-cache/o/fe803f9360afd6e6a5c7d792d8a56a7b/WINLOOP.BIN: entry_offset=0x18 image_size=417 (content 393 bytes from 1 PT_LOAD segment(s))
elf2bin: ./.zig-cache/o/0d41c059f2f1c015a7aa45b8e1aa9878/user-spin -> /Users/tbuddy/t3/zig/dos-fb-games/.zig-cache/o/38d336ac883e609d061b080308b76a07/SPIN.BIN: entry_offset=0x18 image_size=132 (content 108 bytes from 1 PT_LOAD segment(s))
elf2bin: ./.zig-cache/o/140d7d25e93f00ac91f130c794ea06e1/user-sb3-wm -> /Users/tbuddy/t3/zig/dos-fb-games/.zig-cache/o/b6603ff1ec8a5dad49a7570e26f5c40c/SB3WM.BIN: entry_offset=0x18 image_size=1960 (content 1936 bytes from 2 PT_LOAD segment(s))
elf2bin: ./.zig-cache/o/0c4f24165d937a6e89642938a95a01e9/user-type -> /Users/tbuddy/t3/zig/dos-fb-games/.zig-cache/o/7a445aad4e3d67217215d69661cec034/TYPE.BIN: entry_offset=0x18 image_size=232 (content 208 bytes from 1 PT_LOAD segment(s))
elf2bin: ./.zig-cache/o/6dd7f345443e036b434c153a0caea26f/user-download -> /Users/tbuddy/t3/zig/dos-fb-games/.zig-cache/o/452229232d5f746142344b708975b7e8/DOWNLOAD.BIN: entry_offset=0x18 image_size=3255 (content 3231 bytes from 2 PT_LOAD segment(s))
elf2bin: ./.zig-cache/o/b809a146d2e8b5443aaf17bd25e158bb/virelai-kernel -> /Users/tbuddy/t3/zig/dos-fb-games/.zig-cache/o/9bc7e7cb6bc18f9ee1c64d39cf8506d1/KERNEL.BIN: entry_offset=0x18 image_size=8616144 (content 8616120 bytes from 4 PT_LOAD segment(s))
elf2bin: ./.zig-cache/o/c181519619fd6cdf3e9b8e9cab68b6da/user-smpst-win -> /Users/tbuddy/t3/zig/dos-fb-games/.zig-cache/o/27ddfbea3880345354fd046b184b398c/SMPWIN.BIN: entry_offset=0x30 image_size=4144 text=4096 data=0 (bss tail 4) from 3 PT_LOAD segment(s)
elf2bin: ./.zig-cache/o/cae78eb9ad8bb5496318e3cd659f977d/user-smpst-ev -> /Users/tbuddy/t3/zig/dos-fb-games/.zig-cache/o/da63ddb5db09284d520214baa071d15f/SMPEV.BIN: entry_offset=0x30 image_size=4144 text=4096 data=0 (bss tail 4) from 3 PT_LOAD segment(s)
elf2bin: ./.zig-cache/o/053bfbccc25440fd5f932768b5005120/user-devcons -> /Users/tbuddy/t3/zig/dos-fb-games/.zig-cache/o/7f0926e7da79cd88f74af92dfbc6085c/DEVCONS.BIN: entry_offset=0x30 image_size=16492 text=16384 data=60 (bss tail 118508) from 3 PT_LOAD segment(s)
elf2bin: ./.zig-cache/o/b84f734af113c7bb1cdda926376d52e3/user-sb6wm -> /Users/tbuddy/t3/zig/dos-fb-games/.zig-cache/o/3efa6e5811528fbb4dd21a5970a82afd/SB6WM.BIN: entry_offset=0x18 image_size=2600 (content 2576 bytes from 2 PT_LOAD segment(s))
elf2bin: ./.zig-cache/o/c48f9ec4b46f8266eb339f5434fcf272/user-smp1 -> /Users/tbuddy/t3/zig/dos-fb-games/.zig-cache/o/4d122d39e03480e81842e2610545cb2f/SMP1.BIN: entry_offset=0x18 image_size=159 (content 135 bytes from 1 PT_LOAD segment(s))
elf2bin: ./.zig-cache/o/5cf2f4b644664ab6352c68c7dccbc8b7/user-dns -> /Users/tbuddy/t3/zig/dos-fb-games/.zig-cache/o/76d254dc367d45524f01eb01df7bfe5d/DNS.BIN: entry_offset=0x18 image_size=4711 (content 4687 bytes from 2 PT_LOAD segment(s))
elf2bin: ./.zig-cache/o/e15a54d957ac40caa6e28f1df7d8377c/user-notepad -> /Users/tbuddy/t3/zig/dos-fb-games/.zig-cache/o/5fa31d5b5e3154684223bd82cc76fe24/NOTEPAD.BIN: entry_offset=0x30 image_size=28768 text=28672 data=48 (bss tail 81584) from 3 PT_LOAD segment(s)
elf2bin: ./.zig-cache/o/4e79477318f85a42f825b306ecf54b93/user-top -> /Users/tbuddy/t3/zig/dos-fb-games/.zig-cache/o/587bca890e385b8619d533af17a7f86b/TOP.BIN: entry_offset=0x30 image_size=28768 text=28672 data=48 (bss tail 81584) from 3 PT_LOAD segment(s)
elf2bin: ./.zig-cache/o/deea6614f589cdf7ce1d638ba1ecf44c/user-edit -> /Users/tbuddy/t3/zig/dos-fb-games/.zig-cache/o/8af60b505e564dc8e3508ea83adf1c2c/EDIT.BIN: entry_offset=0x30 image_size=246160 text=49152 data=196960 (bss tail 115880) from 3 PT_LOAD segment(s)
elf2bin: ./.zig-cache/o/6f46a2be4c0997be9d20e2d1590c8558/user-sb2-own -> /Users/tbuddy/t3/zig/dos-fb-games/.zig-cache/o/ec3b97240afd2436deb3f8f4c75c2a34/SB2OWN.BIN: entry_offset=0x18 image_size=979 (content 955 bytes from 2 PT_LOAD segment(s))
elf2bin: ./.zig-cache/o/e2de6e54d62f6b6f2139792b6221f74c/user-timertest -> /Users/tbuddy/t3/zig/dos-fb-games/.zig-cache/o/8ac200506b8113ea24eaccaed9417751/TIMER.BIN: entry_offset=0x18 image_size=1129 (content 1105 bytes from 2 PT_LOAD segment(s))
elf2bin: ./.zig-cache/o/e0e1cd8a19e2abf771d66c715d79a9f7/user-winclose -> /Users/tbuddy/t3/zig/dos-fb-games/.zig-cache/o/43b9cd0e5f216903ad80e496d195f858/WINCLOSE.BIN: entry_offset=0x18 image_size=261 (content 237 bytes from 1 PT_LOAD segment(s))
elf2bin: ./.zig-cache/o/4190ef1c6173636fe5715488aff00bbe/user-view -> /Users/tbuddy/t3/zig/dos-fb-games/.zig-cache/o/853118821b4c40e157619e51b881f1dc/VIEW.BIN: entry_offset=0x30 image_size=28904 text=28672 data=184 (bss tail 89880) from 3 PT_LOAD segment(s)
elf2bin: ./.zig-cache/o/720d6a257d2f690057e894d3c29935df/user-asm -> /Users/tbuddy/t3/zig/dos-fb-games/.zig-cache/o/894c1bb1ceb2f9b3b920e472f0fcea14/ASM.BIN: entry_offset=0x18 image_size=12690 (content 12666 bytes from 2 PT_LOAD segment(s))
elf2bin: ./.zig-cache/o/9922856723bab73614abac5e1b82bd82/user-savetext -> /Users/tbuddy/t3/zig/dos-fb-games/.zig-cache/o/4b145c6d9de9a632ec8a6ef89aa48b82/SAVETEXT.BIN: entry_offset=0x18 image_size=225 (content 201 bytes from 1 PT_LOAD segment(s))
elf2bin: ./.zig-cache/o/f7e326795f85c7d2a1063844673bcfc2/user-jingle -> /Users/tbuddy/t3/zig/dos-fb-games/.zig-cache/o/b28c2791ccd842bb4a360e1fcaaff2e7/JINGLE.BIN: entry_offset=0x18 image_size=8624 (content 8600 bytes from 2 PT_LOAD segment(s))
elf2bin: ./.zig-cache/o/1a99dd4708037a7b6b1acab947bdd401/user-tabwm -> /Users/tbuddy/t3/zig/dos-fb-games/.zig-cache/o/384a7b55b34dc85b9af26c372a1af837/TABWM.BIN: entry_offset=0x30 image_size=28772 text=28672 data=52 (bss tail 88484) from 3 PT_LOAD segment(s)
elf2bin: ./.zig-cache/o/512a39fa7ace8c25ef857d8dd143f7b1/user-desktop -> /Users/tbuddy/t3/zig/dos-fb-games/.zig-cache/o/d288c47856dff974bbfd29e7c7332b60/DESKTOP.BIN: entry_offset=0x30 image_size=20528 text=20480 data=0 (bss tail 81584) from 3 PT_LOAD segment(s)
elf2bin: ./.zig-cache/o/6a135345f0e6e77e2751c8002961558e/user-schedring -> /Users/tbuddy/t3/zig/dos-fb-games/.zig-cache/o/8916b734b7493e0a8502a53d92f0881b/SCHEDRING.BIN: entry_offset=0x18 image_size=213 (content 189 bytes from 1 PT_LOAD segment(s))
elf2bin: ./.zig-cache/o/5a41758f479ca7b33b16a625dd26dcb1/user-wnd -> /Users/tbuddy/t3/zig/dos-fb-games/.zig-cache/o/ec6d07b77749a1dfa7f68c964b609a12/WND.BIN: entry_offset=0x30 image_size=54504 text=53248 data=1208 (bss tail 193864) from 3 PT_LOAD segment(s)
elf2bin: ./.zig-cache/o/5470e69848f0e5ad7e819a51c8b8c917/user-counter -> /Users/tbuddy/t3/zig/dos-fb-games/.zig-cache/o/1dd2f87a2f22b9186ee59932de7d732b/COUNTER.BIN: entry_offset=0x18 image_size=940 (content 916 bytes from 1 PT_LOAD segment(s))
elf2bin: ./.zig-cache/o/e0c0c4214efe4ec549f7f0383fc738c2/user-sb6new -> /Users/tbuddy/t3/zig/dos-fb-games/.zig-cache/o/12de2bcad574fd990422991d1b803d76/SB6NEW.BIN: entry_offset=0x18 image_size=1273 (content 1249 bytes from 2 PT_LOAD segment(s))
elf2bin: ./.zig-cache/o/2fdc5ddbab2a17b93299acad7654c4d9/user-win -> /Users/tbuddy/t3/zig/dos-fb-games/.zig-cache/o/bdbe1e8c0a02b9f492a0a1809bf753d4/WIN.BIN: entry_offset=0x18 image_size=364 (content 340 bytes from 1 PT_LOAD segment(s))
elf2bin: ./.zig-cache/o/1bff0a56691760337161b9c5927d4fb4/user-ps -> /Users/tbuddy/t3/zig/dos-fb-games/.zig-cache/o/c1c91dfedf98cd66d000aef322e7cf73/PS.BIN: entry_offset=0x30 image_size=12336 text=12288 data=0 (bss tail 82800) from 3 PT_LOAD segment(s)
elf2bin: ./.zig-cache/o/f9b823878a7128e82af4b70b1e75d989/user-disas -> /Users/tbuddy/t3/zig/dos-fb-games/.zig-cache/o/4a3d6a91135a00218640528176c7c490/DISAS.BIN: entry_offset=0x18 image_size=6496 (content 6472 bytes from 2 PT_LOAD segment(s))
elf2bin: ./.zig-cache/o/0b2f0d6840d15250050b861b7b684082/user-sb4dam -> /Users/tbuddy/t3/zig/dos-fb-games/.zig-cache/o/a500c5aeda3f042fb457c78c77f8eda2/SB4DAM.BIN: entry_offset=0x18 image_size=434 (content 410 bytes from 2 PT_LOAD segment(s))
elf2bin: ./.zig-cache/o/fb555083c95185f3e4712658636e01f9/user-zc -> /Users/tbuddy/t3/zig/dos-fb-games/.zig-cache/o/1306a2e55905b2dc725e27530f11bb1c/ZC.BIN: entry_offset=0x30 image_size=32816 text=32768 data=0 (bss tail 216184) from 3 PT_LOAD segment(s)
elf2bin: ./.zig-cache/o/724156a0002ff11d98cb4dd929024f1f/user-sb5wm -> /Users/tbuddy/t3/zig/dos-fb-games/.zig-cache/o/f023dd2aefa403c5f07acc4a241079ec/SB5WM.BIN: entry_offset=0x18 image_size=2256 (content 2232 bytes from 2 PT_LOAD segment(s))
elf2bin: ./.zig-cache/o/e90a2a1675d70e45ba5ad1a3c99a019c/user-netprof -> /Users/tbuddy/t3/zig/dos-fb-games/.zig-cache/o/5f327fb4148f79ba43b3d0e14dfa14f7/NETPROF.BIN: entry_offset=0x18 image_size=4345 (content 4321 bytes from 2 PT_LOAD segment(s))
elf2bin: ./.zig-cache/o/af91bb5d2336fa9598296fe7e2c29959/user-winmove -> /Users/tbuddy/t3/zig/dos-fb-games/.zig-cache/o/6bec406e3c6e3b42bc528bc385d67e8f/WINMOVE.BIN: entry_offset=0x18 image_size=1340 (content 1316 bytes from 1 PT_LOAD segment(s))
elf2bin: ./.zig-cache/o/c70323867e00eff6e08e26661448d640/user-smpst-net -> /Users/tbuddy/t3/zig/dos-fb-games/.zig-cache/o/a9cfd98dbf1f23f29e07308378cdcf2b/SMPNET.BIN: entry_offset=0x30 image_size=4144 text=4096 data=0 (bss tail 4) from 3 PT_LOAD segment(s)
elf2bin: ./.zig-cache/o/c72fd955efc6a07573aacb13b8e21339/user-chime -> /Users/tbuddy/t3/zig/dos-fb-games/.zig-cache/o/4fc4c599b096adb8b09911d79b0c5791/CHIME.BIN: entry_offset=0x18 image_size=8688 (content 8664 bytes from 2 PT_LOAD segment(s))
elf2bin: ./.zig-cache/o/1c9b3871740b486870a6be38e30de055/user-file-browser -> /Users/tbuddy/t3/zig/dos-fb-games/.zig-cache/o/c4fb770dc95e9cda8384af9156f9b070/FILE.BIN: entry_offset=0x30 image_size=49248 text=49152 data=48 (bss tail 81584) from 3 PT_LOAD segment(s)
elf2bin: ./.zig-cache/o/a29176312a9e71a08ac6240dcb418323/user-udp -> /Users/tbuddy/t3/zig/dos-fb-games/.zig-cache/o/72311f5e06b98dc1988dcbfc9846a731/UDP.BIN: entry_offset=0x18 image_size=605 (content 581 bytes from 1 PT_LOAD segment(s))
elf2bin: ./.zig-cache/o/73161eb172b9eac098940ae9c22f4b23/user-calc -> /Users/tbuddy/t3/zig/dos-fb-games/.zig-cache/o/00e6e0960f2017d557196a204455770f/CALC.BIN: entry_offset=0x30 image_size=82016 text=81920 data=48 (bss tail 81592) from 3 PT_LOAD segment(s)
elf2bin: ./.zig-cache/o/023a62e9025c79d2e828a4c87261546e/user-sexiburg -> /Users/tbuddy/t3/zig/dos-fb-games/.zig-cache/o/a700a449ddb0c6a40eeec24944106767/SEXIBURG.BIN: entry_offset=0x30 image_size=45104 text=45056 data=0 (bss tail 109392) from 3 PT_LOAD segment(s)
elf2bin: ./.zig-cache/o/e6d19fcff162f5c5f228b205a2bd555a/user-netstat -> /Users/tbuddy/t3/zig/dos-fb-games/.zig-cache/o/c0975032dfe3fa6582cd64393e29a8ba/NETSTAT.BIN: entry_offset=0x30 image_size=16432 text=16384 data=0 (bss tail 81824) from 3 PT_LOAD segment(s)
elf2bin: ./.zig-cache/o/f35859df5deb3196d13d9da4fec50819/user-wndstub -> /Users/tbuddy/t3/zig/dos-fb-games/.zig-cache/o/18e38a339213c8b573388c331bd16ca0/WNDSTUB.BIN: entry_offset=0x18 image_size=230 (content 206 bytes from 1 PT_LOAD segment(s))
elf2bin: ./.zig-cache/o/de8d8c3c93bd2a587e6f65043098dbd0/user-traceroute -> /Users/tbuddy/t3/zig/dos-fb-games/.zig-cache/o/e92a3534bfa8a517a86db7374172b1b5/TRACEROUTE.BIN: entry_offset=0x18 image_size=2464 (content 2440 bytes from 2 PT_LOAD segment(s))
elf2bin: ./.zig-cache/o/4da86b50ea8972ea32625ead4e1a938e/user-harden -> /Users/tbuddy/t3/zig/dos-fb-games/.zig-cache/o/ccebc4933c2df8d686cdc3ccd55f937f/HARDEN.BIN: entry_offset=0x18 image_size=714 (content 690 bytes from 2 PT_LOAD segment(s))
elf2bin: ./.zig-cache/o/a91817d5a8333fe8a84335dfd1ab7698/user-hello -> /Users/tbuddy/t3/zig/dos-fb-games/.zig-cache/o/acbc519b08891d0ceb025c3cae3853fb/USER.BIN: entry_offset=0x18 image_size=393 (content 369 bytes from 1 PT_LOAD segment(s))
elf2bin: ./.zig-cache/o/096711e19ab7cb0e05a84c5f42d50d0f/user-chat -> /Users/tbuddy/t3/zig/dos-fb-games/.zig-cache/o/9442a0b07c4ead0959dba4ddf0d89041/CHAT.BIN: entry_offset=0x30 image_size=12336 text=12288 data=0 (bss tail 81584) from 3 PT_LOAD segment(s)
elf2bin: ./.zig-cache/o/80a5899e9d679826081409bdfa621b3a/user-fetch -> /Users/tbuddy/t3/zig/dos-fb-games/.zig-cache/o/47972f54ec3324ef5264a7abab081a51/FETCH.BIN: entry_offset=0x18 image_size=2979 (content 2955 bytes from 2 PT_LOAD segment(s))
elf2bin: ./.zig-cache/o/b53bb19abab1a800b3343c98e3c6edac/user-wmrpc -> /Users/tbuddy/t3/zig/dos-fb-games/.zig-cache/o/5fa271ba159990cef04e4c6885c110ea/WMRPC.BIN: entry_offset=0x18 image_size=4366 (content 4342 bytes from 2 PT_LOAD segment(s))
elf2bin: ./.zig-cache/o/5a55f9d85a61c8d87367f6a4676aab9a/user-guard -> /Users/tbuddy/t3/zig/dos-fb-games/.zig-cache/o/f1219d8f43d1467252fc886154bbe781/GUARD.BIN: entry_offset=0x18 image_size=88 (content 64 bytes from 1 PT_LOAD segment(s))
elf2bin: ./.zig-cache/o/b955832e5b609b0a56ee0a1286359d6f/user-smpst-file -> /Users/tbuddy/t3/zig/dos-fb-games/.zig-cache/o/8840d6f429e9801dc57be08c2175167c/SMPFILE.BIN: entry_offset=0x30 image_size=4144 text=4096 data=0 (bss tail 4) from 3 PT_LOAD segment(s)
elf2bin: ./.zig-cache/o/4fab8be63d9586bca03cfa7e13342466/user-sb3-own -> /Users/tbuddy/t3/zig/dos-fb-games/.zig-cache/o/6018417593a1f5f27efb95d3998603d8/SB3OWN.BIN: entry_offset=0x18 image_size=1127 (content 1103 bytes from 2 PT_LOAD segment(s))
elf2bin: ./.zig-cache/o/b6b48db40e50336d0f88382acc7971cb/user-sexitest -> /Users/tbuddy/t3/zig/dos-fb-games/.zig-cache/o/447c9cf3ce4e0ecaa0542fa790e045fa/SEXITEST.BIN: entry_offset=0x18 image_size=3088 (content 3064 bytes from 2 PT_LOAD segment(s))
elf2bin: ./.zig-cache/o/17499a16ea3783890f36dcf457e11b86/user-vmtest -> /Users/tbuddy/t3/zig/dos-fb-games/.zig-cache/o/bfafdb0759b1d2092ad746ae547af134/VMTEST.BIN: entry_offset=0x18 image_size=968 (content 944 bytes from 2 PT_LOAD segment(s))
elf2bin: ./.zig-cache/o/4d991fc6ceb842555b01d437637e4c3f/user-tabhold -> /Users/tbuddy/t3/zig/dos-fb-games/.zig-cache/o/3e842c29ecc4e81a89f06f492e2f562c/TABHOLD.BIN: entry_offset=0x18 image_size=2440 (content 2416 bytes from 2 PT_LOAD segment(s))
elf2bin: ./.zig-cache/o/e402cba64be88cb9a1e0a757085c8070/user-httpd -> /Users/tbuddy/t3/zig/dos-fb-games/.zig-cache/o/e67e12ce905ee624c14c07cf5a4d4c67/HTTPD.BIN: entry_offset=0x18 image_size=15305 (content 15281 bytes from 2 PT_LOAD segment(s))
elf2bin: ./.zig-cache/o/3411c6b2d9ee965c3e128c2091e718b7/user-hardening-victim -> /Users/tbuddy/t3/zig/dos-fb-games/.zig-cache/o/e652ac633d7ee71dbdc4b6c5be2f0c09/VICTIM.BIN: entry_offset=0x30 image_size=4144 text=4096 data=0 (bss tail 1112) from 3 PT_LOAD segment(s)
elf2bin: ./.zig-cache/o/f953992d496ebc0c1084e7cb0f1e9ff9/user-sysmon -> /Users/tbuddy/t3/zig/dos-fb-games/.zig-cache/o/aeb2ad93d8f16c8f6fc842116c37a98c/SYSMON.BIN: entry_offset=0x30 image_size=20576 text=20480 data=48 (bss tail 81584) from 3 PT_LOAD segment(s)
elf2bin: ./.zig-cache/o/7d938226a1f4e6200008120332ab1595/user-resmon -> /Users/tbuddy/t3/zig/dos-fb-games/.zig-cache/o/ebdaebbb44c877459004f974020f9a90/RESMON.BIN: entry_offset=0x30 image_size=12336 text=12288 data=0 (bss tail 82800) from 3 PT_LOAD segment(s)
elf2bin: ./.zig-cache/o/92702c4672e7242dcd48600ca216a27b/user-m21demo -> /Users/tbuddy/t3/zig/dos-fb-games/.zig-cache/o/8e69bb42bc6f19ceb1eaad9ce2ec26fd/M21DEMO.BIN: entry_offset=0x18 image_size=593 (content 569 bytes from 1 PT_LOAD segment(s))
elf2bin: ./.zig-cache/o/042073e21dd17eca541a19e2f6584202/user-tcp -> /Users/tbuddy/t3/zig/dos-fb-games/.zig-cache/o/9ee55916d4d1a796f79eb78a7599e24b/TCP.BIN: entry_offset=0x18 image_size=267 (content 243 bytes from 1 PT_LOAD segment(s))
elf2bin: ./.zig-cache/o/6a4db286c57e9b005cdad5342a842d4a/user-wasm -> /Users/tbuddy/t3/zig/dos-fb-games/.zig-cache/o/760af3cd41b141aa5dec2523907de1a3/WASM.BIN: entry_offset=0x30 image_size=63456 text=32768 data=30640 (bss tail 152728) from 3 PT_LOAD segment(s)
elf2bin: ./.zig-cache/o/6a94ebd826deb7c0f991f238fa9a6601/user-sb6old -> /Users/tbuddy/t3/zig/dos-fb-games/.zig-cache/o/a37a6c906ca8a0aa8578af500bc1ca5d/SB6OLD.BIN: entry_offset=0x18 image_size=476 (content 452 bytes from 2 PT_LOAD segment(s))
elf2bin: ./.zig-cache/o/dd1c0158e028dc5963b7135799d1d931/user-keytest -> /Users/tbuddy/t3/zig/dos-fb-games/.zig-cache/o/1fed85cdbbc0610981755e4c2e795e7e/KEYTEST.BIN: entry_offset=0x18 image_size=645 (content 621 bytes from 1 PT_LOAD segment(s))
elf2bin: ./.zig-cache/o/a12c373c47d29fde98ee075cc48b361e/user-settings -> /Users/tbuddy/t3/zig/dos-fb-games/.zig-cache/o/d29bc684fc7cd848a335419e630bbd57/SETTINGS.BIN: entry_offset=0x30 image_size=20576 text=20480 data=48 (bss tail 81584) from 3 PT_LOAD segment(s)
elf2bin: ./.zig-cache/o/e7f32f89ec31d13c1248792acc0490db/user-peer -> /Users/tbuddy/t3/zig/dos-fb-games/.zig-cache/o/8b62ff4016555b66312c926d4598e0f4/PEER.BIN: entry_offset=0x18 image_size=623 (content 599 bytes from 1 PT_LOAD segment(s))
elf2bin: ./.zig-cache/o/6d38d7cfaa9cd8eb9d2cc93d094dac8d/user-sb2-wm -> /Users/tbuddy/t3/zig/dos-fb-games/.zig-cache/o/c9cfe294f333ad46dff65a24ae1564d6/SB2WM.BIN: entry_offset=0x18 image_size=1824 (content 1800 bytes from 2 PT_LOAD segment(s))
elf2bin: ./.zig-cache/o/df528105e38c6b46ab576f2556c6f9a6/user-globals -> /Users/tbuddy/t3/zig/dos-fb-games/.zig-cache/o/2d2857bc19ad6668ae6c1eeba178709c/GLOBALS.BIN: entry_offset=0x30 image_size=28728 text=28672 data=8 (bss tail 4104) from 3 PT_LOAD segment(s)
elf2bin: ./.zig-cache/o/9dd5fb2be4029e8926a3b4f263f481b8/user-ping -> /Users/tbuddy/t3/zig/dos-fb-games/.zig-cache/o/9babd50e05d7b294331a392e5174edff/PING.BIN: entry_offset=0x18 image_size=5670 (content 5646 bytes from 2 PT_LOAD segment(s))
elf2bin: ./.zig-cache/o/32f5202d7b1ea6fc518b74ce7195239a/user-sb5own -> /Users/tbuddy/t3/zig/dos-fb-games/.zig-cache/o/a88e7c3c2e421fec7b2f5ddd63f5c490/SB5OWN.BIN: entry_offset=0x18 image_size=1141 (content 1117 bytes from 2 PT_LOAD segment(s))
elf2bin: ./.zig-cache/o/556ce42323e0e9cefb5c628f4e5c3ebb/user-status43 -> /Users/tbuddy/t3/zig/dos-fb-games/.zig-cache/o/267bf2f20edc02690e0d732f1e9ca666/STATUS43.BIN: entry_offset=0x18 image_size=134 (content 110 bytes from 1 PT_LOAD segment(s))
elf2bin: ./.zig-cache/o/34a3890754ca6f0d7cfdefbaa5001b65/user-dir -> /Users/tbuddy/t3/zig/dos-fb-games/.zig-cache/o/61f5b80a9ee67dba7481086ac36cfc15/DIR.BIN: entry_offset=0x18 image_size=248 (content 224 bytes from 1 PT_LOAD segment(s))
elf2bin: ./.zig-cache/o/b809a146d2e8b5443aaf17bd25e158bb/virelai-kernel -> /Users/tbuddy/t3/zig/dos-fb-games/.zig-cache/o/9bc7e7cb6bc18f9ee1c64d39cf8506d1/KERNEL.BIN: entry_offset=0x18 image_size=8616144 (content 8616120 bytes from 4 PT_LOAD segment(s))
make-image: building FAT32+GPT boot image 'artifacts/disk.img' (0 MiB)...
mkfat32: wrote artifacts/disk.img.tmp (169472 EFI + 8616144 kernel bytes)
make-image: verifying image contents...
size: 35364864 bytes (69072 sectors)
LBA0: MBR present
GPT: valid signature, header crc32=0xde33e5c4
GPT: ESP partition at LBA 2048, 67024 sectors
FAT: boot sig ok, label='VIRELAIOS', 512-byte sectors, 1 sector/cluster, 32 reserved, 2 FATs x 516 sectors, root cluster 2
FAT: directory tree:
  EFI/
    BOOT/
      BOOTAA64.EFI  (169472 bytes)
  KERNEL.BIN  (8616144 bytes)
make-image: done.
Building for production...
[2 / 3] VMRunner-product
[3 / 3] VMRunner-product
Build complete! (0.56 sec)
host/vm-runner/.build/release/VMRunner: replacing existing signature
gate-run: share armed (empty) at /var/folders/p_/h710w89x7b16x249r_061lkw0000gn/T//virelai-live-win-move.CBZv8E/share
mkhello-elf: wrote /var/folders/p_/h710w89x7b16x249r_061lkw0000gn/T//virelai-live-win-move.CBZv8E/share/HELLO.ELF (142 bytes; entry=0x400000 filesz=58)
mkhello-elf: wrote /var/folders/p_/h710w89x7b16x249r_061lkw0000gn/T//virelai-live-win-move.CBZv8E/share/CRASH.ELF (332 bytes; BRK inside 'crasher' at +4 -> tombstone note '(in crasher+0x4)')
Generated /var/folders/p_/h710w89x7b16x249r_061lkw0000gn/T//virelai-live-win-move.CBZv8E/share/LIBUI.SO (1240 bytes)
Generated /var/folders/p_/h710w89x7b16x249r_061lkw0000gn/T//virelai-live-win-move.CBZv8E/share/LIBFONT.SO (456 bytes)
Generated /var/folders/p_/h710w89x7b16x249r_061lkw0000gn/T//virelai-live-win-move.CBZv8E/share/PLUGIN.SO (480 bytes)
Generated /var/folders/p_/h710w89x7b16x249r_061lkw0000gn/T//virelai-live-win-move.CBZv8E/share/DYNAPP.ELF (8192 bytes)
Generated /var/folders/p_/h710w89x7b16x249r_061lkw0000gn/T//virelai-live-win-move.CBZv8E/share/CALC.ELF (8192 bytes)
Generated /var/folders/p_/h710w89x7b16x249r_061lkw0000gn/T//virelai-live-win-move.CBZv8E/share/NOTEPAD.ELF (8192 bytes)
Generated /var/folders/p_/h710w89x7b16x249r_061lkw0000gn/T//virelai-live-win-move.CBZv8E/share/FILE.ELF (8192 bytes)
Generated /var/folders/p_/h710w89x7b16x249r_061lkw0000gn/T//virelai-live-win-move.CBZv8E/share/DESKTOP.ELF (8192 bytes)
gate-run: share seeded at /var/folders/p_/h710w89x7b16x249r_061lkw0000gn/T//virelai-live-win-move.CBZv8E/share (90 files, 23 APPS.TXT entries)
run dir: /var/folders/p_/h710w89x7b16x249r_061lkw0000gn/T//virelai-live-win-move.CBZv8E

=== live-win-move run 01 ===
01: runner-rc=0
  serial-contains [winmove: open id=2]=1
  serial-contains [winmove: fill ok]=1
  serial-contains [winmove: present ok]=1
  serial-contains [winmove: move ok]=1
  serial-contains [winmove: raise ok]=1
  serial-contains [winmove: loop ok]=1
  serial-contains [winmove: get 768,336,512,384]=1
  serial-contains [winmove: query 768,336,512,384 z=4 focused=1 visible=1 dirty=1]=1
  serial-contains [winmove: hide ok]=1
  serial-contains [winmove: show ok]=1
  serial-contains [dui: windows=5]=1
  serial-contains [dui[4]: user user rect=768,336,512,384]=1
  python [01] PASS
  serial-contains [syscalls: slots=64 implemented=66]=1
  serial-contains [  16 sys_win_move calls=2]=1
  serial-contains [  17 sys_win_raise calls=1]=1
  serial-contains [  18 sys_win_get calls=1]=1
  serial-contains [  19 sys_win_query calls=1]=1
  serial-contains [  20 sys_win_set_visible calls=2]=1
  serial-contains [  14 sys_win_present calls=3]=1
  serial-contains [  15 sys_win_close calls=0]=1
  serial-contains [dui move: moved=2 to 768,336]=1
  serial-contains [dui raise: raised=2]=1
  serial-absent [[EXC] parking:] ok=1
hidden blocks: red=darkblue cyan=darkblue white=darkblue
hidden whole rect: {'darkblue': 181864}
PASS: the window's own rendered content is GONE from the clamped spot while hidden (the terminal beneath is revealed)
  snapshot [gpu-screen-after] PASS (gpu-screen-after)
blocks-at-new: red=red cyan=cyan white=white
new window body: {'darkblue': 70896} darkblue=1.000
blocks-at-old: red=darkblue cyan=darkblue white=darkblue
PASS: WINMOVE's own rendered content (dark-blue background + red/cyan/white blocks) is at the CLAMPED NEW position, with the old spot showing the terminal — the window really moved
  snapshot [gpu-screen-*] PASS (gpu-screen-15s)
01: PASS

=== result ===
vgate live-win-move: PASS (1/1 runs)
--- [12/13] PASS live-win-move (36s)

--- [13/13] spec live-wnd8-dialog-drain
=== vgate live-wnd8-dialog-drain: WMS8 Gates 2+3: about dialog drains into WND.BIN ===
spec: /Users/tbuddy/t3/zig/dos-fb-games/tools/gate/specs/live-wnd8-dialog-drain.spec
revision: c7290e65db8437890d0051c79bf8daccbc159446 branch=agent/buffy/gf6-closeout dirty-files=4
elf2bin: ./.zig-cache/o/de8d8c3c93bd2a587e6f65043098dbd0/user-traceroute -> /Users/tbuddy/t3/zig/dos-fb-games/.zig-cache/o/e92a3534bfa8a517a86db7374172b1b5/TRACEROUTE.BIN: entry_offset=0x18 image_size=2464 (content 2440 bytes from 2 PT_LOAD segment(s))
elf2bin: ./.zig-cache/o/0d41c059f2f1c015a7aa45b8e1aa9878/user-spin -> /Users/tbuddy/t3/zig/dos-fb-games/.zig-cache/o/38d336ac883e609d061b080308b76a07/SPIN.BIN: entry_offset=0x18 image_size=132 (content 108 bytes from 1 PT_LOAD segment(s))
elf2bin: ./.zig-cache/o/e0c0c4214efe4ec549f7f0383fc738c2/user-sb6new -> /Users/tbuddy/t3/zig/dos-fb-games/.zig-cache/o/12de2bcad574fd990422991d1b803d76/SB6NEW.BIN: entry_offset=0x18 image_size=1273 (content 1249 bytes from 2 PT_LOAD segment(s))
elf2bin: ./.zig-cache/o/4da86b50ea8972ea32625ead4e1a938e/user-harden -> /Users/tbuddy/t3/zig/dos-fb-games/.zig-cache/o/ccebc4933c2df8d686cdc3ccd55f937f/HARDEN.BIN: entry_offset=0x18 image_size=714 (content 690 bytes from 2 PT_LOAD segment(s))
elf2bin: ./.zig-cache/o/6f46a2be4c0997be9d20e2d1590c8558/user-sb2-own -> /Users/tbuddy/t3/zig/dos-fb-games/.zig-cache/o/ec3b97240afd2436deb3f8f4c75c2a34/SB2OWN.BIN: entry_offset=0x18 image_size=979 (content 955 bytes from 2 PT_LOAD segment(s))
elf2bin: ./.zig-cache/o/512a39fa7ace8c25ef857d8dd143f7b1/user-desktop -> /Users/tbuddy/t3/zig/dos-fb-games/.zig-cache/o/d288c47856dff974bbfd29e7c7332b60/DESKTOP.BIN: entry_offset=0x30 image_size=20528 text=20480 data=0 (bss tail 81584) from 3 PT_LOAD segment(s)
elf2bin: ./.zig-cache/o/b6b48db40e50336d0f88382acc7971cb/user-sexitest -> /Users/tbuddy/t3/zig/dos-fb-games/.zig-cache/o/447c9cf3ce4e0ecaa0542fa790e045fa/SEXITEST.BIN: entry_offset=0x18 image_size=3088 (content 3064 bytes from 2 PT_LOAD segment(s))
elf2bin: ./.zig-cache/o/c72fd955efc6a07573aacb13b8e21339/user-chime -> /Users/tbuddy/t3/zig/dos-fb-games/.zig-cache/o/4fc4c599b096adb8b09911d79b0c5791/CHIME.BIN: entry_offset=0x18 image_size=8688 (content 8664 bytes from 2 PT_LOAD segment(s))
elf2bin: ./.zig-cache/o/b809a146d2e8b5443aaf17bd25e158bb/virelai-kernel -> /Users/tbuddy/t3/zig/dos-fb-games/.zig-cache/o/9bc7e7cb6bc18f9ee1c64d39cf8506d1/KERNEL.BIN: entry_offset=0x18 image_size=8616144 (content 8616120 bytes from 4 PT_LOAD segment(s))
elf2bin: ./.zig-cache/o/4d991fc6ceb842555b01d437637e4c3f/user-tabhold -> /Users/tbuddy/t3/zig/dos-fb-games/.zig-cache/o/3e842c29ecc4e81a89f06f492e2f562c/TABHOLD.BIN: entry_offset=0x18 image_size=2440 (content 2416 bytes from 2 PT_LOAD segment(s))
elf2bin: ./.zig-cache/o/e6d19fcff162f5c5f228b205a2bd555a/user-netstat -> /Users/tbuddy/t3/zig/dos-fb-games/.zig-cache/o/c0975032dfe3fa6582cd64393e29a8ba/NETSTAT.BIN: entry_offset=0x30 image_size=16432 text=16384 data=0 (bss tail 81824) from 3 PT_LOAD segment(s)
elf2bin: ./.zig-cache/o/0b2f0d6840d15250050b861b7b684082/user-sb4dam -> /Users/tbuddy/t3/zig/dos-fb-games/.zig-cache/o/a500c5aeda3f042fb457c78c77f8eda2/SB4DAM.BIN: entry_offset=0x18 image_size=434 (content 410 bytes from 2 PT_LOAD segment(s))
elf2bin: ./.zig-cache/o/1bff0a56691760337161b9c5927d4fb4/user-ps -> /Users/tbuddy/t3/zig/dos-fb-games/.zig-cache/o/c1c91dfedf98cd66d000aef322e7cf73/PS.BIN: entry_offset=0x30 image_size=12336 text=12288 data=0 (bss tail 82800) from 3 PT_LOAD segment(s)
elf2bin: ./.zig-cache/o/df528105e38c6b46ab576f2556c6f9a6/user-globals -> /Users/tbuddy/t3/zig/dos-fb-games/.zig-cache/o/2d2857bc19ad6668ae6c1eeba178709c/GLOBALS.BIN: entry_offset=0x30 image_size=28728 text=28672 data=8 (bss tail 4104) from 3 PT_LOAD segment(s)
elf2bin: ./.zig-cache/o/4e79477318f85a42f825b306ecf54b93/user-top -> /Users/tbuddy/t3/zig/dos-fb-games/.zig-cache/o/587bca890e385b8619d533af17a7f86b/TOP.BIN: entry_offset=0x30 image_size=28768 text=28672 data=48 (bss tail 81584) from 3 PT_LOAD segment(s)
elf2bin: ./.zig-cache/o/a12c373c47d29fde98ee075cc48b361e/user-settings -> /Users/tbuddy/t3/zig/dos-fb-games/.zig-cache/o/d29bc684fc7cd848a335419e630bbd57/SETTINGS.BIN: entry_offset=0x30 image_size=20576 text=20480 data=48 (bss tail 81584) from 3 PT_LOAD segment(s)
elf2bin: ./.zig-cache/o/34a3890754ca6f0d7cfdefbaa5001b65/user-dir -> /Users/tbuddy/t3/zig/dos-fb-games/.zig-cache/o/61f5b80a9ee67dba7481086ac36cfc15/DIR.BIN: entry_offset=0x18 image_size=248 (content 224 bytes from 1 PT_LOAD segment(s))
elf2bin: ./.zig-cache/o/c48f9ec4b46f8266eb339f5434fcf272/user-smp1 -> /Users/tbuddy/t3/zig/dos-fb-games/.zig-cache/o/4d122d39e03480e81842e2610545cb2f/SMP1.BIN: entry_offset=0x18 image_size=159 (content 135 bytes from 1 PT_LOAD segment(s))
elf2bin: ./.zig-cache/o/140d7d25e93f00ac91f130c794ea06e1/user-sb3-wm -> /Users/tbuddy/t3/zig/dos-fb-games/.zig-cache/o/b6603ff1ec8a5dad49a7570e26f5c40c/SB3WM.BIN: entry_offset=0x18 image_size=1960 (content 1936 bytes from 2 PT_LOAD segment(s))
elf2bin: ./.zig-cache/o/1a99dd4708037a7b6b1acab947bdd401/user-tabwm -> /Users/tbuddy/t3/zig/dos-fb-games/.zig-cache/o/384a7b55b34dc85b9af26c372a1af837/TABWM.BIN: entry_offset=0x30 image_size=28772 text=28672 data=52 (bss tail 88484) from 3 PT_LOAD segment(s)
elf2bin: ./.zig-cache/o/053bfbccc25440fd5f932768b5005120/user-devcons -> /Users/tbuddy/t3/zig/dos-fb-games/.zig-cache/o/7f0926e7da79cd88f74af92dfbc6085c/DEVCONS.BIN: entry_offset=0x30 image_size=16492 text=16384 data=60 (bss tail 118508) from 3 PT_LOAD segment(s)
elf2bin: ./.zig-cache/o/dd1c0158e028dc5963b7135799d1d931/user-keytest -> /Users/tbuddy/t3/zig/dos-fb-games/.zig-cache/o/1fed85cdbbc0610981755e4c2e795e7e/KEYTEST.BIN: entry_offset=0x18 image_size=645 (content 621 bytes from 1 PT_LOAD segment(s))
elf2bin: ./.zig-cache/o/6a94ebd826deb7c0f991f238fa9a6601/user-sb6old -> /Users/tbuddy/t3/zig/dos-fb-games/.zig-cache/o/a37a6c906ca8a0aa8578af500bc1ca5d/SB6OLD.BIN: entry_offset=0x18 image_size=476 (content 452 bytes from 2 PT_LOAD segment(s))
elf2bin: ./.zig-cache/o/e15a54d957ac40caa6e28f1df7d8377c/user-notepad -> /Users/tbuddy/t3/zig/dos-fb-games/.zig-cache/o/5fa31d5b5e3154684223bd82cc76fe24/NOTEPAD.BIN: entry_offset=0x30 image_size=28768 text=28672 data=48 (bss tail 81584) from 3 PT_LOAD segment(s)
elf2bin: ./.zig-cache/o/92702c4672e7242dcd48600ca216a27b/user-m21demo -> /Users/tbuddy/t3/zig/dos-fb-games/.zig-cache/o/8e69bb42bc6f19ceb1eaad9ce2ec26fd/M21DEMO.BIN: entry_offset=0x18 image_size=593 (content 569 bytes from 1 PT_LOAD segment(s))
elf2bin: ./.zig-cache/o/17499a16ea3783890f36dcf457e11b86/user-vmtest -> /Users/tbuddy/t3/zig/dos-fb-games/.zig-cache/o/bfafdb0759b1d2092ad746ae547af134/VMTEST.BIN: entry_offset=0x18 image_size=968 (content 944 bytes from 2 PT_LOAD segment(s))
elf2bin: ./.zig-cache/o/2fdc5ddbab2a17b93299acad7654c4d9/user-win -> /Users/tbuddy/t3/zig/dos-fb-games/.zig-cache/o/bdbe1e8c0a02b9f492a0a1809bf753d4/WIN.BIN: entry_offset=0x18 image_size=364 (content 340 bytes from 1 PT_LOAD segment(s))
elf2bin: ./.zig-cache/o/9dd5fb2be4029e8926a3b4f263f481b8/user-ping -> /Users/tbuddy/t3/zig/dos-fb-games/.zig-cache/o/9babd50e05d7b294331a392e5174edff/PING.BIN: entry_offset=0x18 image_size=5670 (content 5646 bytes from 2 PT_LOAD segment(s))
elf2bin: ./.zig-cache/o/a29176312a9e71a08ac6240dcb418323/user-udp -> /Users/tbuddy/t3/zig/dos-fb-games/.zig-cache/o/72311f5e06b98dc1988dcbfc9846a731/UDP.BIN: entry_offset=0x18 image_size=605 (content 581 bytes from 1 PT_LOAD segment(s))
elf2bin: ./.zig-cache/o/9922856723bab73614abac5e1b82bd82/user-savetext -> /Users/tbuddy/t3/zig/dos-fb-games/.zig-cache/o/4b145c6d9de9a632ec8a6ef89aa48b82/SAVETEXT.BIN: entry_offset=0x18 image_size=225 (content 201 bytes from 1 PT_LOAD segment(s))
elf2bin: ./.zig-cache/o/0c4f24165d937a6e89642938a95a01e9/user-type -> /Users/tbuddy/t3/zig/dos-fb-games/.zig-cache/o/7a445aad4e3d67217215d69661cec034/TYPE.BIN: entry_offset=0x18 image_size=232 (content 208 bytes from 1 PT_LOAD segment(s))
elf2bin: ./.zig-cache/o/f953992d496ebc0c1084e7cb0f1e9ff9/user-sysmon -> /Users/tbuddy/t3/zig/dos-fb-games/.zig-cache/o/aeb2ad93d8f16c8f6fc842116c37a98c/SYSMON.BIN: entry_offset=0x30 image_size=20576 text=20480 data=48 (bss tail 81584) from 3 PT_LOAD segment(s)
elf2bin: ./.zig-cache/o/6d38d7cfaa9cd8eb9d2cc93d094dac8d/user-sb2-wm -> /Users/tbuddy/t3/zig/dos-fb-games/.zig-cache/o/c9cfe294f333ad46dff65a24ae1564d6/SB2WM.BIN: entry_offset=0x18 image_size=1824 (content 1800 bytes from 2 PT_LOAD segment(s))
elf2bin: ./.zig-cache/o/e2de6e54d62f6b6f2139792b6221f74c/user-timertest -> /Users/tbuddy/t3/zig/dos-fb-games/.zig-cache/o/8ac200506b8113ea24eaccaed9417751/TIMER.BIN: entry_offset=0x18 image_size=1129 (content 1105 bytes from 2 PT_LOAD segment(s))
elf2bin: ./.zig-cache/o/b53bb19abab1a800b3343c98e3c6edac/user-wmrpc -> /Users/tbuddy/t3/zig/dos-fb-games/.zig-cache/o/5fa271ba159990cef04e4c6885c110ea/WMRPC.BIN: entry_offset=0x18 image_size=4366 (content 4342 bytes from 2 PT_LOAD segment(s))
elf2bin: ./.zig-cache/o/023a62e9025c79d2e828a4c87261546e/user-sexiburg -> /Users/tbuddy/t3/zig/dos-fb-games/.zig-cache/o/a700a449ddb0c6a40eeec24944106767/SEXIBURG.BIN: entry_offset=0x30 image_size=45104 text=45056 data=0 (bss tail 109392) from 3 PT_LOAD segment(s)
elf2bin: ./.zig-cache/o/f7e326795f85c7d2a1063844673bcfc2/user-jingle -> /Users/tbuddy/t3/zig/dos-fb-games/.zig-cache/o/b28c2791ccd842bb4a360e1fcaaff2e7/JINGLE.BIN: entry_offset=0x18 image_size=8624 (content 8600 bytes from 2 PT_LOAD segment(s))
elf2bin: ./.zig-cache/o/a91817d5a8333fe8a84335dfd1ab7698/user-hello -> /Users/tbuddy/t3/zig/dos-fb-games/.zig-cache/o/acbc519b08891d0ceb025c3cae3853fb/USER.BIN: entry_offset=0x18 image_size=393 (content 369 bytes from 1 PT_LOAD segment(s))
elf2bin: ./.zig-cache/o/e7f32f89ec31d13c1248792acc0490db/user-peer -> /Users/tbuddy/t3/zig/dos-fb-games/.zig-cache/o/8b62ff4016555b66312c926d4598e0f4/PEER.BIN: entry_offset=0x18 image_size=623 (content 599 bytes from 1 PT_LOAD segment(s))
elf2bin: ./.zig-cache/o/c181519619fd6cdf3e9b8e9cab68b6da/user-smpst-win -> /Users/tbuddy/t3/zig/dos-fb-games/.zig-cache/o/27ddfbea3880345354fd046b184b398c/SMPWIN.BIN: entry_offset=0x30 image_size=4144 text=4096 data=0 (bss tail 4) from 3 PT_LOAD segment(s)
elf2bin: ./.zig-cache/o/e0e1cd8a19e2abf771d66c715d79a9f7/user-winclose -> /Users/tbuddy/t3/zig/dos-fb-games/.zig-cache/o/43b9cd0e5f216903ad80e496d195f858/WINCLOSE.BIN: entry_offset=0x18 image_size=261 (content 237 bytes from 1 PT_LOAD segment(s))
elf2bin: ./.zig-cache/o/b84f734af113c7bb1cdda926376d52e3/user-sb6wm -> /Users/tbuddy/t3/zig/dos-fb-games/.zig-cache/o/3efa6e5811528fbb4dd21a5970a82afd/SB6WM.BIN: entry_offset=0x18 image_size=2600 (content 2576 bytes from 2 PT_LOAD segment(s))
elf2bin: ./.zig-cache/o/3411c6b2d9ee965c3e128c2091e718b7/user-hardening-victim -> /Users/tbuddy/t3/zig/dos-fb-games/.zig-cache/o/e652ac633d7ee71dbdc4b6c5be2f0c09/VICTIM.BIN: entry_offset=0x30 image_size=4144 text=4096 data=0 (bss tail 1112) from 3 PT_LOAD segment(s)
elf2bin: ./.zig-cache/o/6a4db286c57e9b005cdad5342a842d4a/user-wasm -> /Users/tbuddy/t3/zig/dos-fb-games/.zig-cache/o/760af3cd41b141aa5dec2523907de1a3/WASM.BIN: entry_offset=0x30 image_size=63456 text=32768 data=30640 (bss tail 152728) from 3 PT_LOAD segment(s)
elf2bin: ./.zig-cache/o/5a41758f479ca7b33b16a625dd26dcb1/user-wnd -> /Users/tbuddy/t3/zig/dos-fb-games/.zig-cache/o/ec6d07b77749a1dfa7f68c964b609a12/WND.BIN: entry_offset=0x30 image_size=54504 text=53248 data=1208 (bss tail 193864) from 3 PT_LOAD segment(s)
elf2bin: ./.zig-cache/o/e90a2a1675d70e45ba5ad1a3c99a019c/user-netprof -> /Users/tbuddy/t3/zig/dos-fb-games/.zig-cache/o/5f327fb4148f79ba43b3d0e14dfa14f7/NETPROF.BIN: entry_offset=0x18 image_size=4345 (content 4321 bytes from 2 PT_LOAD segment(s))
elf2bin: ./.zig-cache/o/556ce42323e0e9cefb5c628f4e5c3ebb/user-status43 -> /Users/tbuddy/t3/zig/dos-fb-games/.zig-cache/o/267bf2f20edc02690e0d732f1e9ca666/STATUS43.BIN: entry_offset=0x18 image_size=134 (content 110 bytes from 1 PT_LOAD segment(s))
elf2bin: ./.zig-cache/o/c70323867e00eff6e08e26661448d640/user-smpst-net -> /Users/tbuddy/t3/zig/dos-fb-games/.zig-cache/o/a9cfd98dbf1f23f29e07308378cdcf2b/SMPNET.BIN: entry_offset=0x30 image_size=4144 text=4096 data=0 (bss tail 4) from 3 PT_LOAD segment(s)
elf2bin: ./.zig-cache/o/af91bb5d2336fa9598296fe7e2c29959/user-winmove -> /Users/tbuddy/t3/zig/dos-fb-games/.zig-cache/o/6bec406e3c6e3b42bc528bc385d67e8f/WINMOVE.BIN: entry_offset=0x18 image_size=1340 (content 1316 bytes from 1 PT_LOAD segment(s))
elf2bin: ./.zig-cache/o/f9b823878a7128e82af4b70b1e75d989/user-disas -> /Users/tbuddy/t3/zig/dos-fb-games/.zig-cache/o/4a3d6a91135a00218640528176c7c490/DISAS.BIN: entry_offset=0x18 image_size=6496 (content 6472 bytes from 2 PT_LOAD segment(s))
elf2bin: ./.zig-cache/o/4190ef1c6173636fe5715488aff00bbe/user-view -> /Users/tbuddy/t3/zig/dos-fb-games/.zig-cache/o/853118821b4c40e157619e51b881f1dc/VIEW.BIN: entry_offset=0x30 image_size=28904 text=28672 data=184 (bss tail 89880) from 3 PT_LOAD segment(s)
elf2bin: ./.zig-cache/o/5470e69848f0e5ad7e819a51c8b8c917/user-counter -> /Users/tbuddy/t3/zig/dos-fb-games/.zig-cache/o/1dd2f87a2f22b9186ee59932de7d732b/COUNTER.BIN: entry_offset=0x18 image_size=940 (content 916 bytes from 1 PT_LOAD segment(s))
elf2bin: ./.zig-cache/o/5a55f9d85a61c8d87367f6a4676aab9a/user-guard -> /Users/tbuddy/t3/zig/dos-fb-games/.zig-cache/o/f1219d8f43d1467252fc886154bbe781/GUARD.BIN: entry_offset=0x18 image_size=88 (content 64 bytes from 1 PT_LOAD segment(s))
elf2bin: ./.zig-cache/o/096711e19ab7cb0e05a84c5f42d50d0f/user-chat -> /Users/tbuddy/t3/zig/dos-fb-games/.zig-cache/o/9442a0b07c4ead0959dba4ddf0d89041/CHAT.BIN: entry_offset=0x30 image_size=12336 text=12288 data=0 (bss tail 81584) from 3 PT_LOAD segment(s)
elf2bin: ./.zig-cache/o/cae78eb9ad8bb5496318e3cd659f977d/user-smpst-ev -> /Users/tbuddy/t3/zig/dos-fb-games/.zig-cache/o/da63ddb5db09284d520214baa071d15f/SMPEV.BIN: entry_offset=0x30 image_size=4144 text=4096 data=0 (bss tail 4) from 3 PT_LOAD segment(s)
elf2bin: ./.zig-cache/o/b955832e5b609b0a56ee0a1286359d6f/user-smpst-file -> /Users/tbuddy/t3/zig/dos-fb-games/.zig-cache/o/8840d6f429e9801dc57be08c2175167c/SMPFILE.BIN: entry_offset=0x30 image_size=4144 text=4096 data=0 (bss tail 4) from 3 PT_LOAD segment(s)
elf2bin: ./.zig-cache/o/042073e21dd17eca541a19e2f6584202/user-tcp -> /Users/tbuddy/t3/zig/dos-fb-games/.zig-cache/o/9ee55916d4d1a796f79eb78a7599e24b/TCP.BIN: entry_offset=0x18 image_size=267 (content 243 bytes from 1 PT_LOAD segment(s))
elf2bin: ./.zig-cache/o/724156a0002ff11d98cb4dd929024f1f/user-sb5wm -> /Users/tbuddy/t3/zig/dos-fb-games/.zig-cache/o/f023dd2aefa403c5f07acc4a241079ec/SB5WM.BIN: entry_offset=0x18 image_size=2256 (content 2232 bytes from 2 PT_LOAD segment(s))
elf2bin: ./.zig-cache/o/deea6614f589cdf7ce1d638ba1ecf44c/user-edit -> /Users/tbuddy/t3/zig/dos-fb-games/.zig-cache/o/8af60b505e564dc8e3508ea83adf1c2c/EDIT.BIN: entry_offset=0x30 image_size=246160 text=49152 data=196960 (bss tail 115880) from 3 PT_LOAD segment(s)
elf2bin: ./.zig-cache/o/5cf2f4b644664ab6352c68c7dccbc8b7/user-dns -> /Users/tbuddy/t3/zig/dos-fb-games/.zig-cache/o/76d254dc367d45524f01eb01df7bfe5d/DNS.BIN: entry_offset=0x18 image_size=4711 (content 4687 bytes from 2 PT_LOAD segment(s))
elf2bin: ./.zig-cache/o/6a135345f0e6e77e2751c8002961558e/user-schedring -> /Users/tbuddy/t3/zig/dos-fb-games/.zig-cache/o/8916b734b7493e0a8502a53d92f0881b/SCHEDRING.BIN: entry_offset=0x18 image_size=213 (content 189 bytes from 1 PT_LOAD segment(s))
elf2bin: ./.zig-cache/o/73161eb172b9eac098940ae9c22f4b23/user-calc -> /Users/tbuddy/t3/zig/dos-fb-games/.zig-cache/o/00e6e0960f2017d557196a204455770f/CALC.BIN: entry_offset=0x30 image_size=82016 text=81920 data=48 (bss tail 81592) from 3 PT_LOAD segment(s)
elf2bin: ./.zig-cache/o/1c9b3871740b486870a6be38e30de055/user-file-browser -> /Users/tbuddy/t3/zig/dos-fb-games/.zig-cache/o/c4fb770dc95e9cda8384af9156f9b070/FILE.BIN: entry_offset=0x30 image_size=49248 text=49152 data=48 (bss tail 81584) from 3 PT_LOAD segment(s)
elf2bin: ./.zig-cache/o/ade01e621747395a80467fdec294bb7d/user-winloop -> /Users/tbuddy/t3/zig/dos-fb-games/.zig-cache/o/fe803f9360afd6e6a5c7d792d8a56a7b/WINLOOP.BIN: entry_offset=0x18 image_size=417 (content 393 bytes from 1 PT_LOAD segment(s))
elf2bin: ./.zig-cache/o/fb555083c95185f3e4712658636e01f9/user-zc -> /Users/tbuddy/t3/zig/dos-fb-games/.zig-cache/o/1306a2e55905b2dc725e27530f11bb1c/ZC.BIN: entry_offset=0x30 image_size=32816 text=32768 data=0 (bss tail 216184) from 3 PT_LOAD segment(s)
elf2bin: ./.zig-cache/o/7d938226a1f4e6200008120332ab1595/user-resmon -> /Users/tbuddy/t3/zig/dos-fb-games/.zig-cache/o/ebdaebbb44c877459004f974020f9a90/RESMON.BIN: entry_offset=0x30 image_size=12336 text=12288 data=0 (bss tail 82800) from 3 PT_LOAD segment(s)
elf2bin: ./.zig-cache/o/720d6a257d2f690057e894d3c29935df/user-asm -> /Users/tbuddy/t3/zig/dos-fb-games/.zig-cache/o/894c1bb1ceb2f9b3b920e472f0fcea14/ASM.BIN: entry_offset=0x18 image_size=12690 (content 12666 bytes from 2 PT_LOAD segment(s))
elf2bin: ./.zig-cache/o/f35859df5deb3196d13d9da4fec50819/user-wndstub -> /Users/tbuddy/t3/zig/dos-fb-games/.zig-cache/o/18e38a339213c8b573388c331bd16ca0/WNDSTUB.BIN: entry_offset=0x18 image_size=230 (content 206 bytes from 1 PT_LOAD segment(s))
elf2bin: ./.zig-cache/o/e402cba64be88cb9a1e0a757085c8070/user-httpd -> /Users/tbuddy/t3/zig/dos-fb-games/.zig-cache/o/e67e12ce905ee624c14c07cf5a4d4c67/HTTPD.BIN: entry_offset=0x18 image_size=15305 (content 15281 bytes from 2 PT_LOAD segment(s))
elf2bin: ./.zig-cache/o/4fab8be63d9586bca03cfa7e13342466/user-sb3-own -> /Users/tbuddy/t3/zig/dos-fb-games/.zig-cache/o/6018417593a1f5f27efb95d3998603d8/SB3OWN.BIN: entry_offset=0x18 image_size=1127 (content 1103 bytes from 2 PT_LOAD segment(s))
elf2bin: ./.zig-cache/o/80a5899e9d679826081409bdfa621b3a/user-fetch -> /Users/tbuddy/t3/zig/dos-fb-games/.zig-cache/o/47972f54ec3324ef5264a7abab081a51/FETCH.BIN: entry_offset=0x18 image_size=2979 (content 2955 bytes from 2 PT_LOAD segment(s))
elf2bin: ./.zig-cache/o/6dd7f345443e036b434c153a0caea26f/user-download -> /Users/tbuddy/t3/zig/dos-fb-games/.zig-cache/o/452229232d5f746142344b708975b7e8/DOWNLOAD.BIN: entry_offset=0x18 image_size=3255 (content 3231 bytes from 2 PT_LOAD segment(s))
elf2bin: ./.zig-cache/o/32f5202d7b1ea6fc518b74ce7195239a/user-sb5own -> /Users/tbuddy/t3/zig/dos-fb-games/.zig-cache/o/a88e7c3c2e421fec7b2f5ddd63f5c490/SB5OWN.BIN: entry_offset=0x18 image_size=1141 (content 1117 bytes from 2 PT_LOAD segment(s))
elf2bin: ./.zig-cache/o/b809a146d2e8b5443aaf17bd25e158bb/virelai-kernel -> /Users/tbuddy/t3/zig/dos-fb-games/.zig-cache/o/9bc7e7cb6bc18f9ee1c64d39cf8506d1/KERNEL.BIN: entry_offset=0x18 image_size=8616144 (content 8616120 bytes from 4 PT_LOAD segment(s))
make-image: building FAT32+GPT boot image 'artifacts/disk.img' (0 MiB)...
mkfat32: wrote artifacts/disk.img.tmp (169472 EFI + 8616144 kernel bytes)
make-image: verifying image contents...
size: 35364864 bytes (69072 sectors)
LBA0: MBR present
GPT: valid signature, header crc32=0xde33e5c4
GPT: ESP partition at LBA 2048, 67024 sectors
FAT: boot sig ok, label='VIRELAIOS', 512-byte sectors, 1 sector/cluster, 32 reserved, 2 FATs x 516 sectors, root cluster 2
FAT: directory tree:
  EFI/
    BOOT/
      BOOTAA64.EFI  (169472 bytes)
  KERNEL.BIN  (8616144 bytes)
make-image: done.
Building for production...
[2 / 3] VMRunner-product
[3 / 3] VMRunner-product
Build complete! (0.57 sec)
host/vm-runner/.build/release/VMRunner: replacing existing signature
gate-run: share armed (empty) at /var/folders/p_/h710w89x7b16x249r_061lkw0000gn/T//virelai-live-wnd8-dialog-drain.GAyhq9/share
mkhello-elf: wrote /var/folders/p_/h710w89x7b16x249r_061lkw0000gn/T//virelai-live-wnd8-dialog-drain.GAyhq9/share/HELLO.ELF (142 bytes; entry=0x400000 filesz=58)
mkhello-elf: wrote /var/folders/p_/h710w89x7b16x249r_061lkw0000gn/T//virelai-live-wnd8-dialog-drain.GAyhq9/share/CRASH.ELF (332 bytes; BRK inside 'crasher' at +4 -> tombstone note '(in crasher+0x4)')
Generated /var/folders/p_/h710w89x7b16x249r_061lkw0000gn/T//virelai-live-wnd8-dialog-drain.GAyhq9/share/LIBUI.SO (1240 bytes)
Generated /var/folders/p_/h710w89x7b16x249r_061lkw0000gn/T//virelai-live-wnd8-dialog-drain.GAyhq9/share/LIBFONT.SO (456 bytes)
Generated /var/folders/p_/h710w89x7b16x249r_061lkw0000gn/T//virelai-live-wnd8-dialog-drain.GAyhq9/share/PLUGIN.SO (480 bytes)
Generated /var/folders/p_/h710w89x7b16x249r_061lkw0000gn/T//virelai-live-wnd8-dialog-drain.GAyhq9/share/DYNAPP.ELF (8192 bytes)
Generated /var/folders/p_/h710w89x7b16x249r_061lkw0000gn/T//virelai-live-wnd8-dialog-drain.GAyhq9/share/CALC.ELF (8192 bytes)
Generated /var/folders/p_/h710w89x7b16x249r_061lkw0000gn/T//virelai-live-wnd8-dialog-drain.GAyhq9/share/NOTEPAD.ELF (8192 bytes)
Generated /var/folders/p_/h710w89x7b16x249r_061lkw0000gn/T//virelai-live-wnd8-dialog-drain.GAyhq9/share/FILE.ELF (8192 bytes)
Generated /var/folders/p_/h710w89x7b16x249r_061lkw0000gn/T//virelai-live-wnd8-dialog-drain.GAyhq9/share/DESKTOP.ELF (8192 bytes)
gate-run: share seeded at /var/folders/p_/h710w89x7b16x249r_061lkw0000gn/T//virelai-live-wnd8-dialog-drain.GAyhq9/share (90 files, 23 APPS.TXT entries)
run dir: /var/folders/p_/h710w89x7b16x249r_061lkw0000gn/T//virelai-live-wnd8-dialog-drain.GAyhq9

=== live-wnd8-dialog-drain run A ===
A: runner-rc=0
  serial-absent [dui: about] ok=1
  serial-absent [[EXC] parking:] ok=1
A: PASS

=== live-wnd8-dialog-drain run B ===
B: runner-rc=0
  serial-contains [wnd: about]=1
  serial-absent [dui: about] ok=1
  serial-contains [wnd: present]=1
  serial-absent [[EXC] parking:] ok=1
  python [B] PASS
B: PASS

=== result ===
vgate live-wnd8-dialog-drain: PASS (2/2 runs)
--- [13/13] PASS live-wnd8-dialog-drain (53s)

FLEET RESULT: 11/13 PASS — failed: live-sched-ring  live-wasm
RERUN rc=1 elapsed=729s
