zig fmt --check boot/src/*.zig kernel/src/*.zig build.zig
bash tools/verify-unit-tests.sh
=== verify-unit-tests: running unified parallel test suite (zig build test) ===
Build Summary: 126/126 steps succeeded; 2295/2295 tests passed
test success
+- run test success 174ms MaxRSS:2M
|  +- compile test Debug native success 1s MaxRSS:269M
|     +- options cached
|     +- options (reused)
|     +- options (reused)
|     +- options (reused)
|     +- options (reused)
|     +- options (reused)
|     +- options (reused)
|     +- options (reused)
|     +- options (reused)
|     +- options (reused)
|     +- options (reused)
+- run test 31 pass (31 total) 3s MaxRSS:3M
|  +- compile test Debug native success 1s MaxRSS:288M
|     +- options (reused)
|     +- options (reused)
|     +- options (reused)
|     +- options (reused)
|     +- options (reused)
|     +- options (reused)
|     +- options (reused)
|     +- options (reused)
|     +- options (reused)
|     +- options (reused)
|     +- options (reused)
+- run test 6 pass (6 total) 186ms MaxRSS:2M
|  +- compile test Debug native success 1s MaxRSS:277M
|     +- options (reused)
|     +- options (reused)
|     +- options (reused)
|     +- options (reused)
|     +- options (reused)
|     +- options (reused)
|     +- options (reused)
|     +- options (reused)
|     +- options (reused)
|     +- options (reused)
|     +- options (reused)
+- run test 10 pass (10 total) 235ms MaxRSS:2M
|  +- compile test Debug native success 2s MaxRSS:277M
|     +- options (reused)
|     +- options (reused)
|     +- options (reused)
|     +- options (reused)
|     +- options (reused)
|     +- options (reused)
|     +- options (reused)
|     +- options (reused)
|     +- options (reused)
|     +- options (reused)
|     +- options (reused)
+- run test 10 pass (10 total) 70ms MaxRSS:2M
|  +- compile test Debug native success 2s MaxRSS:278M
|     +- options (reused)
|     +- options (reused)
|     +- options (reused)
|     +- options (reused)
|     +- options (reused)
|     +- options (reused)
|     +- options (reused)
|     +- options (reused)
|     +- options (reused)
|     +- options (reused)
|     +- options (reused)
+- run test success 73ms MaxRSS:2M
|  +- compile test Debug native success 1s MaxRSS:271M
|     +- options (reused)
|     +- options (reused)
|     +- options (reused)
|     +- options (reused)
|     +- options (reused)
|     +- options (reused)
|     +- options (reused)
|     +- options (reused)
|     +- options (reused)
|     +- options (reused)
|     +- options (reused)
+- run test 3 pass (3 total) 109ms MaxRSS:2M
|  +- compile test Debug native success 2s MaxRSS:279M
|     +- options (reused)
|     +- options (reused)
|     +- options (reused)
|     +- options (reused)
|     +- options (reused)
|     +- options (reused)
|     +- options (reused)
|     +- options (reused)
|     +- options (reused)
|     +- options (reused)
|     +- options (reused)
+- run test success 203ms MaxRSS:2M
|  +- compile test Debug native success 2s MaxRSS:272M
|     +- options (reused)
|     +- options (reused)
|     +- options (reused)
|     +- options (reused)
|     +- options (reused)
|     +- options (reused)
|     +- options (reused)
|     +- options (reused)
|     +- options (reused)
|     +- options (reused)
|     +- options (reused)
+- run test 26 pass (26 total) 108ms MaxRSS:3M
|  +- compile test Debug native success 2s MaxRSS:288M
|     +- options (reused)
|     +- options (reused)
|     +- options (reused)
|     +- options (reused)
|     +- options (reused)
|     +- options (reused)
|     +- options (reused)
|     +- options (reused)
|     +- options (reused)
|     +- options (reused)
|     +- options (reused)
+- run test 275 pass (275 total) 477ms MaxRSS:11M
|  +- compile test Debug native success 3s MaxRSS:393M
|     +- options (reused)
|     +- options (reused)
|     +- options (reused)
|     +- options (reused)
|     +- options (reused)
|     +- options (reused)
|     +- options (reused)
|     +- options (reused)
|     +- options (reused)
|     +- options (reused)
|     +- options (reused)
+- run test 69 pass (69 total) 912ms MaxRSS:3M
|  +- compile test Debug native success 1s MaxRSS:303M
|     +- options (reused)
|     +- options (reused)
|     +- options (reused)
|     +- options (reused)
|     +- options (reused)
|     +- options (reused)
|     +- options (reused)
|     +- options (reused)
|     +- options (reused)
|     +- options (reused)
|     +- options (reused)
+- run test 4 pass (4 total) 141ms MaxRSS:2M
|  +- compile test Debug native success 1s MaxRSS:276M
|     +- options (reused)
|     +- options (reused)
|     +- options (reused)
|     +- options (reused)
|     +- options (reused)
|     +- options (reused)
|     +- options (reused)
|     +- options (reused)
|     +- options (reused)
|     +- options (reused)
|     +- options (reused)
+- run test 25 pass (25 total) 115ms MaxRSS:3M
|  +- compile test Debug native success 2s MaxRSS:284M
|     +- options (reused)
|     +- options (reused)
|     +- options (reused)
|     +- options (reused)
|     +- options (reused)
|     +- options (reused)
|     +- options (reused)
|     +- options (reused)
|     +- options (reused)
|     +- options (reused)
|     +- options (reused)
+- run test 3 pass (3 total) 125ms MaxRSS:2M
|  +- compile test Debug native success 1s MaxRSS:276M
|     +- options (reused)
|     +- options (reused)
|     +- options (reused)
|     +- options (reused)
|     +- options (reused)
|     +- options (reused)
|     +- options (reused)
|     +- options (reused)
|     +- options (reused)
|     +- options (reused)
|     +- options (reused)
+- run test 88 pass (88 total) 94ms MaxRSS:7M
|  +- compile test Debug native success 2s MaxRSS:311M
|     +- options (reused)
|     +- options (reused)
|     +- options (reused)
|     +- options (reused)
|     +- options (reused)
|     +- options (reused)
|     +- options (reused)
|     +- options (reused)
|     +- options (reused)
|     +- options (reused)
|     +- options (reused)
+- run test 20 pass (20 total) 26ms MaxRSS:2M
|  +- compile test Debug native success 2s MaxRSS:288M
|     +- options (reused)
|     +- options (reused)
|     +- options (reused)
|     +- options (reused)
|     +- options (reused)
|     +- options (reused)
|     +- options (reused)
|     +- options (reused)
|     +- options (reused)
|     +- options (reused)
|     +- options (reused)
+- run test 33 pass (33 total) 249ms MaxRSS:3M
|  +- compile test Debug native success 1s MaxRSS:283M
|     +- options (reused)
|     +- options (reused)
|     +- options (reused)
|     +- options (reused)
|     +- options (reused)
|     +- options (reused)
|     +- options (reused)
|     +- options (reused)
|     +- options (reused)
|     +- options (reused)
|     +- options (reused)
+- run test 20 pass (20 total) 3s MaxRSS:2M
|  +- compile test Debug native success 1s MaxRSS:280M
|     +- options (reused)
|     +- options (reused)
|     +- options (reused)
|     +- options (reused)
|     +- options (reused)
|     +- options (reused)
|     +- options (reused)
|     +- options (reused)
|     +- options (reused)
|     +- options (reused)
|     +- options (reused)
+- run test 26 pass (26 total) 3s MaxRSS:3M
|  +- compile test Debug native success 1s MaxRSS:287M
|     +- options (reused)
|     +- options (reused)
|     +- options (reused)
|     +- options (reused)
|     +- options (reused)
|     +- options (reused)
|     +- options (reused)
|     +- options (reused)
|     +- options (reused)
|     +- options (reused)
|     +- options (reused)
+- run test 5 pass (5 total) 96ms MaxRSS:2M
|  +- compile test Debug native success 2s MaxRSS:274M
|     +- options (reused)
|     +- options (reused)
|     +- options (reused)
|     +- options (reused)
|     +- options (reused)
|     +- options (reused)
|     +- options (reused)
|     +- options (reused)
|     +- options (reused)
|     +- options (reused)
|     +- options (reused)
+- run test 15 pass (15 total) 83ms MaxRSS:2M
|  +- compile test Debug native success 1s MaxRSS:281M
|     +- options (reused)
|     +- options (reused)
|     +- options (reused)
|     +- options (reused)
|     +- options (reused)
|     +- options (reused)
|     +- options (reused)
|     +- options (reused)
|     +- options (reused)
|     +- options (reused)
|     +- options (reused)
+- run test success 115ms MaxRSS:2M
|  +- compile test Debug native success 1s MaxRSS:270M
|     +- options (reused)
|     +- options (reused)
|     +- options (reused)
|     +- options (reused)
|     +- options (reused)
|     +- options (reused)
|     +- options (reused)
|     +- options (reused)
|     +- options (reused)
|     +- options (reused)
|     +- options (reused)
+- run test 22 pass (22 total) 1s MaxRSS:3M
|  +- compile test Debug native success 1s MaxRSS:286M
|     +- options (reused)
|     +- options (reused)
|     +- options (reused)
|     +- options (reused)
|     +- options (reused)
|     +- options (reused)
|     +- options (reused)
|     +- options (reused)
|     +- options (reused)
|     +- options (reused)
|     +- options (reused)
+- run test 21 pass (21 total) 95ms MaxRSS:3M
|  +- compile test Debug native success 2s MaxRSS:281M
|     +- options (reused)
|     +- options (reused)
|     +- options (reused)
|     +- options (reused)
|     +- options (reused)
|     +- options (reused)
|     +- options (reused)
|     +- options (reused)
|     +- options (reused)
|     +- options (reused)
|     +- options (reused)
+- run test 2 pass (2 total) 1s MaxRSS:2M
|  +- compile test Debug native success 1s MaxRSS:273M
|     +- options (reused)
|     +- options (reused)
|     +- options (reused)
|     +- options (reused)
|     +- options (reused)
|     +- options (reused)
|     +- options (reused)
|     +- options (reused)
|     +- options (reused)
|     +- options (reused)
|     +- options (reused)
+- run test 16 pass (16 total) 22ms MaxRSS:2M
|  +- compile test Debug native success 2s MaxRSS:279M
|     +- options (reused)
|     +- options (reused)
|     +- options (reused)
|     +- options (reused)
|     +- options (reused)
|     +- options (reused)
|     +- options (reused)
|     +- options (reused)
|     +- options (reused)
|     +- options (reused)
|     +- options (reused)
+- run test 19 pass (19 total) 99ms MaxRSS:2M
|  +- compile test Debug native success 1s MaxRSS:279M
|     +- options (reused)
|     +- options (reused)
|     +- options (reused)
|     +- options (reused)
|     +- options (reused)
|     +- options (reused)
|     +- options (reused)
|     +- options (reused)
|     +- options (reused)
|     +- options (reused)
|     +- options (reused)
+- run test success 3s MaxRSS:2M
|  +- compile test Debug native success 1s MaxRSS:270M
|     +- options (reused)
|     +- options (reused)
|     +- options (reused)
|     +- options (reused)
|     +- options (reused)
|     +- options (reused)
|     +- options (reused)
|     +- options (reused)
|     +- options (reused)
|     +- options (reused)
|     +- options (reused)
+- run test 4 pass (4 total) 3s MaxRSS:2M
|  +- compile test Debug native success 1s MaxRSS:277M
|     +- options (reused)
|     +- options (reused)
|     +- options (reused)
|     +- options (reused)
|     +- options (reused)
|     +- options (reused)
|     +- options (reused)
|     +- options (reused)
|     +- options (reused)
|     +- options (reused)
|     +- options (reused)
+- run test 82 pass (82 total) 49ms MaxRSS:6M
|  +- compile test Debug native success 2s MaxRSS:305M
|     +- options (reused)
|     +- options (reused)
|     +- options (reused)
|     +- options (reused)
|     +- options (reused)
|     +- options (reused)
|     +- options (reused)
|     +- options (reused)
|     +- options (reused)
|     +- options (reused)
|     +- options (reused)
+- run test 7 pass (7 total) 81ms MaxRSS:2M
|  +- compile test Debug native success 2s MaxRSS:276M
|     +- options (reused)
|     +- options (reused)
|     +- options (reused)
|     +- options (reused)
|     +- options (reused)
|     +- options (reused)
|     +- options (reused)
|     +- options (reused)
|     +- options (reused)
|     +- options (reused)
|     +- options (reused)
+- run test 417 pass (417 total) 626ms MaxRSS:13M
|  +- compile test Debug native success 3s MaxRSS:503M
|     +- options (reused)
|     +- options (reused)
|     +- options (reused)
|     +- options (reused)
|     +- options (reused)
|     +- options (reused)
|     +- options (reused)
|     +- options (reused)
|     +- options (reused)
|     +- options (reused)
|     +- options (reused)
+- run test 2 pass (2 total) 3s MaxRSS:2M
|  +- compile test Debug native success 1s MaxRSS:273M
|     +- options (reused)
|     +- options (reused)
|     +- options (reused)
|     +- options (reused)
|     +- options (reused)
|     +- options (reused)
|     +- options (reused)
|     +- options (reused)
|     +- options (reused)
|     +- options (reused)
|     +- options (reused)
+- run test 3 pass (3 total) 38ms MaxRSS:2M
|  +- compile test Debug native success 1s MaxRSS:274M
|     +- options (reused)
|     +- options (reused)
|     +- options (reused)
|     +- options (reused)
|     +- options (reused)
|     +- options (reused)
|     +- options (reused)
|     +- options (reused)
|     +- options (reused)
|     +- options (reused)
|     +- options (reused)
+- run test 10 pass (10 total) 3s MaxRSS:2M
|  +- compile test Debug native success 1s MaxRSS:274M
|     +- options (reused)
|     +- options (reused)
|     +- options (reused)
|     +- options (reused)
|     +- options (reused)
|     +- options (reused)
|     +- options (reused)
|     +- options (reused)
|     +- options (reused)
|     +- options (reused)
|     +- options (reused)
+- run test success 1s MaxRSS:2M
|  +- compile test Debug native success 1s MaxRSS:269M
|     +- options (reused)
|     +- options (reused)
|     +- options (reused)
|     +- options (reused)
|     +- options (reused)
|     +- options (reused)
|     +- options (reused)
|     +- options (reused)
|     +- options (reused)
|     +- options (reused)
|     +- options (reused)
+- run test success 76ms MaxRSS:2M
|  +- compile test Debug native success 2s MaxRSS:269M
|     +- options (reused)
|     +- options (reused)
|     +- options (reused)
|     +- options (reused)
|     +- options (reused)
|     +- options (reused)
|     +- options (reused)
|     +- options (reused)
|     +- options (reused)
|     +- options (reused)
|     +- options (reused)
+- run test 72 pass (72 total) 110ms MaxRSS:6M
|  +- compile test Debug native success 2s MaxRSS:297M
|     +- options (reused)
|     +- options (reused)
|     +- options (reused)
|     +- options (reused)
|     +- options (reused)
|     +- options (reused)
|     +- options (reused)
|     +- options (reused)
|     +- options (reused)
|     +- options (reused)
|     +- options (reused)
+- run test 21 pass (21 total) 3s MaxRSS:2M
|  +- compile test Debug native success 1s MaxRSS:285M
|     +- options (reused)
|     +- options (reused)
|     +- options (reused)
|     +- options (reused)
|     +- options (reused)
|     +- options (reused)
|     +- options (reused)
|     +- options (reused)
|     +- options (reused)
|     +- options (reused)
|     +- options (reused)
+- run test 17 pass (17 total) 104ms MaxRSS:2M
|  +- compile test Debug native success 1s MaxRSS:276M
|     +- options (reused)
|     +- options (reused)
|     +- options (reused)
|     +- options (reused)
|     +- options (reused)
|     +- options (reused)
|     +- options (reused)
|     +- options (reused)
|     +- options (reused)
|     +- options (reused)
|     +- options (reused)
+- run test 24 pass (24 total) 93ms MaxRSS:2M
|  +- compile test Debug native success 1s MaxRSS:282M
|     +- options (reused)
|     +- options (reused)
|     +- options (reused)
|     +- options (reused)
|     +- options (reused)
|     +- options (reused)
|     +- options (reused)
|     +- options (reused)
|     +- options (reused)
|     +- options (reused)
|     +- options (reused)
+- run test 14 pass (14 total) 26ms MaxRSS:2M
|  +- compile test Debug native success 2s MaxRSS:283M
|     +- options (reused)
|     +- options (reused)
|     +- options (reused)
|     +- options (reused)
|     +- options (reused)
|     +- options (reused)
|     +- options (reused)
|     +- options (reused)
|     +- options (reused)
|     +- options (reused)
|     +- options (reused)
+- run test 11 pass (11 total) 117ms MaxRSS:2M
|  +- compile test Debug native success 1s MaxRSS:278M
|     +- options (reused)
|     +- options (reused)
|     +- options (reused)
|     +- options (reused)
|     +- options (reused)
|     +- options (reused)
|     +- options (reused)
|     +- options (reused)
|     +- options (reused)
|     +- options (reused)
|     +- options (reused)
+- run test 41 pass (41 total) 3s MaxRSS:7M
|  +- compile test Debug native success 1s MaxRSS:294M
|     +- options (reused)
|     +- options (reused)
|     +- options (reused)
|     +- options (reused)
|     +- options (reused)
|     +- options (reused)
|     +- options (reused)
|     +- options (reused)
|     +- options (reused)
|     +- options (reused)
|     +- options (reused)
+- run test 16 pass (16 total) 85ms MaxRSS:3M
|  +- compile test Debug native success 2s MaxRSS:282M
|     +- options (reused)
|     +- options (reused)
|     +- options (reused)
|     +- options (reused)
|     +- options (reused)
|     +- options (reused)
|     +- options (reused)
|     +- options (reused)
|     +- options (reused)
|     +- options (reused)
|     +- options (reused)
+- run test 56 pass (56 total) 34ms MaxRSS:7M
|  +- compile test Debug native success 2s MaxRSS:299M
|     +- options (reused)
|     +- options (reused)
|     +- options (reused)
|     +- options (reused)
|     +- options (reused)
|     +- options (reused)
|     +- options (reused)
|     +- options (reused)
|     +- options (reused)
|     +- options (reused)
|     +- options (reused)
+- run test 18 pass (18 total) 113ms MaxRSS:6M
|  +- compile test Debug native success 1s MaxRSS:283M
|     +- options (reused)
|     +- options (reused)
|     +- options (reused)
|     +- options (reused)
|     +- options (reused)
|     +- options (reused)
|     +- options (reused)
|     +- options (reused)
|     +- options (reused)
|     +- options (reused)
|     +- options (reused)
+- run test 47 pass (47 total) 239ms MaxRSS:3M
|  +- compile test Debug native success 2s MaxRSS:303M
|     +- options (reused)
|     +- options (reused)
|     +- options (reused)
|     +- options (reused)
|     +- options (reused)
|     +- options (reused)
|     +- options (reused)
|     +- options (reused)
|     +- options (reused)
|     +- options (reused)
|     +- options (reused)
+- run test 135 pass (135 total) 201ms MaxRSS:7M
|  +- compile test Debug native success 2s MaxRSS:332M
|     +- options (reused)
|     +- options (reused)
|     +- options (reused)
|     +- options (reused)
|     +- options (reused)
|     +- options (reused)
|     +- options (reused)
|     +- options (reused)
|     +- options (reused)
|     +- options (reused)
|     +- options (reused)
+- run test 15 pass (15 total) 146ms MaxRSS:2M
|  +- compile test Debug native success 2s MaxRSS:279M
|     +- options (reused)
|     +- options (reused)
|     +- options (reused)
|     +- options (reused)
|     +- options (reused)
|     +- options (reused)
|     +- options (reused)
|     +- options (reused)
|     +- options (reused)
|     +- options (reused)
|     +- options (reused)
+- run test 24 pass (24 total) 29ms MaxRSS:2M
|  +- compile test Debug native success 2s MaxRSS:283M
|     +- options (reused)
|     +- options (reused)
|     +- options (reused)
|     +- options (reused)
|     +- options (reused)
|     +- options (reused)
|     +- options (reused)
|     +- options (reused)
|     +- options (reused)
|     +- options (reused)
|     +- options (reused)
+- run test success 71ms MaxRSS:2M
|  +- compile test Debug native success 1s MaxRSS:271M
|     +- options (reused)
|     +- options (reused)
|     +- options (reused)
|     +- options (reused)
|     +- options (reused)
|     +- options (reused)
|     +- options (reused)
|     +- options (reused)
|     +- options (reused)
|     +- options (reused)
|     +- options (reused)
+- run test 64 pass (64 total) 114ms MaxRSS:3M
|  +- compile test Debug native success 2s MaxRSS:311M
|     +- options (reused)
|     +- options (reused)
|     +- options (reused)
|     +- options (reused)
|     +- options (reused)
|     +- options (reused)
|     +- options (reused)
|     +- options (reused)
|     +- options (reused)
|     +- options (reused)
|     +- options (reused)
+- run test 33 pass (33 total) 85ms MaxRSS:3M
|  +- compile test Debug native success 2s MaxRSS:318M
|     +- options (reused)
|     +- options (reused)
|     +- options (reused)
|     +- options (reused)
|     +- options (reused)
|     +- options (reused)
|     +- options (reused)
|     +- options (reused)
|     +- options (reused)
|     +- options (reused)
|     +- options (reused)
+- run test 56 pass (56 total) 583ms MaxRSS:6M
|  +- compile test Debug native success 3s MaxRSS:369M
|     +- options (reused)
|     +- options (reused)
|     +- options (reused)
|     +- options (reused)
|     +- options (reused)
|     +- options (reused)
|     +- options (reused)
|     +- options (reused)
|     +- options (reused)
|     +- options (reused)
|     +- options (reused)
+- run test 70 pass (70 total) 108ms MaxRSS:4M
|  +- compile test Debug native success 2s MaxRSS:399M
|     +- options (reused)
|     +- options (reused)
|     +- options (reused)
|     +- options (reused)
|     +- options (reused)
|     +- options (reused)
|     +- options (reused)
|     +- options (reused)
|     +- options (reused)
|     +- options (reused)
|     +- options (reused)
+- run test 160 pass (160 total) 370ms MaxRSS:4M
|  +- compile test Debug native success 3s MaxRSS:422M
|     +- options (reused)
|     +- options (reused)
|     +- options (reused)
|     +- options (reused)
|     +- options (reused)
|     +- options (reused)
|     +- options (reused)
|     +- options (reused)
|     +- options (reused)
|     +- options (reused)
|     +- options (reused)
+- run test 26 pass (26 total) 221ms MaxRSS:3M
|  +- compile test Debug native success 2s MaxRSS:279M
|     +- options (reused)
|     +- options (reused)
|     +- options (reused)
|     +- options (reused)
|     +- options (reused)
|     +- options (reused)
|     +- options (reused)
|     +- options (reused)
|     +- options (reused)
|     +- options (reused)
|     +- options (reused)
+- run test 14 pass (14 total) 76ms MaxRSS:2M
|  +- compile test Debug native success 2s MaxRSS:286M
|     +- options (reused)
|     +- options (reused)
|     +- options (reused)
|     +- options (reused)
|     +- options (reused)
|     +- options (reused)
|     +- options (reused)
|     +- options (reused)
|     +- options (reused)
|     +- options (reused)
|     +- options (reused)
+- run test 14 pass (14 total) 113ms MaxRSS:2M
|  +- compile test Debug native success 1s MaxRSS:282M
|     +- options (reused)
|     +- options (reused)
|     +- options (reused)
|     +- options (reused)
|     +- options (reused)
|     +- options (reused)
|     +- options (reused)
|     +- options (reused)
|     +- options (reused)
|     +- options (reused)
|     +- options (reused)
+- run test 63 pass (63 total) 279ms MaxRSS:15M
|  +- compile test Debug native success 2s MaxRSS:314M
|     +- options (reused)
|     +- options (reused)
|     +- options (reused)
|     +- options (reused)
|     +- options (reused)
|     +- options (reused)
|     +- options (reused)
|     +- options (reused)
|     +- options (reused)
|     +- options (reused)
|     +- options (reused)
+- run test 10 pass (10 total) 65ms MaxRSS:2M
   +- compile test Debug native success 1s MaxRSS:281M
      +- options (reused)
      +- options (reused)
      +- options (reused)
      +- options (reused)
      +- options (reused)
      +- options (reused)
      +- options (reused)
      +- options (reused)
      +- options (reused)
      +- options (reused)
      +- options (reused)

=== verify-unit-tests: app-level test roots (direct zig test) ===
1/34 tabapp.test.tabapp: dispatch classifies WM lifecycle events and tracks the canvas...OK
2/34 tabapp.test.tabapp: scale is the identity at the native canvas (zero-regression fixed point)...OK
3/34 tabapp.test.tabapp: scale maps a fixed layout into the full viewport...OK
4/34 tabapp.test.tabapp: scale never produces zero-size rects...OK
5/34 ui.draw.test.draw: draw_image_buf source-over into a raw buffer...OK
6/34 ui.draw.test.draw: draw_image_buf clips to buffer and stride...OK
7/34 image.test.image: pixel_at bounds checking...OK
8/34 image.test.image: sub_image view and zero-sized handling...OK
9/34 image.test.image: blit Porter-Duff alpha blending...OK
10/34 image.test.image: format dispatch with QOI...OK
11/34 image.test.image: format dispatch with PNG...OK
12/34 qoi.test.qoi: reject header magic and truncated headers...OK
13/34 qoi.test.qoi: decode solid red 4x4 fixture...OK
14/34 qoi.test.qoi: decode gradient rgba 8x8 fixture...OK
15/34 qoi.test.qoi: decode non-square 12x4 fixture...OK
16/34 qoi.test.qoi: buffer too small rejection...OK
17/34 qoi.test.qoi: corrupt end marker rejection...OK
18/34 png.test.png: reject invalid signature and corrupt crc...OK
19/34 png.test.png: decode solid rgb 4x4 fixture...OK
20/34 png.test.png: decode gradient rgba 8x8 fixture...OK
21/34 png.test.png: decode non-square 12x4 fixture...OK
22/34 png.test.png: scan sizes the multi-chunk viewer fixture exactly...OK
23/34 png.test.png: workspace decode of the split-IDAT viewer fixture...OK
24/34 png.test.png: scan rejects bad signature and bad crc...OK
25/34 png.test.png: workspace decode covers images past the convenience caps...OK
26/34 png.test.png: decode grayscale 8x8 fixture...OK
27/34 crc32.test.crc32: standard vectors...OK
28/34 flate.test.flate: uncompressed block...OK
29/34 flate.test.flate: zlib wrapped hello...OK
30/34 flate.test.flate: raw deflate hello...OK
31/34 flate.test.flate: zlib large repetitive dynamic Huffman and LZ77...OK
32/34 flate.test.flate: buffer too small rejection...OK
33/34 flate.test.flate: invalid zlib header and adler mismatch...OK
34/34 ui.abi.test.WMS7 Gate B: the toolkit WM_RPC wire mirror matches the frozen wnd_core ABI...OK
All 34 tests passed.
1/75 tabwm.test.tabwm: tab manager allocation and lifecycle...OK
2/75 tabwm.test.tabwm: tab manager active index adjustment on removal...OK
3/75 tabwm.test.tabwm: tab cycle forward and backward...OK
4/75 tabwm.test.tabwm: keyboard shortcuts routing...OK
5/75 tabwm.test.tabwm: pointer hit testing and tab selection / close button...OK
6/75 tabwm.test.tabwm: wnd_mail_apply RPC commands...OK
7/75 tabwm.test.tabwm: geometry constants respect M39 tokens...OK
8/75 tabwm.test.tabwm: compute_tab_viewport centering and full bleed...OK
9/75 tabwm.test.tabwm: draw_viewport_backdrop writes canvas outside window...OK
10/75 tabwm.test.tabwm: proper mascot emblem decodes at 28x28 (M42 SX1)...OK
11/75 tabwm.test.tabwm: draw_sidebar blits the raster emblem into the scanout (M42 SX1)...OK
12/75 tabwm.test.tabwm: tab-aware fixed app takes the full viewport (M42 SX2)...OK
13/75 tabwm.test.tabwm: viewport_change_needed idempotence (M42 SX2)...OK
14/75 tabwm.test.tabwm: declare_fullscreen RPC registers and applies the full viewport (M42 SX2)...OK
15/75 tabwm.test.tabwm: declare_fullscreen on an inactive tab defers the proposal (M42 SX2)...OK
16/75 tabwm.test.tabwm: god-menu overlay filters the manifest (M42 SX5)...OK
17/75 tabwm.test.tabwm: god-menu overlay keys — filter, select, launch, dismiss (M42 SX5)...OK
18/75 tabwm.test.tabwm: overlay keys are consumed only while open (M42 SX5)...OK
19/75 tabwm.test.tabwm: god-menu overlay accepts digits, minus, period in the filter (M42 SX5)...OK
20/75 tabwm.test.tabwm: released mirror removes the tab and activates the next (M42 UX)...OK
21/75 tabwm.test.tabwm: released mirror for an unknown id is a no-op (M42 UX)...OK
22/75 tabwm.test.tabwm: hide mirror without released does NOT remove a tab (M42 UX)...OK
23/75 tabwm.test.tabwm: visible mirror upserts geometry (M42 UX)...OK
24/75 tabwm.test.tabwm: the 17th window is ignored, tab 0 not hijacked (M42 UX)...OK
25/75 tabwm.test.tabwm: + New tab affordance and Ctrl+T trigger the new-tab path (M42 UX)...OK
26/75 tabwm.test.tabwm: overlay empty vs filtered-empty messages are distinguishable (M42 UX)...OK
27/75 tabwm.test.tabwm: close_tab removes the tab and activates the next (M42 UX)...OK
28/75 tabwm.test.tabwm: unsaved bit-12 mirror sets, clears, and still releases (M42 UX r2)...OK
29/75 tabwm.test.tabwm: request_close_tab intercepts a dirty tab with the dialog (M42 UX r2)...OK
30/75 tabwm.test.tabwm: unsaved choices — save closes, cancel keeps, discard defers to the mirror (M42 UX r2)...OK
31/75 tabwm.test.tabwm: wnd_core dialog hit-test maps the three buttons (M42 UX r2)...OK
32/75 tabwm.test.tabwm: alt_tab_next policy — null, cycle, invert, 0-start (M42 UX r2)...OK
33/75 tabwm.test.tabwm: Alt+Tab chord moves the active tab, Alt+Shift+Tab inverts (M42 UX r2)...OK
34/75 tabwm.test.tabwm: close_flash_active lives for the tick window then expires (M42 UX r2)...OK
35/75 tabwm.test.tabwm: dialog modal keys — Enter saves, Escape cancels, chords swallowed (M42 UX r2)...OK
36/75 tabwm.test.tabwm: dialog modal pointer — clicks route to the buttons, tabs are safe (M42 UX r2)...OK
37/75 tabwm.test.tabwm: the Sexiburger overlay cannot summon over the modal dialog (M42 UX r2)...OK
38/75 tabwm.test.tabwm: unsaved + alt-tab markers are pinned (M42 UX r2)...OK
39/75 lib.ui.draw.test.draw: draw_image_buf source-over into a raw buffer...OK
40/75 lib.ui.draw.test.draw: draw_image_buf clips to buffer and stride...OK
41/75 lib.image.test.image: pixel_at bounds checking...OK
42/75 lib.image.test.image: sub_image view and zero-sized handling...OK
43/75 lib.image.test.image: blit Porter-Duff alpha blending...OK
44/75 lib.image.test.image: format dispatch with QOI...OK
45/75 lib.image.test.image: format dispatch with PNG...OK
46/75 lib.qoi.test.qoi: reject header magic and truncated headers...OK
47/75 lib.qoi.test.qoi: decode solid red 4x4 fixture...OK
48/75 lib.qoi.test.qoi: decode gradient rgba 8x8 fixture...OK
49/75 lib.qoi.test.qoi: decode non-square 12x4 fixture...OK
50/75 lib.qoi.test.qoi: buffer too small rejection...OK
51/75 lib.qoi.test.qoi: corrupt end marker rejection...OK
52/75 lib.png.test.png: reject invalid signature and corrupt crc...OK
53/75 lib.png.test.png: decode solid rgb 4x4 fixture...OK
54/75 lib.png.test.png: decode gradient rgba 8x8 fixture...OK
55/75 lib.png.test.png: decode non-square 12x4 fixture...OK
56/75 lib.png.test.png: scan sizes the multi-chunk viewer fixture exactly...OK
57/75 lib.png.test.png: workspace decode of the split-IDAT viewer fixture...OK
58/75 lib.png.test.png: scan rejects bad signature and bad crc...OK
59/75 lib.png.test.png: workspace decode covers images past the convenience caps...OK
60/75 lib.png.test.png: decode grayscale 8x8 fixture...OK
61/75 lib.crc32.test.crc32: standard vectors...OK
62/75 lib.flate.test.flate: uncompressed block...OK
63/75 lib.flate.test.flate: zlib wrapped hello...OK
64/75 lib.flate.test.flate: raw deflate hello...OK
65/75 lib.flate.test.flate: zlib large repetitive dynamic Huffman and LZ77...OK
66/75 lib.flate.test.flate: buffer too small rejection...OK
67/75 lib.flate.test.flate: invalid zlib header and adler mismatch...OK
68/75 lib.ui.abi.test.WMS7 Gate B: the toolkit WM_RPC wire mirror matches the frozen wnd_core ABI...OK
69/75 lib.font_ttf.test.TrueTypeFace parses Fira Code and Inter headers and cmap...OK
70/75 lib.font_ttf.test.TrueTypeFace loads simple glyph outlines...OK
71/75 lib.font_ttf.test.TrueTypeFace rasterizes anti-aliased glyphs with subpixel coverage...
--- Rasterized Inter 'O' (16px, 12x13, advance=12px) ---
  =%@@%=    
 #@+::+@+   
-%:    -@:  
#+      #+  
@-      -%  
@:      :@: 
@:      :@. 
@-      =#  
#*      #+  
:@+    +@.  
 +@#++#@-   
  .****.    
            

--- Rasterized Fira Code 'A' (14px, 10x11) ---
  :@#     
  +*@.    
  #.#-    
 .% +#    
 =+ .@.   
 #-  #-   
.@#**%#   
-#:::-@.  
*-    @-  
*     ++  
          
OK
72/75 lib.font_ttf.test.TrueTypeFace loads and rasterizes composite glyphs (accented é)...OK
73/75 lib.font_ttf.test.GlyphCache and blend_glyph_bgra render text into 32-bpp BGRA buffer...OK
74/75 lib.font8x8.test.user font8x8: source rows are LSB-first with bit zero at the left...OK
75/75 lib.font8x8.test.user font8x8: the 760-byte table is pinned...OK
All 75 tests passed.
1/55 sexiburger.test.sexiburger app: initial state and button trigger...OK
2/55 sexiburger.test.sexiburger app: chord trigger opens menu...OK
3/55 sexiburger.test.sexiburger app: command invocation updates last action...OK
4/55 sexiburger.test.sexiburger app: proper 24x24 and 64x64 mascot rasters decode...OK
5/55 lib.image.test.image: pixel_at bounds checking...OK
6/55 lib.image.test.image: sub_image view and zero-sized handling...OK
7/55 lib.image.test.image: blit Porter-Duff alpha blending...OK
8/55 lib.image.test.image: format dispatch with QOI...OK
9/55 lib.image.test.image: format dispatch with PNG...OK
10/55 lib.qoi.test.qoi: reject header magic and truncated headers...OK
11/55 lib.qoi.test.qoi: decode solid red 4x4 fixture...OK
12/55 lib.qoi.test.qoi: decode gradient rgba 8x8 fixture...OK
13/55 lib.qoi.test.qoi: decode non-square 12x4 fixture...OK
14/55 lib.qoi.test.qoi: buffer too small rejection...OK
15/55 lib.qoi.test.qoi: corrupt end marker rejection...OK
16/55 lib.sexiburger.test.sexiburger menu: zero-pixel idle footprint until summoned...OK
17/55 lib.sexiburger.test.sexiburger menu: chord open and dismiss...OK
18/55 lib.sexiburger.test.sexiburger menu: six sections at invariant positions...OK
19/55 lib.sexiburger.test.sexiburger menu: type-to-filter interaction...OK
20/55 lib.sexiburger.test.sexiburger menu: raster mascot emblem integration...OK
21/55 lib.sexiburger.test.sexiburger manifest: parses apps, skips comments/blanks/malformed...OK
22/55 lib.sexiburger.test.sexiburger manifest: empty text yields zero, overlong input caps at out.len...OK
23/55 lib.ui.draw.test.draw: draw_image_buf source-over into a raw buffer...OK
24/55 lib.ui.draw.test.draw: draw_image_buf clips to buffer and stride...OK
25/55 lib.action_registry.test.covenant of six: exactly six canonical sections...OK
26/55 lib.action_registry.test.covenant of six: seventh section registration strictly rejected with citation...OK
27/55 lib.action_registry.test.action registry: command registration and section isolation...OK
28/55 lib.action_registry.test.action registry: shell verb lookup (M19 synergy)...OK
29/55 lib.action_registry.test.action registry: active app contextual scoping...OK
30/55 lib.action_registry.test.action registry: type-to-filter with abbreviation and fuzzy matching...OK
31/55 lib.action_registry.test.mascot diagnostics: deterministic 6-layer 6-tentacle accounting...OK
32/55 lib.ui.abi.test.WMS7 Gate B: the toolkit WM_RPC wire mirror matches the frozen wnd_core ABI...OK
33/55 lib.png.test.png: reject invalid signature and corrupt crc...OK
34/55 lib.png.test.png: decode solid rgb 4x4 fixture...OK
35/55 lib.png.test.png: decode gradient rgba 8x8 fixture...OK
36/55 lib.png.test.png: decode non-square 12x4 fixture...OK
37/55 lib.png.test.png: scan sizes the multi-chunk viewer fixture exactly...OK
38/55 lib.png.test.png: workspace decode of the split-IDAT viewer fixture...OK
39/55 lib.png.test.png: scan rejects bad signature and bad crc...OK
40/55 lib.png.test.png: workspace decode covers images past the convenience caps...OK
41/55 lib.png.test.png: decode grayscale 8x8 fixture...OK
42/55 lib.crc32.test.crc32: standard vectors...OK
43/55 lib.flate.test.flate: uncompressed block...OK
44/55 lib.flate.test.flate: zlib wrapped hello...OK
45/55 lib.flate.test.flate: raw deflate hello...OK
46/55 lib.flate.test.flate: zlib large repetitive dynamic Huffman and LZ77...OK
47/55 lib.flate.test.flate: buffer too small rejection...OK
48/55 lib.flate.test.flate: invalid zlib header and adler mismatch...OK
49/55 lib.font_ttf.test.TrueTypeFace parses Fira Code and Inter headers and cmap...OK
50/55 lib.font_ttf.test.TrueTypeFace loads simple glyph outlines...OK
51/55 lib.font_ttf.test.TrueTypeFace rasterizes anti-aliased glyphs with subpixel coverage...
--- Rasterized Inter 'O' (16px, 12x13, advance=12px) ---
  =%@@%=    
 #@+::+@+   
-%:    -@:  
#+      #+  
@-      -%  
@:      :@: 
@:      :@. 
@-      =#  
#*      #+  
:@+    +@.  
 +@#++#@-   
  .****.    
            

--- Rasterized Fira Code 'A' (14px, 10x11) ---
  :@#     
  +*@.    
  #.#-    
 .% +#    
 =+ .@.   
 #-  #-   
.@#**%#   
-#:::-@.  
*-    @-  
*     ++  
          
OK
52/55 lib.font_ttf.test.TrueTypeFace loads and rasterizes composite glyphs (accented é)...OK
53/55 lib.font_ttf.test.GlyphCache and blend_glyph_bgra render text into 32-bpp BGRA buffer...OK
54/55 lib.font8x8.test.user font8x8: source rows are LSB-first with bit zero at the left...OK
55/55 lib.font8x8.test.user font8x8: the 760-byte table is pinned...OK
All 55 tests passed.
verify-unit-tests: all unit tests passed
zig build test-console
=== transcript gate 1: shell module tests (zig test kernel/src/shell.zig) ===
1/417 shell.test.shell: mock-fed end-to-end session produces the exact transcript...OK
2/417 console.test.console: mock captures writes in order...OK
3/417 console.test.console: reset clears capture and flags...OK
4/417 console.test.console: overflow truncates, flags, and never wraps...OK
5/417 console.test.console: zero-capacity mock flags every write...OK
6/417 console.test.console: print_hex prints fixed 16 lowercase digits...OK
7/417 console.test.console: print_hex_min prints minimal lowercase hex...OK
8/417 console.test.console: print_u64 prints decimal without leading zeros...OK
9/417 console.test.console: mock readByte returns scripted input in order...OK
10/417 console.test.console: mock feed overflow is refused and flagged, never wraps...OK
11/417 console.test.console: reset clears the scripted input queue too...OK
12/417 memmap.test.memmap: dense-stride view round-trips descriptors...OK
13/417 memmap.test.memmap: sparse-stride view reads past padding...OK
14/417 memmap.test.memmap: init clamps count and rejects zero stride...OK
15/417 memmap.test.memmap: summarize totals match the fixture...OK
16/417 memmap.test.memmap: bytes_of converts pages to bytes...OK
17/417 lineedit.test.lineedit: empty line submits immediately on LF...OK
18/417 lineedit.test.lineedit: CR alone submits (no LF required)...OK
19/417 lineedit.test.lineedit: CRLF pair submits exactly one line...OK
20/417 lineedit.test.lineedit: backspace deletes and erases...OK
21/417 lineedit.test.lineedit: backspace at start is refused with a bell...OK
22/417 lineedit.test.lineedit: 255 and 256 chars fit exactly and submit...OK
23/417 lineedit.test.lineedit: the 257th char is refused, never truncated mid-word...OK
24/417 lineedit.test.lineedit: ctrl-c cancels and clears...OK
25/417 lineedit.test.lineedit: tab with no completion source bells; stray control bytes are no-ops...OK
26/417 lineedit.test.lineedit: cursor movement tracks the logical cursor...OK
27/417 lineedit.test.lineedit: mid-line insert shifts and redraws...OK
28/417 lineedit.test.lineedit: mid-line backspace and forward delete redraw...OK
29/417 lineedit.test.lineedit: an unhandled CSI key is swallowed whole, tilde and all...OK
30/417 lineedit.test.lineedit: a lone ESC does not eat the next keystroke...OK
31/417 lineedit.test.lineedit: kill chords truncate toward the cursor...OK
32/417 lineedit.test.lineedit: history recall walks up/down and returns to the draft...OK
33/417 lineedit.test.lineedit: consecutive duplicate submissions are collapsed in history...OK
34/417 lineedit.test.lineedit: history ring never overflows past capacity (card U3 regression)...OK
35/417 lineedit.test.lineedit: tab completion inserts the unique suffix; ambiguity bells...OK
36/417 lineedit.test.lineedit: ctrl-l clears the screen and requests a repaint...OK
37/417 lineedit.test.lineedit: completer single match inserts text and trailing space...OK
38/417 lineedit.test.lineedit: completer multi-match cycles candidates on repeated tab...OK
39/417 lineedit.test.lineedit: completer mid-line preserves tail and shifts correctly...OK
40/417 scrollback.test.scrollback: append lines and retrieve...OK
41/417 scrollback.test.scrollback: overflow wraps and drops oldest...OK
42/417 scrollback.test.scrollback: long lines are truncated...OK
43/417 scrollback.test.scrollback: carriage return resets column but keeps line...OK
44/417 handoff.test.handoff: valid fixture passes...OK
45/417 handoff.test.handoff: each corruption is rejected with a specific reason...OK
46/417 handoff.test.handoff: error_name returns deterministic strings...OK
47/417 userspace.test.userspace: two sequenced pings preserve the claim-8215 round-trip...OK
48/417 virtio_file.test.virtio_file: G1 — pattern generator parity is pinned (fixture class)...OK
49/417 virtio_file.test.virtio_file: G2 — reply_len clamp math — over-cap dlen never reads OOB...OK
50/417 virtio_file.test.virtio_file: G3 — probe request shape + the raw 32 KiB pattern reply...OK
51/417 virtio_file.test.virtio_file: G4 — hostile envelopes (bad status, truncated rows) are honest...OK
52/417 virtio_file.test.virtio_file: G5 — entry row round trip + read payload + streaming cksum...OK
53/417 virtio_file.test.virtio_file: G6 — request encode bounds (over-long payload, small out)...OK
54/417 virtio_file.test.virtio_file: G7 — HF3 op/status constants + 8-handle parity with file_table.zig...OK
55/417 virtio_file.test.virtio_file: G8 — open request flags + reply handle decode...OK
56/417 virtio_file.test.virtio_file: G9 — write payload shape + written-cursor reply...OK
57/417 virtio_file.test.virtio_file: G10 — truncate/close/fsync payloads (handle + size)...OK
58/417 virtio_file.test.virtio_file: G11 — rename NUL-framed payload + bounds...OK
59/417 virtio_file.test.virtio_file: G12 — pattern chunk plan for the mutation gate...OK
60/417 virtio_file.test.virtio_file: G13 — HF7 clone op: 0x0c, NUL frame, bounds, honest refusal...OK
61/417 virtio_file.test.virtio_file: read_chunk and read_into copy-out under test_share...OK
62/417 virtio_file.test.virtio_file: clean_path strips leading slashes...OK
63/417 redirect.test.redirect: capture console captures writes...OK
64/417 redirect.test.redirect: capture console overflow is dropped...OK
65/417 redirect.test.redirect: reset clears capture buffer...OK
66/417 redirect.test.redirect: feed console feeds data as stdin...OK
67/417 redirect.test.redirect: feed console passes writes through...OK
68/417 redirect.test.redirect: feed console exhausts input then returns null...OK
69/417 svclock.test.svclock: acquire/release round-trips and held() tracks the core...OK
70/417 svclock.test.svclock: each domain lock is independent...OK
71/417 svclock.test.svclock: try_acquire refuses a same-core reentry...OK
72/417 svclock.test.svclock: acquire_set/release_set take the canonical order...OK
73/417 svclock.test.svclock: try_take fails cleanly on contention and releases...OK
74/417 svclock.test.svclock: try_take skips bits this core already holds...OK
75/417 svclock.test.svclock: acquire_missing leaves an outer hold intact...OK
76/417 spinlock.test.spinlock: basic uncontended lock and unlock...OK
77/417 spinlock.test.spinlock: try_lock behavior...OK
78/417 spinlock.test.spinlock: concurrent multi-threaded stress test...OK
79/417 virtio_custom.test.virtio_custom: payload is the 16-byte known string, reply cap 64, big payload 12340...OK
80/417 virtio_custom.test.virtio_custom: ring shapes match the split-ring spec...OK
81/417 virtio_custom.test.virtio_custom: feature bits are the spec's ANY_LAYOUT / VERSION_1 / NOTIFICATION_DATA...OK
82/417 virtio_custom.test.virtio_custom: allocator hands out chains, recycles freed indices, and exhausts...OK
83/417 virtio_custom.test.virtio_custom: post_avail builds the spec-correct chain (read-then-write)...OK
84/417 virtio_custom.test.virtio_custom: post_avail builds an ANY_LAYOUT chain (write first) with a 3-part scatter...OK
85/417 virtio_custom.test.virtio_custom: scan_used matches by id, handles out-of-order completion, wraps...OK
86/417 virtio_custom.test.virtio_custom: park_chain keeps a timed-out head out of the free list until reap_parked sees its reply...OK
87/417 virtio_custom.test.virtio_custom: the reply read is length-driven, clamped to the buffer...OK
88/417 virtio_custom.test.virtio_custom: fresh transport reports no-device honestly...OK
89/417 virtio_custom.test.virtio_custom: note_irq records the first INTID and count...OK
90/417 virtio_custom.test.virtio_custom: push-echo shapes (claim 3141) — queue index, buffer sizes...OK
91/417 virtio_custom.test.virtio_custom: input-channel shapes (claim 9588) — queue index, envelope, pool...OK
92/417 virtio_custom.test.virtio_custom: dispatch_input_msg validates the envelope and counts honestly...OK
93/417 virtio_custom.test.virtio_custom: kind-2 pointer messages dispatch through the pointer hook (claim 9367)...OK
94/417 virtio_custom.test.virtio_custom: checksum1071 matches RFC 1071 semantics...OK
95/417 virtio_custom.test.virtio_custom: snapshot framing builders produce the documented wire shapes (claim 0680)...OK
96/417 virtio_custom.test.virtio_custom: kind-3 console control arms and disarms the tee (claim 0680)...OK
97/417 virtio_custom.test.virtio_custom: kind-4 snapshot request pends for the idle seam (claim 0680)...OK
98/417 virtio_custom.test.virtio_custom: console tee accumulator buffers, splits, and drops (claim 0680)...OK
99/417 mmu.test.mmu: build_user_root returns a fresh root per call (per-process roots)...OK
100/417 mmu.test.mmu: user leaves are page-local W^X and reject Device mappings...OK
101/417 mmu.test.mmu: map_user_page and unmap_user_page dynamic lifecycle...OK
102/417 mmu.test.mmu: map_user_cow_page and set_user_leaf_writable...OK
103/417 tokenizer.test.tokenizer: quoted and unquoted arguments...OK
104/417 tokenizer.test.tokenizer: leading, trailing and repeated spaces collapse...OK
105/417 tokenizer.test.tokenizer: tabs separate tokens...OK
106/417 tokenizer.test.tokenizer: empty quotes yield an empty argument...OK
107/417 tokenizer.test.tokenizer: empty single quotes yield an empty argument...OK
108/417 tokenizer.test.tokenizer: mid-token double quotes join fragments...OK
109/417 tokenizer.test.tokenizer: single quotes are fully literal...OK
110/417 tokenizer.test.tokenizer: embedded single quote via outside-quote escape...OK
111/417 tokenizer.test.tokenizer: quotes of the other kind are literal inside single/double...OK
112/417 tokenizer.test.tokenizer: outside-quote backslash escapes the next byte...OK
113/417 tokenizer.test.tokenizer: double-quote backslash escapes per the issue spec...OK
114/417 tokenizer.test.tokenizer: unbalanced single quote takes the rest as literal...OK
115/417 tokenizer.test.tokenizer: unbalanced quote takes the rest of the line as literal...OK
116/417 tokenizer.test.tokenizer: empty line yields no tokens...OK
117/417 tokenizer.test.tokenizer: exactly max_tokens tokens fit...OK
118/417 tokenizer.test.tokenizer: the max_tokens+1th token sets too_many...OK
119/417 tokenizer.test.tokenizer: arg_glob marks unquoted wildcards only...OK
120/417 settings.test.settings: default initialization and getters...OK
121/417 settings.test.settings: debug_font applies to the text layer (M20-U11)...OK
122/417 settings.test.settings: set and update existing keys...OK
123/417 settings.test.settings: line parser...OK
124/417 settings.test.settings: serialization round trip...OK
125/417 settings.test.settings: version header is present...OK
126/417 settings.test.settings: current_version constant...OK
127/417 settings.test.settings: theme colors and IDs (M27 G20)...OK
128/417 settings.test.settings: drop-shadow flag (M37 DQ4)...OK
129/417 settings.test.settings: font size getters and setters (M27 G21)...OK
130/417 process.test.process: init starts empty and create binds a full descriptor...OK
131/417 process.test.process: lifecycle created -> running -> exited -> reaped...OK
132/417 process.test.process: exit status survives the executor task's reuse...OK
133/417 process.test.process: bounded registry recycles the oldest exited, never a live one...OK
134/417 process.test.process: on_task_exit is a no-op for unbound slots and find_by_task...OK
135/417 process.test.process: reap guards and name truncation...OK
136/417 process.test.process: allocator-backed resources are freed at reap and recycle...OK
137/417 process.test.process: exited pages return at the lifecycle reap; the procs row stays...OK
138/417 process.test.process: exit reports are a FIFO — two exits print two lines in order...OK
139/417 process.test.process: exit report FIFO overflow drops the OLDEST...OK
140/417 process.test.process: the static boot payload owns no allocator pages...OK
141/417 process.test.process: snapshot marshals non-free rows in id order with the fixed 40-byte shape...OK
142/417 process.test.process: mmap regions and dynamic page tracking...OK
143/417 exec.test.exec: DSK1 header parse rejects bad magic, entry, and oversize images...OK
144/417 exec.test.exec: no disk is reported honestly...OK
145/417 exec.test.exec: DSK3 header validation pins the segment bounds (claim 3805)...OK
146/417 exec.test.exec: ok path loads, validates, builds the root, and spawns the task...OK
147/417 exec.test.exec: pinned exec routes the spawned task to exactly one core...OK
148/417 exec.test.exec: a second program loads and runs while the first is alive...OK
149/417 exec.test.exec: a live user task does not block a second exec (gate is gone)...OK
150/417 exec.test.exec: COUNTER.BIN loads by name with its own marker and process...OK
151/417 exec.test.exec: a valid AArch64 ELF32 loads through the magic-sniff path...OK
152/417 exec.test.exec: PEER.BIN loads by name — counter + peer fill the 11-slot pool...OK
153/417 exec.test.exec: permanent occupant + recycle — one spare slot, pool_full, then the re-exec lands...OK
154/417 exec.test.exec: kill reaps a permanent occupant — pages return, the slot is re-exec'd...OK
155/417 exec.test.exec: argv packing shape, per-arg truncation, and block VA...OK
156/417 exec.test.exec: more than 8 args is refused honestly (too_many_args)...OK
157/417 exec.test.exec: the argv-block room guard is exact at the 4 KiB page boundary...OK
158/417 exec.test.exec: argv block is a read-only leaf — uaccess reads it, writes fault, per-exec distinct...OK
159/417 text.test.text: asymmetric C raster is LSB-first in B8G8R8X8...OK
160/417 text.test.text: the full 95-glyph table rasters LSB-first — every pixel matches the raw source bits (issue 125)...OK
161/417 text.test.text: line wrap starts a new line at the region width...OK
162/417 text.test.text: backspace and carriage return move the cursor (U2)...OK
163/417 text.test.text: the scrollback ring is bounded and drops the oldest line...OK
164/417 text.test.text: clear resets the ring and cursor...OK
165/417 text.test.text: Ctrl-L's erase-in-display clears the layer instead of drawing '[2J'...OK
166/417 text.test.text: render never writes outside the canvas...OK
167/417 text.test.text: tab advances to the next multiple of the stop and fills spaces (U10)...OK
168/417 text.test.text: tab stops land on successive multiples (U10)...OK
169/417 text.test.text: tab width is configurable (4-stop editor style) and clamped (U10)...OK
170/417 text.test.text: tab near the region edge clamps without wrapping (U10)...OK
171/417 text.test.text: monospace guarantee — narrow and wide glyphs occupy exactly one cell (U10)...OK
172/417 text.test.text: char_width categories (U4)...OK
173/417 text.test.text: char_width is comptime-evaluable...OK
174/417 text.test.text: UTF-8 é decodes and stores the Latin-1 literal cell (U2)...OK
175/417 text.test.text: rendered é paints the accent-composed glyph, not blank (U2)...OK
176/417 text.test.text: a width-2 codepoint takes exactly two cells (U2/U4)...OK
177/417 text.test.text: broken UTF-8 becomes U+FFFD, not garbage cells (U2)...OK
178/417 text.test.text: DEL and unknown control bytes stay invisible blanks (U2)...OK
179/417 text.test.text: missing glyph falls back to the replacement character (U11)...OK
180/417 text.test.text: Ext-A Š decodes, stores literal, and paints its caron (U3)...OK
181/417 text.test.text: debug_font counts and reports misses through the hook (U11)...OK
182/417 text.test.text: e + combining acute is ONE cell and one cursor step (U5/U6)...OK
183/417 text.test.text: stacked marks stay one cell; identical clusters share a pool slot (U6)...OK
184/417 text.test.text: leading combining mark gets a dotted-circle base (U6)...OK
185/417 text.test.text: ignorable zero-width codepoints vanish without advancing (U6)...OK
186/417 text.test.text: backspace deletes a whole cluster — composed or wide (U5)...OK
187/417 text.test.text: font sizes — same glyph, exact nearest-neighbor cells (U1)...OK
188/417 text.test.text: visible geometry follows the font size and wrap respects it (U1)...OK
189/417 text.test.text: emoji render two cells wide with real art (U7)...OK
190/417 text.test.text: unknown wide codepoints stay double-wide fallback (U7)...OK
191/417 text.test.text: measure_text — exact monospace arithmetic (U12)...OK
192/417 text.test.text: wrap_line segment contents pin the issue's examples (U15)...OK
193/417 text.test.text: wrap_line reports truncation on a small out-buffer (U15)...OK
194/417 text.test.text: glyph cache hits, sizes, and LRU eviction (U13)...OK
195/417 text.test.text: cached rows are pixel-identical to the direct path (U13)...OK
196/417 text.test.text: Unicode torture document renders deterministically (U14)...OK
197/417 text.test.text: an exhausted cluster pool degrades to ignoring new marks (U6)...OK
198/417 timer.test.timer: GTDT fixture yields the EL1 physical timer GSIV...OK
199/417 timer.test.timer: GTDT with zero GSIV keeps the conventional PPI...OK
200/417 timer.test.timer: heartbeat cadence is every 5 ticks and prints once...OK
201/417 timer.test.timer: first IRQ is reported separately from heartbeat cadence...OK
202/417 timer.test.timer: ppi matching is exact...OK
203/417 timer.test.timer: period math for a 1 s tick...OK
204/417 serial_ring.test.serial_ring: append and snapshot...OK
205/417 serial_ring.test.serial_ring: overflow wraps...OK
206/417 serial_ring.test.serial_ring: empty snapshot...OK
207/417 csprng.test.csprng: RFC 7539 §2.2.1 quarter-round state vector...OK
208/417 csprng.test.csprng: RFC 7539 §2.3.2 block-function vector...OK
209/417 csprng.test.csprng: RFC 7539 §2.4.2 114-byte ciphertext vector...OK
210/417 csprng.test.csprng: stream is continuous across block boundaries and seed-deterministic...OK
211/417 csprng.test.csprng: fallback leaves the module honestly unseeded...OK
212/417 csprng.test.csprng: ASLR stack placement stays in band, aligned, clear of text_va...OK
213/417 csprng.test.csprng: unseeded ASLR returns the fixed default...OK
214/417 virtio_gpu.test.virtio_gpu: spec constants, wire shapes, and the fill are the spec shapes...OK
215/417 virtio_gpu.test.virtio_gpu: fill writes the B8G8R8X8 little-endian byte order...OK
216/417 virtio_gpu.test.virtio_gpu: display-info response parse takes pmodes[0]...OK
217/417 wnd_core.test.wnd_core: hit_test returns the topmost visible interactive window...OK
218/417 wnd_core.test.wnd_core: hit_test honours workspace and visibility...OK
219/417 wnd_core.test.wnd_core: resize clamps are the on-scanout bounds...OK
220/417 wnd_core.test.wnd_core: workspace visibility rule (fixed layers always visible)...OK
221/417 wnd_core.test.wnd_core: WMS5 title-bar drag-grab rule (single source)...OK
222/417 wnd_core.test.wnd_core: chrome title layout (the shared truncation rule)...OK
223/417 wnd_core.test.wnd_core: z_rank reports registry order (0 = bottom)...OK
224/417 wnd_core.test.wnd_core: chrome descriptor validity refuses unknown kind/flags and zero kind...OK
225/417 wnd_core.test.wnd_core: WMS5 Gate 2 geometry rules are pinned (tile/snap/max — the WM's rect math)...OK
226/417 wnd_core.test.wnd_core: chrome descriptor is a flat number struct (the frozen ABI, v2 backward-compatible)...OK
227/417 wnd_core.test.wnd_core: tab item layout and cycle rules...OK
228/417 wnd_core.test.wnd_core: DQ2 tab-strip chrome geometry (strip row, title truncation, close box, hit-test)...OK
229/417 wnd_core.test.wnd_core: WM3 taskbar entry layout — rects, hit-test, tray clamp, title slice...OK
230/417 wnd_core.test.wnd_core: WM2 overview grid layout is pinned (shared kernel/WM rule)...OK
231/417 wnd_core.test.wnd_core: WM2 overview hit-testing (cards + workspace buttons)...OK
232/417 events.test.events: wire format layout and size is exactly 16 bytes...OK
233/417 events.test.events: push/peek/pop/drop FIFO sequence and monotonicity...OK
234/417 events.test.events: drop-oldest overflow discipline and wrap...OK
235/417 events.test.events: process isolation and lifecycle reset...OK
236/417 events.test.events: out-of-range PIDs and invalid kinds are defensive no-ops...OK
237/417 virtio_snd.test.virtio_snd: spec shapes — config layout, queue size, DID constants...OK
238/417 virtio_snd.test.virtio_snd: unarmed transport reports honestly...OK
239/417 virtio_snd.test.virtio_snd: stream-state setters are bounded and honest...OK
240/417 virtio_snd.test.virtio_snd: apply_stream_gain scales in place, zeroes when muted, and is bit-exact at 100%...OK
241/417 virtio_snd.test.virtio_snd: format/rate/channel math is deterministic...OK
242/417 virtio_snd.test.virtio_snd: pick_params prefers FLOAT then S16/S32, stereo when offered...OK
243/417 virtio_snd.test.virtio_snd: sine synthesis produces a bounded, non-silent buffer...OK
244/417 clipboard.test.clipboard: set/get round-trips bytes without consuming...OK
245/417 clipboard.test.clipboard: set truncates at the bound and a shorter set shrinks...OK
246/417 clipboard.test.clipboard: get truncates to a smaller destination...OK
247/417 clipboard.test.clipboard: init resets the buffer and the set counter...OK
248/417 font8x8.test.font8x8: source rows are LSB-first with bit zero at the left...OK
249/417 font8x8.test.font8x8: the 760-byte table is pinned — no row bits ever reverse (issue 125)...OK
250/417 font8x8.test.font8x8: the table is overwhelmingly horizontally asymmetric...OK
251/417 font8x8.test.font8x8: glyphs_16 is a correct 2x vertical stretch of glyphs...OK
252/417 font_emoji.test.font_emoji: every entry has ink and unique codepoints...OK
253/417 font_emoji.test.font_emoji: lookup finds knowns and rejects unknowns...OK
254/417 font_emoji.test.font_emoji: the smile is carved into the filled face...OK
255/417 font_emoji.test.font_emoji: thumbsdown is the vertical flip of thumbsup...OK
256/417 font_unicode.test.font_unicode: combining overlays exist for the common marks...OK
257/417 font_unicode.test.font_unicode: scaling is exact nearest-neighbor doubling/tripling...OK
258/417 font_unicode.test.font_unicode: é composes e with an acute overlay in the top rows...OK
259/417 font_unicode.test.font_unicode: ¡ and ¿ are vertical flips of ! and ?...OK
260/417 font_unicode.test.font_unicode: NBSP is blank, lookup rejects untabled ranges...OK
261/417 font_unicode.test.font_unicode: Ext-A covers the whole block with real art (M20-U3)...OK
262/417 font_unicode.test.font_unicode: FFFD is the diamond-with-question-mark silhouette...OK
263/417 xhci.test.xhci: HCSPARAMS1/HCCPARAMS1 field accessors...OK
264/417 xhci.test.xhci: TRB + ERST wire layouts are the spec shapes...OK
265/417 xhci.test.xhci: intr report-buffer slot wraps at the Link TRB boundary...OK
266/417 xhci.test.xhci: issue #118 — the armed TRB length is the device maxpkt, never clamped to 8...OK
267/417 xhci.test.xhci: issue #117 — the multi-TRB top-up keeps the armed depth constant across ring wraps...OK
268/417 xhci.test.xhci: ring geometry — the link TRB holds the wrap boundary...OK
269/417 xhci.test.xhci: I2 context wire layouts are the spec shapes...OK
270/417 xhci.test.xhci: hid_interval converts bInterval to the xHCI interval field...OK
271/417 xhci.test.xhci: control-transfer TRB control fields pack to the spec encodings...OK
272/417 uaccess.test.uaccess: copy_in copies exact bytes from a readable region...OK
273/417 uaccess.test.uaccess: copy_out writes exact bytes to a writable region...OK
274/417 uaccess.test.uaccess: boundary — range ending exactly at the region end is ok, one past faults...OK
275/417 uaccess.test.uaccess: overflow and zero length...OK
276/417 uaccess.test.uaccess: out-of-region kernel/MMIO/blanket addresses fault...OK
277/417 uaccess.test.uaccess: copy_out to the read-only text aperture is a permission fault...OK
278/417 uaccess.test.uaccess: a fault inside the window aborts the copy with EFAULT...OK
279/417 uaccess.test.uaccess: try_recover consumes only data aborts inside the window...OK
280/417 uaccess.test.uaccess: raw_copy_in is host-gated and diag is honest off-hardware...OK
281/417 gic.test.gic: MADT v3 fixture parses distributor + redistributor + gicc...OK
282/417 gic.test.gic: MADT v2 fixture parses GICC and picks the MMIO path...OK
283/417 gic.test.gic: unversioned MADT infers v3 from GICR presence...OK
284/417 gic.test.gic: unknown entry types are skipped; malformed lengths stop the walk...OK
285/417 gic.test.gic: absent/non-conformant MADT falls back to the VZ layout...OK
286/417 gic.test.gic: incomplete v2 MADT without a CPU interface falls back...OK
287/417 gic.test.gic: spurious sentinel is 1023 on both paths...OK
288/417 gic.test.gic: redistributor private-interrupt offsets include the SGI frame...OK
289/417 gic.test.gic: private interrupt trigger fields use ICFGR bit one...OK
290/417 gic.test.gic: SPI window register offsets match the distributor layout...OK
291/417 smp.test.smp: initial state and core tracking...OK
292/417 smp.test.smp: IPI counting...OK
293/417 wm_server.test.wm_server: register is one-seat and teardown falls back to the shim...OK
294/417 wm_server.test.wm_server: WMS5 raw-pointer and window-mirror fan-out is WM-only (kind 19/20 routing)...OK
295/417 wm_server.test.wm_server: remove_user_at fans a RELEASED mirror to the WM (M42 UX, flags bit 13)...OK
296/417 wm_server.test.wm_server: SET_STATE counter + keyboard fan-out (claim 4278, WMS5 Gate 2)...OK
297/417 wm_server.test.wm_server: OVERVIEW counter + opcode freeze (WM2, issue #707 card 2)...OK
298/417 wm_server.test.wm_server: COMPOSITE_TICK is delivered only to the registered WM with the present sequence...OK
299/417 wm_server.test.wm_server: the scanout grant is WM-seat-only; teardown clears the seat (claim 7397)...OK
300/417 wm_server.test.wm_server: REQUEST_PRESENT advances the present sequence and count...OK
301/417 elf.test.elf: minimal valid ELF32 parses with correct entry...OK
302/417 elf.test.elf: rejects bad magic, classes, endianness, and machine...OK
303/417 elf.test.elf: rejects truncated headers and tables...OK
304/417 elf.test.elf: rejects out-of-range and oversized segments...OK
305/417 elf.test.elf: enforces W^X segment flags and placement contract...OK
306/417 elf.test.elf: ELF64 parses and reports entry_rel correctly...OK
307/417 elf.test.elf: two-segment layout validates the data-base contract...OK
308/417 elf.test.elf: collect_symbols reads a hand-built symtab...OK
309/417 elf.test.elf: PT_INTERP and PT_DYNAMIC program headers are parsed...OK
310/417 elf.test.elf: auxv encoding and decoding...OK
311/417 elf.test.elf: dynamic tags parsing and relocation resolution...OK
312/417 symbol.test.symbol: add, count, get, and truncation...OK
313/417 symbol.test.symbol: lookup resolves the covering range and offset...OK
314/417 symbol.test.symbol: reset clears between programs...OK
315/417 symbol.test.symbol: full table refuses adds...OK
316/417 mailbox.test.mailbox: send/peek/drop round-trips a message FIFO...OK
317/417 mailbox.test.mailbox: ring wraps and a full ring refuses without losing bytes...OK
318/417 mailbox.test.mailbox: send/peek respect the 64-byte slot bound and truncate...OK
319/417 mailbox.test.mailbox: reset clears a ring and its counters (recycled process ids)...OK
320/417 mailbox.test.mailbox: out-of-range pids are defensive no-ops...OK
321/417 file_table.test.file_table: path parsing and volume routing...OK
322/417 file_table.test.file_table: handle allocation, bounds, and lifecycle reset...OK
323/417 file_table.test.file_table: wire DirEntry size is exactly 40 bytes...OK
324/417 file_table.test.file_table: mutating ops validate pids, paths, and volumes (claim 5801)...OK
325/417 app_timers.test.app_timers: set/cancel/fire countdown round-trips a TIMER event...OK
326/417 app_timers.test.app_timers: clamping — 0 clamps to 1 tick, over-long truncates at max...OK
327/417 app_timers.test.app_timers: cancel disarms; re-arm replaces a pending timer...OK
328/417 app_timers.test.app_timers: per-process isolation, out-of-range pids, and reset...OK
329/417 app_timers.test.app_timers: a fired event wakes a blocked sys_wait_event task through the hook...OK
330/417 exceptions.test.exceptions: ec_name decodes known and unknown classes...OK
331/417 exceptions.test.exceptions: mode_name decodes SPSR M field...OK
332/417 exceptions.test.exceptions: vector-frame helpers match the reverse stp layout...OK
333/417 exceptions.test.exceptions: only AArch64 SVC from EL0t reaches the SVC seam...OK
334/417 exceptions.test.exceptions: is_from_el0 matches SPSR M field 0x0 only...OK
335/417 exceptions.test.exceptions: an EL0 sync fault reaches the fault dispatcher and resumes its frame...OK
336/417 exceptions.test.exceptions: SVC dispatcher mutates x0 and resumes the same EL0 frame...OK
337/417 exceptions.test.exceptions: handled SVC may select another existing scheduler frame...OK
338/417 exceptions.test.exceptions: kind_name is stable...OK
339/417 exceptions.test.exceptions: resume decision is sync-and-armed only...OK
340/417 exceptions.test.exceptions: format_report is deterministic (resume path)...OK
341/417 exceptions.test.exceptions: format_report is deterministic (park path, irq)...OK
342/417 exceptions.test.exceptions: install and trigger never execute in a host test process...OK
343/417 exceptions.test.exceptions: report buffer is bounded (max-size fields never overflow)...OK
344/417 exceptions.test.exceptions: try_handle_page_fault demand zero-fill and COW splitting...OK
345/417 shared_region.test.shared_region: capacity bound...OK
346/417 shared_region.test.shared_region: owner always granted; a peer is WM-only...OK
347/417 shared_region.test.shared_region: no WM registered means no peer reads at all...OK
348/417 shared_region.test.shared_region: grant_read / drop_read maintain the read refcount...OK
349/417 shared_region.test.shared_region: teardown revokes every peer and frees the descriptor...OK
350/417 shared_region.test.shared_region: stale handle after teardown cannot re-grant old peers...OK
351/417 shared_region.test.shared_region: a reused slot starts clean — no stale SB2 wiring survives...OK
352/417 virtio_net.test.virtio_net: feature selection negotiates VER1 + MAC only...OK
353/417 virtio_net.test.virtio_net: MAC read — feature path vs fixed fallback...OK
354/417 virtio_net.test.virtio_net: known-frame build is byte-exact against the fixture...OK
355/417 virtio_net.test.virtio_net: staging bounds — payload truncation is honest...OK
356/417 virtio_net.test.virtio_net: used-ring drain accounting is exact...OK
357/417 virtio_net.test.virtio_net: full TX submit + drain over a mock transport...OK
358/417 virtio_net.test.virtio_net: MAC filter — own MAC + broadcast accepted, other dropped...OK
359/417 virtio_net.test.virtio_net: bounded frame FIFO — push, pop, occupancy, drop-oldest...OK
360/417 virtio_net.test.virtio_net: RX supply + used-ring drain + filter + FIFO over a mock...OK
361/417 virtio_net.test.virtio_net: RX MAC filter drops a foreign frame (counter, not FIFO)...OK
362/417 virtio_net.test.virtio_net: RX ARP request is answered — byte-exact reply on TX over a mock...OK
363/417 virtio_net.test.virtio_net: RX ARP reply is learned into the bounded table...OK
364/417 arp.test.arp: dotted-quad parse — valid, malformed, out-of-range...OK
365/417 arp.test.arp: build_request is byte-exact against the fixture...OK
366/417 arp.test.arp: build_reply is byte-exact against the fixture...OK
367/417 arp.test.arp: classify — request-for-us, not-for-us, reply, non-ARP, malformed...OK
368/417 arp.test.arp: bounded table — lookup, upsert in place, first-free, drop-oldest...OK
369/417 arp.test.arp: handle_rx — answer for us, learn a reply, drop the rest...OK
370/417 udp.test.udp: RFC 1071 pseudo-header checksum — known vector + fold...OK
371/417 udp.test.udp: build_datagram is byte-exact against the fixture...OK
372/417 udp.test.udp: build_frame is byte-exact against the fixture...OK
373/417 udp.test.udp: listen table — add, duplicate, full, close...OK
374/417 udp.test.udp: peek — copies without consuming, is_listening distinguishes...OK
375/417 udp.test.udp: handle_rx — deliver to a listener, drop badsum / closed / short...OK
376/417 udp.test.udp: bounded per-listener buffer — drop-oldest at 4...OK
377/417 udp.test.udp: loopback — send to our own IP delivers locally, no TX...OK
378/417 ipv4.test.ipv4: RFC 1071 checksum — known vector + odd length...OK
379/417 ipv4.test.ipv4: build_echo_request is byte-exact against the fixture...OK
380/417 ipv4.test.ipv4: build_echo_reply — swapped, echoed, byte-exact, checksums valid...OK
381/417 ipv4.test.ipv4: classify — fragments, bad checksums, foreign protocols, foreign dst...OK
382/417 ipv4.test.ipv4: handle_rx — answer an echo for us, observe a reply, drop the rest...OK
383/417 ipv4.test.ipv4: protocol dispatch — UDP (17) is handed to udp, TCP (6) to the tcp client...OK
384/417 pipe.test.pipe: write/read round-trips through the buffer...OK
385/417 pipe.test.pipe: overflow is dropped, never wraps...OK
386/417 pipe.test.pipe: sink console captures writes, source console feeds reads...OK
387/417 tombstone.test.tombstone: record and retrieve...OK
388/417 tombstone.test.tombstone: drop-oldest overflow...OK
389/417 tombstone.test.tombstone: format includes header...OK
390/417 tombstone.test.tombstone: crash inside a known symbol carries the note...OK
391/417 road_pops.test.road_pops: write tees to serial first, then the framebuffer...OK
392/417 road_pops.test.road_pops: drain presents once per dirty batch...OK
393/417 road_pops.test.road_pops: the first present emits the boot-banner evidence once...OK
394/417 road_pops.test.road_pops: no target degrades to serial-only (default VM)...OK
395/417 road_pops.test.road_pops: flush flushes the base and drains...OK
396/417 road_pops.test.road_pops: readByte delegates to the base (input stays on serial)...OK
397/417 road_pops.test.road_pops: a keyboard read source is consulted before serial (card I3)...OK
398/417 road_pops.test.road_pops: clear_framebuffer forwards to the target only...OK
399/417 road_pops.test.road_pops: report reflects armed/dirty/presents...OK
400/417 input.test.input: hid_to_ascii maps the usable subset (unshifted + shifted)...OK
401/417 input.test.input: usages outside the usable subset are refused (no invented bytes)...OK
402/417 input.test.input: hid_to_bytes maps the nav cluster to ESC sequences...OK
403/417 input.test.input: hid_to_bytes maps ctrl+a-z to ASCII control codes...OK
404/417 input.test.input: WMS8 Gate 5 — the drained geometry chords fan out but the kernel no longer consumes them (claim 9879)...OK
405/417 input.test.input: keyboard report decode pushes a ctrl chord and an arrow sequence...OK
406/417 input.test.input: keyboard report decode pushes key-down bytes with shift...OK
407/417 input.test.input: a held key does not re-fire (no repeat on unchanged report)...OK
408/417 input.test.input: FIFO is bounded and drops on overflow, never wrapping...OK
409/417 input.test.input: pointer report is recorded best-effort (buttons + LE X/Y)...OK
410/417 input.test.input: drain is a no-op when unarmed...OK
411/417 input.test.input: hid_modifiers_to_flags maps modifiers to ADR 0009 bitmasks...OK
412/417 input.test.input: keyboard routing delivers KEY_DOWN and KEY_UP events to focused user window...OK
413/417 dns.test.dns: query encoding for standard hostname...OK
414/417 dns.test.dns: response parsing with direct question and answer...OK
415/417 dns.test.dns: response error conditions...OK
416/417 net_log.test.net_log: append and retrieve...OK
417/417 net_log.test.net_log: ring buffer wrap around...OK
All 417 tests passed.
=== transcript gate 2: emitted transcript vs canonical fixture ===
verify-transcript: PASS — mock transcript is byte-identical to the canonical fixture
zig build
elf2bin: ./.zig-cache/o/556ce42323e0e9cefb5c628f4e5c3ebb/user-status43 -> /Users/tbuddy/t3/zig/dos-fb-games/.zig-cache/o/267bf2f20edc02690e0d732f1e9ca666/STATUS43.BIN: entry_offset=0x18 image_size=134 (content 110 bytes from 1 PT_LOAD segment(s))
elf2bin: ./.zig-cache/o/9e8983e64ff9ef295ca8a1d11c9d9bc0/user-wmrpc -> /Users/tbuddy/t3/zig/dos-fb-games/.zig-cache/o/01468c6abb61a585834ba651b03c5c0a/WMRPC.BIN: entry_offset=0x18 image_size=4366 (content 4342 bytes from 2 PT_LOAD segment(s))
elf2bin: ./.zig-cache/o/4dab85e8e77bb279bcf4329e476090fc/user-dns -> /Users/tbuddy/t3/zig/dos-fb-games/.zig-cache/o/aa3db7d2152420fea33fae6673c8600c/DNS.BIN: entry_offset=0x18 image_size=4711 (content 4687 bytes from 2 PT_LOAD segment(s))
elf2bin: ./.zig-cache/o/62417a08f9105619ed526e9f2861073d/user-calc -> /Users/tbuddy/t3/zig/dos-fb-games/.zig-cache/o/e9886eae5a0e71d55b4847355bbcb8b4/CALC.BIN: entry_offset=0x30 image_size=82016 text=81920 data=48 (bss tail 81592) from 3 PT_LOAD segment(s)
elf2bin: ./.zig-cache/o/01d18649dd90261e9e8012ccd230cfb9/user-smpst-ev -> /Users/tbuddy/t3/zig/dos-fb-games/.zig-cache/o/d8760d25a9962fb3c09fe9afa726579a/SMPEV.BIN: entry_offset=0x30 image_size=4144 text=4096 data=0 (bss tail 4) from 3 PT_LOAD segment(s)
elf2bin: ./.zig-cache/o/0e4ac8d006d83dcb3a1f0bd344670b50/user-desktop -> /Users/tbuddy/t3/zig/dos-fb-games/.zig-cache/o/fcf14afba1ecfc59e1efd526d4435d69/DESKTOP.BIN: entry_offset=0x30 image_size=20528 text=20480 data=0 (bss tail 81584) from 3 PT_LOAD segment(s)
elf2bin: ./.zig-cache/o/f297526291b79d602e8a4d0dcb192e1c/user-sb2-wm -> /Users/tbuddy/t3/zig/dos-fb-games/.zig-cache/o/f72170dc274fb3662fd805efa8c107b1/SB2WM.BIN: entry_offset=0x18 image_size=1824 (content 1800 bytes from 2 PT_LOAD segment(s))
elf2bin: ./.zig-cache/o/720d6a257d2f690057e894d3c29935df/user-asm -> /Users/tbuddy/t3/zig/dos-fb-games/.zig-cache/o/894c1bb1ceb2f9b3b920e472f0fcea14/ASM.BIN: entry_offset=0x18 image_size=12690 (content 12666 bytes from 2 PT_LOAD segment(s))
elf2bin: ./.zig-cache/o/810dbbe89a6951ee163ec8ab8c3fabb8/user-winloop -> /Users/tbuddy/t3/zig/dos-fb-games/.zig-cache/o/784ca2c825cdede866a15a4e4b0b8080/WINLOOP.BIN: entry_offset=0x18 image_size=417 (content 393 bytes from 1 PT_LOAD segment(s))
elf2bin: ./.zig-cache/o/c181519619fd6cdf3e9b8e9cab68b6da/user-smpst-win -> /Users/tbuddy/t3/zig/dos-fb-games/.zig-cache/o/27ddfbea3880345354fd046b184b398c/SMPWIN.BIN: entry_offset=0x30 image_size=4144 text=4096 data=0 (bss tail 4) from 3 PT_LOAD segment(s)
elf2bin: ./.zig-cache/o/9877f732f115f0a64cd9c39ab7365a24/user-tabhold -> /Users/tbuddy/t3/zig/dos-fb-games/.zig-cache/o/69e9e070d5796e89317a3e90344f467d/TABHOLD.BIN: entry_offset=0x18 image_size=2440 (content 2416 bytes from 2 PT_LOAD segment(s))
elf2bin: ./.zig-cache/o/67def41a319f8b012def76b32ca92e6e/user-jingle -> /Users/tbuddy/t3/zig/dos-fb-games/.zig-cache/o/05b93ae5c923c4172dc923b9fcaea850/JINGLE.BIN: entry_offset=0x18 image_size=8624 (content 8600 bytes from 2 PT_LOAD segment(s))
elf2bin: ./.zig-cache/o/b6b48db40e50336d0f88382acc7971cb/user-sexitest -> /Users/tbuddy/t3/zig/dos-fb-games/.zig-cache/o/447c9cf3ce4e0ecaa0542fa790e045fa/SEXITEST.BIN: entry_offset=0x18 image_size=3088 (content 3064 bytes from 2 PT_LOAD segment(s))
elf2bin: ./.zig-cache/o/0bce7025d914885fefd7dd19654d51a4/user-dir -> /Users/tbuddy/t3/zig/dos-fb-games/.zig-cache/o/e18b2469aae2ff626070b7474f69823d/DIR.BIN: entry_offset=0x18 image_size=248 (content 224 bytes from 1 PT_LOAD segment(s))
elf2bin: ./.zig-cache/o/b58f4c9ee8e4582a722bca1194010362/user-sysmon -> /Users/tbuddy/t3/zig/dos-fb-games/.zig-cache/o/02c032d49f887f0aa84f13de7d9e0a13/SYSMON.BIN: entry_offset=0x30 image_size=20576 text=20480 data=48 (bss tail 81584) from 3 PT_LOAD segment(s)
elf2bin: ./.zig-cache/o/4c07b059f2f2b68a0fe4d8a638b3c2d7/user-wasm -> /Users/tbuddy/t3/zig/dos-fb-games/.zig-cache/o/d1303e4bd1f39b638261d0c05c9d7c1b/WASM.BIN: entry_offset=0x30 image_size=63456 text=32768 data=30640 (bss tail 152728) from 3 PT_LOAD segment(s)
elf2bin: ./.zig-cache/o/983de4c8f1c6bf57b4cf490103cbd76c/user-sb6old -> /Users/tbuddy/t3/zig/dos-fb-games/.zig-cache/o/ae508f6355d001508707dfa1baff9f05/SB6OLD.BIN: entry_offset=0x18 image_size=476 (content 452 bytes from 2 PT_LOAD segment(s))
elf2bin: ./.zig-cache/o/2ce8bde3f64d28f1d3c82114e54fe9ae/user-smpst-file -> /Users/tbuddy/t3/zig/dos-fb-games/.zig-cache/o/9a3066eae18eaff2c0220d71642e5bf5/SMPFILE.BIN: entry_offset=0x30 image_size=4144 text=4096 data=0 (bss tail 4) from 3 PT_LOAD segment(s)
elf2bin: ./.zig-cache/o/bf8b5ef2953ec7ec7ba21ff5c1efefce/user-winmove -> /Users/tbuddy/t3/zig/dos-fb-games/.zig-cache/o/31ecac966913e507e47ad34ca106ea9a/WINMOVE.BIN: entry_offset=0x18 image_size=1340 (content 1316 bytes from 1 PT_LOAD segment(s))
elf2bin: ./.zig-cache/o/984a80cb3494c5f31fe237457cca7307/user-savetext -> /Users/tbuddy/t3/zig/dos-fb-games/.zig-cache/o/c14fa858a5cbb499f0ad56b714768e59/SAVETEXT.BIN: entry_offset=0x18 image_size=225 (content 201 bytes from 1 PT_LOAD segment(s))
elf2bin: ./.zig-cache/o/9bba25b5a4d4efea815688bfd40d3c50/user-smp1 -> /Users/tbuddy/t3/zig/dos-fb-games/.zig-cache/o/d304dde1188ab4e1b316111c10b795c1/SMP1.BIN: entry_offset=0x18 image_size=159 (content 135 bytes from 1 PT_LOAD segment(s))
elf2bin: ./.zig-cache/o/f1b89376dd89e61f3366cc6f6e2f00c7/user-notepad -> /Users/tbuddy/t3/zig/dos-fb-games/.zig-cache/o/53a536a8e72d630ef654bf34dfcfbaee/NOTEPAD.BIN: entry_offset=0x30 image_size=28768 text=28672 data=48 (bss tail 81584) from 3 PT_LOAD segment(s)
elf2bin: ./.zig-cache/o/3c67f81fc828c7f5a8412a9fadd1f6bb/user-hardening-victim -> /Users/tbuddy/t3/zig/dos-fb-games/.zig-cache/o/5b46dd08330c6a52b78da6ddc82d2653/VICTIM.BIN: entry_offset=0x30 image_size=4144 text=4096 data=0 (bss tail 1112) from 3 PT_LOAD segment(s)
elf2bin: ./.zig-cache/o/8841a684551003c76757ada115ad06c0/user-hello -> /Users/tbuddy/t3/zig/dos-fb-games/.zig-cache/o/453a674b674392db85a4ac0f5b2a3ceb/USER.BIN: entry_offset=0x18 image_size=393 (content 369 bytes from 1 PT_LOAD segment(s))
elf2bin: ./.zig-cache/o/f55b4f364e298eba4cd75d0f8844e339/user-peer -> /Users/tbuddy/t3/zig/dos-fb-games/.zig-cache/o/327f35a2cf78faf758ecbf3178e95f75/PEER.BIN: entry_offset=0x18 image_size=623 (content 599 bytes from 1 PT_LOAD segment(s))
elf2bin: ./.zig-cache/o/05c2cde62823dfc8b94e589c608d91aa/user-win -> /Users/tbuddy/t3/zig/dos-fb-games/.zig-cache/o/98a25f718e7ad5f5f37e657ad9da35a5/WIN.BIN: entry_offset=0x18 image_size=364 (content 340 bytes from 1 PT_LOAD segment(s))
elf2bin: ./.zig-cache/o/ca82ae6d333cdd2e8799b6105c50fa1a/user-globals -> /Users/tbuddy/t3/zig/dos-fb-games/.zig-cache/o/8c1d2289a3c512d45c6537a8464a0968/GLOBALS.BIN: entry_offset=0x30 image_size=28728 text=28672 data=8 (bss tail 4104) from 3 PT_LOAD segment(s)
elf2bin: ./.zig-cache/o/b84f734af113c7bb1cdda926376d52e3/user-sb6wm -> /Users/tbuddy/t3/zig/dos-fb-games/.zig-cache/o/3efa6e5811528fbb4dd21a5970a82afd/SB6WM.BIN: entry_offset=0x18 image_size=2600 (content 2576 bytes from 2 PT_LOAD segment(s))
elf2bin: ./.zig-cache/o/cefff89ba904903da25c7233ab8b22ac/user-fetch -> /Users/tbuddy/t3/zig/dos-fb-games/.zig-cache/o/2a00c0991e3e250d91799ff158db3b07/FETCH.BIN: entry_offset=0x18 image_size=2979 (content 2955 bytes from 2 PT_LOAD segment(s))
elf2bin: ./.zig-cache/o/ff86a3f5a79bc8864ae8655042b8296a/user-sb4dam -> /Users/tbuddy/t3/zig/dos-fb-games/.zig-cache/o/ad32dc91fecd519d5adfd7e7e4e122e7/SB4DAM.BIN: entry_offset=0x18 image_size=434 (content 410 bytes from 2 PT_LOAD segment(s))
elf2bin: ./.zig-cache/o/4c1ece18865ae00fccf07ac074760472/user-wndstub -> /Users/tbuddy/t3/zig/dos-fb-games/.zig-cache/o/13afba22184e0f09aa6ef607b31d0c50/WNDSTUB.BIN: entry_offset=0x18 image_size=230 (content 206 bytes from 1 PT_LOAD segment(s))
elf2bin: ./.zig-cache/o/44c38c848bbc9a05cc140c9d5dbbc21c/user-chat -> /Users/tbuddy/t3/zig/dos-fb-games/.zig-cache/o/5784cd041735230584767a5e229dbad6/CHAT.BIN: entry_offset=0x30 image_size=12336 text=12288 data=0 (bss tail 81584) from 3 PT_LOAD segment(s)
elf2bin: ./.zig-cache/o/a473914440ba7d5bc5714bf839b399c5/user-sexiburg -> /Users/tbuddy/t3/zig/dos-fb-games/.zig-cache/o/f6a63e34967ebd656e5e16a2c4feb5e2/SEXIBURG.BIN: entry_offset=0x30 image_size=45104 text=45056 data=0 (bss tail 109392) from 3 PT_LOAD segment(s)
elf2bin: ./.zig-cache/o/4bae1468452a3fa1903f4b8e6b39712c/user-chime -> /Users/tbuddy/t3/zig/dos-fb-games/.zig-cache/o/4dc826626d6e5ad029f99c273c6f63ae/CHIME.BIN: entry_offset=0x18 image_size=8688 (content 8664 bytes from 2 PT_LOAD segment(s))
elf2bin: ./.zig-cache/o/ce552a5b8e7e7b74d181960c19bc5441/user-sb2-own -> /Users/tbuddy/t3/zig/dos-fb-games/.zig-cache/o/7135614ca2f41decfa9bf8f1ac769f8a/SB2OWN.BIN: entry_offset=0x18 image_size=979 (content 955 bytes from 2 PT_LOAD segment(s))
elf2bin: ./.zig-cache/o/b809a146d2e8b5443aaf17bd25e158bb/virelai-kernel -> /Users/tbuddy/t3/zig/dos-fb-games/.zig-cache/o/9bc7e7cb6bc18f9ee1c64d39cf8506d1/KERNEL.BIN: entry_offset=0x18 image_size=8616144 (content 8616120 bytes from 4 PT_LOAD segment(s))
elf2bin: ./.zig-cache/o/58b6238343c42654257e9155b6e5f321/user-counter -> /Users/tbuddy/t3/zig/dos-fb-games/.zig-cache/o/8179854b1c701c7b77d9cdde1af158ba/COUNTER.BIN: entry_offset=0x18 image_size=940 (content 916 bytes from 1 PT_LOAD segment(s))
elf2bin: ./.zig-cache/o/288d1e40ecb526fee159a74f9d6e24fe/user-smpst-net -> /Users/tbuddy/t3/zig/dos-fb-games/.zig-cache/o/75f051eacdf17883538403cab4354fa3/SMPNET.BIN: entry_offset=0x30 image_size=4144 text=4096 data=0 (bss tail 4) from 3 PT_LOAD segment(s)
elf2bin: ./.zig-cache/o/a51568bc1c5756a2991cb7f0f660b812/user-type -> /Users/tbuddy/t3/zig/dos-fb-games/.zig-cache/o/966f19186906a051cccb08d8519715de/TYPE.BIN: entry_offset=0x18 image_size=232 (content 208 bytes from 1 PT_LOAD segment(s))
elf2bin: ./.zig-cache/o/23c9539eea47e764059b577959b4af03/user-settings -> /Users/tbuddy/t3/zig/dos-fb-games/.zig-cache/o/62c5c4e2fc23ea6db0ea248e426b0222/SETTINGS.BIN: entry_offset=0x30 image_size=20576 text=20480 data=48 (bss tail 81584) from 3 PT_LOAD segment(s)
elf2bin: ./.zig-cache/o/ae8737710e500795d97156fb8eefcd8c/user-edit -> /Users/tbuddy/t3/zig/dos-fb-games/.zig-cache/o/d2da2876e7ca7f598ba251c5a57c6ab1/EDIT.BIN: entry_offset=0x30 image_size=246160 text=49152 data=196960 (bss tail 115880) from 3 PT_LOAD segment(s)
elf2bin: ./.zig-cache/o/bc755f9b22d294ce4d84e6010c952233/user-keytest -> /Users/tbuddy/t3/zig/dos-fb-games/.zig-cache/o/c9e32ff013ce68217f103835e6d174aa/KEYTEST.BIN: entry_offset=0x18 image_size=645 (content 621 bytes from 1 PT_LOAD segment(s))
elf2bin: ./.zig-cache/o/05dd4c49129a213775cc46772e171c92/user-zc -> /Users/tbuddy/t3/zig/dos-fb-games/.zig-cache/o/9b63e83487e3c0237d29b331d0d49833/ZC.BIN: entry_offset=0x30 image_size=32816 text=32768 data=0 (bss tail 216184) from 3 PT_LOAD segment(s)
elf2bin: ./.zig-cache/o/543d4b48d1381da0d205264c85163d7d/user-sb5own -> /Users/tbuddy/t3/zig/dos-fb-games/.zig-cache/o/f8a5f242cccd171491ca64d73514144c/SB5OWN.BIN: entry_offset=0x18 image_size=1141 (content 1117 bytes from 2 PT_LOAD segment(s))
elf2bin: ./.zig-cache/o/33324c7e6a2d5752ac5cbc358d69a364/user-m21demo -> /Users/tbuddy/t3/zig/dos-fb-games/.zig-cache/o/cdd430d9c58a1d43f4943b796aefdc86/M21DEMO.BIN: entry_offset=0x18 image_size=593 (content 569 bytes from 1 PT_LOAD segment(s))
elf2bin: ./.zig-cache/o/0f81db8215a7fdd29494c7815201f262/user-disas -> /Users/tbuddy/t3/zig/dos-fb-games/.zig-cache/o/09644e123373a9fa8417c6c0d2bf52fe/DISAS.BIN: entry_offset=0x18 image_size=6496 (content 6472 bytes from 2 PT_LOAD segment(s))
elf2bin: ./.zig-cache/o/7d5ef785bc242287d5d539ad79c2a654/user-sb5wm -> /Users/tbuddy/t3/zig/dos-fb-games/.zig-cache/o/debff8a13ccd49a7c3e9db2ef516bbbc/SB5WM.BIN: entry_offset=0x18 image_size=2256 (content 2232 bytes from 2 PT_LOAD segment(s))
elf2bin: ./.zig-cache/o/e9cd95c9bd9f138c828bb71f45a15136/user-tcp -> /Users/tbuddy/t3/zig/dos-fb-games/.zig-cache/o/f9d80a8b0efeb003b5b2a30aa38a8b25/TCP.BIN: entry_offset=0x18 image_size=267 (content 243 bytes from 1 PT_LOAD segment(s))
elf2bin: ./.zig-cache/o/882b72d86151ad785c8104362438d1e2/user-view -> /Users/tbuddy/t3/zig/dos-fb-games/.zig-cache/o/a0b3c20a0026b94ccb72eff15250e6a8/VIEW.BIN: entry_offset=0x30 image_size=28904 text=28672 data=184 (bss tail 89880) from 3 PT_LOAD segment(s)
elf2bin: ./.zig-cache/o/6fa1647326eef981529d5d3c3bf1acae/user-timertest -> /Users/tbuddy/t3/zig/dos-fb-games/.zig-cache/o/5349980316f4d95589c1cfbb849bef14/TIMER.BIN: entry_offset=0x18 image_size=1129 (content 1105 bytes from 2 PT_LOAD segment(s))
elf2bin: ./.zig-cache/o/5cd451329c42a9c0fdab2240d3aad38e/user-schedring -> /Users/tbuddy/t3/zig/dos-fb-games/.zig-cache/o/f34030a18c3536fc62e97c5c4036efd8/SCHEDRING.BIN: entry_offset=0x18 image_size=213 (content 189 bytes from 1 PT_LOAD segment(s))
elf2bin: ./.zig-cache/o/faac0a5508b647a2568433107cdb92fe/user-file-browser -> /Users/tbuddy/t3/zig/dos-fb-games/.zig-cache/o/2387ba4bbbd5d205c8716ac58259c98d/FILE.BIN: entry_offset=0x30 image_size=49248 text=49152 data=48 (bss tail 81584) from 3 PT_LOAD segment(s)
elf2bin: ./.zig-cache/o/523e93f71a19c185d3992b7a211eb5b4/user-traceroute -> /Users/tbuddy/t3/zig/dos-fb-games/.zig-cache/o/beb9522856b57b217e8cb9f32ac3fece/TRACEROUTE.BIN: entry_offset=0x18 image_size=2464 (content 2440 bytes from 2 PT_LOAD segment(s))
elf2bin: ./.zig-cache/o/0d41c059f2f1c015a7aa45b8e1aa9878/user-spin -> /Users/tbuddy/t3/zig/dos-fb-games/.zig-cache/o/38d336ac883e609d061b080308b76a07/SPIN.BIN: entry_offset=0x18 image_size=132 (content 108 bytes from 1 PT_LOAD segment(s))
elf2bin: ./.zig-cache/o/543dbacf69dc1a251f7cb8e9d4c2aa60/user-ping -> /Users/tbuddy/t3/zig/dos-fb-games/.zig-cache/o/c22d55cae139dd8aa5985dcc8cc23fe4/PING.BIN: entry_offset=0x18 image_size=5670 (content 5646 bytes from 2 PT_LOAD segment(s))
elf2bin: ./.zig-cache/o/f0df2f550977a8d4b71945601175f273/user-guard -> /Users/tbuddy/t3/zig/dos-fb-games/.zig-cache/o/3828d686943bbe367b673ccca7fa4f63/GUARD.BIN: entry_offset=0x18 image_size=88 (content 64 bytes from 1 PT_LOAD segment(s))
elf2bin: ./.zig-cache/o/cada3c958e7ea61a5f856703f909494e/user-sb3-wm -> /Users/tbuddy/t3/zig/dos-fb-games/.zig-cache/o/b14d03f189bfc7d6e62f53bc75263a14/SB3WM.BIN: entry_offset=0x18 image_size=1960 (content 1936 bytes from 2 PT_LOAD segment(s))
elf2bin: ./.zig-cache/o/88231ba55ae2914e31075839d6f64da1/user-ps -> /Users/tbuddy/t3/zig/dos-fb-games/.zig-cache/o/b9cf1f4c0e29bf0adbf1ecb73ef5c7dc/PS.BIN: entry_offset=0x30 image_size=12336 text=12288 data=0 (bss tail 82800) from 3 PT_LOAD segment(s)
elf2bin: ./.zig-cache/o/e402cba64be88cb9a1e0a757085c8070/user-httpd -> /Users/tbuddy/t3/zig/dos-fb-games/.zig-cache/o/e67e12ce905ee624c14c07cf5a4d4c67/HTTPD.BIN: entry_offset=0x18 image_size=15305 (content 15281 bytes from 2 PT_LOAD segment(s))
elf2bin: ./.zig-cache/o/a6ca0b62cef73e6d59419c9f83753534/user-top -> /Users/tbuddy/t3/zig/dos-fb-games/.zig-cache/o/7cc4961b6e81966cba0209b77df8e7eb/TOP.BIN: entry_offset=0x30 image_size=28768 text=28672 data=48 (bss tail 81584) from 3 PT_LOAD segment(s)
elf2bin: ./.zig-cache/o/6f39e7fecae86f06e5a07865abcee9db/user-sb6new -> /Users/tbuddy/t3/zig/dos-fb-games/.zig-cache/o/6563a4b5f7af5ec24ff7b67ca804d03f/SB6NEW.BIN: entry_offset=0x18 image_size=1273 (content 1249 bytes from 2 PT_LOAD segment(s))
elf2bin: ./.zig-cache/o/4fab8be63d9586bca03cfa7e13342466/user-sb3-own -> /Users/tbuddy/t3/zig/dos-fb-games/.zig-cache/o/6018417593a1f5f27efb95d3998603d8/SB3OWN.BIN: entry_offset=0x18 image_size=1127 (content 1103 bytes from 2 PT_LOAD segment(s))
elf2bin: ./.zig-cache/o/6a494a71bfcdb56428d457d48d79e93f/user-resmon -> /Users/tbuddy/t3/zig/dos-fb-games/.zig-cache/o/f1a0f00987b26b7652c4d2f8e002428a/RESMON.BIN: entry_offset=0x30 image_size=12336 text=12288 data=0 (bss tail 82800) from 3 PT_LOAD segment(s)
elf2bin: ./.zig-cache/o/670a36859092db0f8ac30fdffd6c4864/user-netprof -> /Users/tbuddy/t3/zig/dos-fb-games/.zig-cache/o/6a63a963b25cb67abecf0938b23f2a5b/NETPROF.BIN: entry_offset=0x18 image_size=4345 (content 4321 bytes from 2 PT_LOAD segment(s))
elf2bin: ./.zig-cache/o/0f5f126f380ce8f8e53afe35349a4155/user-netstat -> /Users/tbuddy/t3/zig/dos-fb-games/.zig-cache/o/ff88261f8ea7e921887e7ce0dddc2cfa/NETSTAT.BIN: entry_offset=0x30 image_size=16432 text=16384 data=0 (bss tail 81824) from 3 PT_LOAD segment(s)
elf2bin: ./.zig-cache/o/5ef4aae38f95f00af8f253a819527793/user-harden -> /Users/tbuddy/t3/zig/dos-fb-games/.zig-cache/o/bcb22c9e3ed5dd1e558001adfb0b30d0/HARDEN.BIN: entry_offset=0x18 image_size=714 (content 690 bytes from 2 PT_LOAD segment(s))
elf2bin: ./.zig-cache/o/0f98a330474c2a45a8746495a0c35571/user-tabwm -> /Users/tbuddy/t3/zig/dos-fb-games/.zig-cache/o/0622b7d0907a0c42f9c6b3be69424601/TABWM.BIN: entry_offset=0x30 image_size=28772 text=28672 data=52 (bss tail 88484) from 3 PT_LOAD segment(s)
elf2bin: ./.zig-cache/o/3dbb27c9520660a046339ef688939063/user-wnd -> /Users/tbuddy/t3/zig/dos-fb-games/.zig-cache/o/b98f9d694389f614b9b7896ac36244ad/WND.BIN: entry_offset=0x30 image_size=54504 text=53248 data=1208 (bss tail 193864) from 3 PT_LOAD segment(s)
elf2bin: ./.zig-cache/o/da079276749970875ee54d6c4080f3c8/user-vmtest -> /Users/tbuddy/t3/zig/dos-fb-games/.zig-cache/o/f41c8885c3bf36cc2c90a17361e9c615/VMTEST.BIN: entry_offset=0x18 image_size=968 (content 944 bytes from 2 PT_LOAD segment(s))
elf2bin: ./.zig-cache/o/e9f1b1b56e63dd7e7a59bc4424517f98/user-winclose -> /Users/tbuddy/t3/zig/dos-fb-games/.zig-cache/o/2d5c71292841607da3c1aaf99432715d/WINCLOSE.BIN: entry_offset=0x18 image_size=261 (content 237 bytes from 1 PT_LOAD segment(s))
elf2bin: ./.zig-cache/o/6f39a14bc057fd6253ddb95287564d7b/user-udp -> /Users/tbuddy/t3/zig/dos-fb-games/.zig-cache/o/c1f0367e65969ef7a7c004bd0a138ea9/UDP.BIN: entry_offset=0x18 image_size=605 (content 581 bytes from 1 PT_LOAD segment(s))
elf2bin: ./.zig-cache/o/053bfbccc25440fd5f932768b5005120/user-devcons -> /Users/tbuddy/t3/zig/dos-fb-games/.zig-cache/o/7f0926e7da79cd88f74af92dfbc6085c/DEVCONS.BIN: entry_offset=0x30 image_size=16492 text=16384 data=60 (bss tail 118508) from 3 PT_LOAD segment(s)
elf2bin: ./.zig-cache/o/0662782b0385f25d02fea0f99d736f1c/user-download -> /Users/tbuddy/t3/zig/dos-fb-games/.zig-cache/o/ddea2cf02f8beb1cd531ac672ce7c27c/DOWNLOAD.BIN: entry_offset=0x18 image_size=3255 (content 3231 bytes from 2 PT_LOAD segment(s))
zig build image
elf2bin: ./.zig-cache/o/b809a146d2e8b5443aaf17bd25e158bb/virelai-kernel -> /Users/tbuddy/t3/zig/dos-fb-games/.zig-cache/o/9bc7e7cb6bc18f9ee1c64d39cf8506d1/KERNEL.BIN: entry_offset=0x18 image_size=8616144 (content 8616120 bytes from 4 PT_LOAD segment(s))
make-image: building FAT32+GPT boot image 'artifacts/disk.img' (0 MiB)...
mkfat32: wrote artifacts/disk.img.tmp (169472 EFI + 8616144 kernel bytes)
make-image: verifying image contents...
size: 35364864 bytes (69072 sectors)
LBA0: MBR present
GPT: valid signature, header crc32=0xde33e5c4
GPT: ESP partition at LBA 2048, 67024 sectors
FAT: boot sig ok, label='VIRELAIOS', 512-byte sectors, 1 sector/cluster, 32 reserved, 2 FATs x 516 sectors, root cluster 2
FAT: directory tree:
  EFI/
    BOOT/
      BOOTAA64.EFI  (169472 bytes)
  KERNEL.BIN  (8616144 bytes)
make-image: done.
zig build inspect
=== EFI binary: ./.zig-cache/o/2b091cf8cba58000758654f56d523b4b/bootaa64.efi ===
./.zig-cache/o/2b091cf8cba58000758654f56d523b4b/bootaa64.efi: PE32+ executable (EFI application) Aarch64, for MS Windows
-- llvm-objdump -f (file header) --

./.zig-cache/o/2b091cf8cba58000758654f56d523b4b/bootaa64.efi:	file format coff-arm64
architecture: aarch64
start address: 0x0000000000000000
-- llvm-objdump --private-headers (PE/COFF) --

./.zig-cache/o/2b091cf8cba58000758654f56d523b4b/bootaa64.efi:	file format coff-arm64
Characteristics 0x22
	executable
	large address aware

Time/Date               Sun Sep  6 09:44:54 2026
Magic                   020b	(PE32+)
MajorLinkerVersion      14
MinorLinkerVersion      0
SizeOfCode              0000000000021600
SizeOfInitializedData   0000000000007c00
SizeOfUninitializedData 0000000000000000
AddressOfEntryPoint     000000000001b2bc
BaseOfCode              0000000000001000
ImageBase               0000000000000000
SectionAlignment        00001000
FileAlignment           00000200
MajorOSystemVersion     6
MinorOSystemVersion     0
MajorImageVersion       0
MinorImageVersion       0
MajorSubsystemVersion   6
MinorSubsystemVersion   0
Win32Version            00000000
SizeOfImage             0002c000
SizeOfHeaders           00000400
CheckSum                00000000
Subsystem               0000000a	(EFI application)
DllCharacteristics      00008160
					HIGH_ENTROPY_VA
					DYNAMIC_BASE
					NX_COMPAT
					TERMINAL_SERVER_AWARE
SizeOfStackReserve      0000000001000000
SizeOfStackCommit       0000000000001000
SizeOfHeapReserve       0000000000100000
SizeOfHeapCommit        0000000000001000
LoaderFlags             00000000
NumberOfRvaAndSizes     00000010

The Data Directory
Entry 0 0000000000000000 00000000 Export Directory [.edata (or where ever we found it)]
Entry 1 0000000000000000 00000000 Import Directory [parts of .idata]
Entry 2 0000000000000000 00000000 Resource Directory [.rsrc]
Entry 3 000000000002a000 00000930 Exception Directory [.pdata]
Entry 4 0000000000000000 00000000 Security Directory
Entry 5 000000000002b000 00000118 Base Relocation Directory [.reloc]
Entry 6 0000000000028830 0000001c Debug Directory
Entry 7 0000000000000000 00000000 Description Directory
Entry 8 0000000000000000 00000000 Special Directory
Entry 9 0000000000000000 00000000 Thread Storage Directory [.tls]
Entry a 0000000000000000 00000000 Load Configuration Directory
Entry b 0000000000000000 00000000 Bound Import Directory
Entry c 0000000000000000 00000000 Import Address Table Directory
Entry d 0000000000000000 00000000 Delay Import Directory
Entry e 0000000000000000 00000000 CLR Runtime Header
Entry f 0000000000000000 00000000 Reserved

-- llvm-objdump -h (sections) --

./.zig-cache/o/2b091cf8cba58000758654f56d523b4b/bootaa64.efi:	file format coff-arm64

Sections:
Idx Name          Size     VMA              Type
  0 .text         0002151c 0000000000001000 TEXT
  1 .data         00006eb0 0000000000023000 DATA
  2 .pdata        00000930 000000000002a000 DATA
  3 .reloc        00000118 000000000002b000 DATA
-- llvm-objdump -d (first 24 lines of disassembly) --

./.zig-cache/o/2b091cf8cba58000758654f56d523b4b/bootaa64.efi:	file format coff-arm64

Disassembly of section .text:

0000000000001000 <.text>:
    1000: f81e0ffc     	str	x28, [sp, #-0x20]!
    1004: a900fbfd     	stp	x29, x30, [sp, #0x8]
    1008: 910023fd     	add	x29, sp, #0x8
    100c: d10883ff     	sub	sp, sp, #0x220
    1010: d102c3a8     	sub	x8, x29, #0xb0
    1014: f9001be8     	str	x8, [sp, #0x30]
    1018: f9001ffe     	str	x30, [sp, #0x38]
    101c: aa0003e8     	mov	x8, x0
    1020: aa0803e0     	mov	x0, x8
    1024: f90023e0     	str	x0, [sp, #0x40]
    1028: aa0103e9     	mov	x9, x1
    102c: f90027e9     	str	x9, [sp, #0x48]
    1030: aa0203e9     	mov	x9, x2
    1034: f9002be9     	str	x9, [sp, #0x50]
    1038: d10343a0     	sub	x0, x29, #0xd0
    103c: 910163e9     	add	x9, sp, #0x58
    1040: f81383a9     	stur	x9, [x29, #-0xc8]
    1044: 52800409     	mov	w9, #0x20               // =32
  (tool not available: llvm-readobj)
-- symbols of interest --
./.zig-cache/o/2b091cf8cba58000758654f56d523b4b/bootaa64.efi: no symbols

=== Disk image: artifacts/disk.img ===
artifacts/disk.img: DOS/MBR boot sector; partition 1 : ID=0xee, start-CHS (0x0,0,0), end-CHS (0x3ff,255,63), startsector 1, 69071 sectors, extended partition table (last)
-- FAT/GPT listing (python) --
size: 35364864 bytes (69072 sectors)
LBA0: MBR present
GPT: valid signature, header crc32=0xde33e5c4
GPT: ESP partition at LBA 2048, 67024 sectors
FAT: boot sig ok, label='VIRELAIOS', 512-byte sectors, 1 sector/cluster, 32 reserved, 2 FATs x 516 sectors, root cluster 2
FAT: directory tree:
  EFI/
    BOOT/
      BOOTAA64.EFI  (169472 bytes)
  KERNEL.BIN  (8616144 bytes)
  (tool not available: mdir)
swift build --package-path host/vm-runner
Building for debugging...
[2 / 12]
[3 / 13] VFWire
Build complete! (0.61 sec)
zig build context
context written to artifacts/context.md
bash tools/status/verify-issue-coordination.sh
verify-issue-coordination: ok — 1 open claim issue(s) checked, no file overlaps
bash tools/status/test-coordination.sh
ok   disjoint claims pass
ok   overlap across branches fails (names both issues)
ok   blocked claim excluded from overlap
ok   same-branch overlap allowed (one editor)
ok   prefix-glob overlap fails
ok   missing backticked branch fails
ok   stale claim warns
ok   empty tracker passes
ok   sweep: fresh claims not flagged
ok   sweep: stale claims flagged (names both)
ok   sweep: already-flagged stale claim skipped
ok   sweep: updated claim unlabeled
ok   sweep: fresh unlabeled claim untouched
ok   guard: human comment unlabels a stale claim
ok   guard: sweep warning (bot author) does not unlabel
ok   guard: local-token sweep warning (marker) does not unlabel
ok   guard: third-party bot comment does not unlabel
ok   guard: human issues edit unlabels a stale claim
ok   guard: bot-driven issues event does not unlabel
ok   guard: third-party bot issues event does not unlabel
ok   guard: unlabeled claim left alone
ok   guard: closed claim left alone

test-coordination: 22/22 PASS
bash tools/inventory-gates.sh --check
inventory-gates --check: OK (docs/gate-fleet-inventory.md matches a fresh render)
bash tools/lint-workflows.sh
bash tools/verify-mmu-debt.sh
=== verify-mmu-debt: claim 1517 — MMU takeover contract intact (corrected start level T0SZ=16 + TLBI at the switch; deterministic, no VM) ===

--- 1. ADR 0006 exists with the invalidation list + supersession note ---
  PASS: docs/decisions/0006-mmu-debt-boundary.md exists
  PASS: ADR 0006 invalidation item: Descriptor changes
  PASS: ADR 0006 invalidation item: Permission/attribute changes
  PASS: ADR 0006 invalidation item: Page reclamation
  PASS: ADR 0006 invalidation item: Non-identity mappings
  PASS: ADR 0006 invalidation item: ASID / address-space work
  PASS: ADR 0006 invalidation item: Unmapping
  PASS: ADR 0006 invalidation item: Mappings above the blanket
  PASS: ADR 0006 invalidation item: TCR/MAIR changes
  PASS: ADR 0006 title
  PASS: ADR 0006 supersession note (claim 1517)

--- 2. ADR 0004 D3 records the corrected start level + TLBI and points to 0006 ---
  PASS: ADR 0004 D3 records the corrected start level (T0SZ=16)
  PASS: ADR 0004 D3 mentions the tlbi (historical + claim 1517)
  PASS: ADR 0004 D3 claim-1517 addendum present
  PASS: ADR 0004 D3 points to ADR 0006

--- 3. hardware-contract records the corrected MMU + post-MMU TX observations ---
  PASS: hardware-contract: production T0SZ=16
  PASS: hardware-contract: TLBI at the switch
  PASS: hardware-contract: post-MMU virtio TX [observed]
  PASS: hardware-contract: ADR 0006 pointer

--- 4. kernel install_identity_map() still carries the load-bearing comments ---
  PASS: kernel: TLBI executed at the switch
  PASS: kernel: claim-1517 TLBI comment
  PASS: kernel: 4 GiB blanket constant
  PASS: kernel: descriptors-immutable statement

verify-mmu-debt: PASS — MMU takeover contract intact (T0SZ=16 + TLBI at the switch; ADR 0006 + ADR 0004 D3 + hardware-contract + kernel comments).
bash tools/verify-glyph-raster.sh
=== verify-glyph-raster: the font8x8 LSB-first convention, as a named class-A gate ===

[1/3] raster-golden module tests (font8x8 + text + driving_award)
-- zig test kernel/src/font8x8.zig
1/4 font8x8.test.font8x8: source rows are LSB-first with bit zero at the left...OK
2/4 font8x8.test.font8x8: the 760-byte table is pinned — no row bits ever reverse (issue 125)...OK
3/4 font8x8.test.font8x8: the table is overwhelmingly horizontally asymmetric...OK
4/4 font8x8.test.font8x8: glyphs_16 is a correct 2x vertical stretch of glyphs...OK
All 4 tests passed.
-- zig test kernel/src/text.zig
1/72 text.test.text: asymmetric C raster is LSB-first in B8G8R8X8...OK
2/72 text.test.text: the full 95-glyph table rasters LSB-first — every pixel matches the raw source bits (issue 125)...OK
3/72 text.test.text: line wrap starts a new line at the region width...OK
4/72 text.test.text: backspace and carriage return move the cursor (U2)...OK
5/72 text.test.text: the scrollback ring is bounded and drops the oldest line...OK
6/72 text.test.text: clear resets the ring and cursor...OK
7/72 text.test.text: Ctrl-L's erase-in-display clears the layer instead of drawing '[2J'...OK
8/72 text.test.text: render never writes outside the canvas...OK
9/72 text.test.text: tab advances to the next multiple of the stop and fills spaces (U10)...OK
10/72 text.test.text: tab stops land on successive multiples (U10)...OK
11/72 text.test.text: tab width is configurable (4-stop editor style) and clamped (U10)...OK
12/72 text.test.text: tab near the region edge clamps without wrapping (U10)...OK
13/72 text.test.text: monospace guarantee — narrow and wide glyphs occupy exactly one cell (U10)...OK
14/72 text.test.text: char_width categories (U4)...OK
15/72 text.test.text: char_width is comptime-evaluable...OK
16/72 text.test.text: UTF-8 é decodes and stores the Latin-1 literal cell (U2)...OK
17/72 text.test.text: rendered é paints the accent-composed glyph, not blank (U2)...OK
18/72 text.test.text: a width-2 codepoint takes exactly two cells (U2/U4)...OK
19/72 text.test.text: broken UTF-8 becomes U+FFFD, not garbage cells (U2)...OK
20/72 text.test.text: DEL and unknown control bytes stay invisible blanks (U2)...OK
21/72 text.test.text: missing glyph falls back to the replacement character (U11)...OK
22/72 text.test.text: Ext-A Š decodes, stores literal, and paints its caron (U3)...OK
23/72 text.test.text: debug_font counts and reports misses through the hook (U11)...OK
24/72 text.test.text: e + combining acute is ONE cell and one cursor step (U5/U6)...OK
25/72 text.test.text: stacked marks stay one cell; identical clusters share a pool slot (U6)...OK
26/72 text.test.text: leading combining mark gets a dotted-circle base (U6)...OK
27/72 text.test.text: ignorable zero-width codepoints vanish without advancing (U6)...OK
28/72 text.test.text: backspace deletes a whole cluster — composed or wide (U5)...OK
29/72 text.test.text: font sizes — same glyph, exact nearest-neighbor cells (U1)...OK
30/72 text.test.text: visible geometry follows the font size and wrap respects it (U1)...OK
31/72 text.test.text: emoji render two cells wide with real art (U7)...OK
32/72 text.test.text: unknown wide codepoints stay double-wide fallback (U7)...OK
33/72 text.test.text: measure_text — exact monospace arithmetic (U12)...OK
34/72 text.test.text: wrap_line segment contents pin the issue's examples (U15)...OK
35/72 text.test.text: wrap_line reports truncation on a small out-buffer (U15)...OK
36/72 text.test.text: glyph cache hits, sizes, and LRU eviction (U13)...OK
37/72 text.test.text: cached rows are pixel-identical to the direct path (U13)...OK
38/72 text.test.text: Unicode torture document renders deterministically (U14)...OK
39/72 text.test.text: an exhausted cluster pool degrades to ignoring new marks (U6)...OK
40/72 virtio_gpu.test.virtio_gpu: spec constants, wire shapes, and the fill are the spec shapes...OK
41/72 virtio_gpu.test.virtio_gpu: fill writes the B8G8R8X8 little-endian byte order...OK
42/72 virtio_gpu.test.virtio_gpu: display-info response parse takes pmodes[0]...OK
43/72 font_emoji.test.font_emoji: every entry has ink and unique codepoints...OK
44/72 font_emoji.test.font_emoji: lookup finds knowns and rejects unknowns...OK
45/72 font_emoji.test.font_emoji: the smile is carved into the filled face...OK
46/72 font_emoji.test.font_emoji: thumbsdown is the vertical flip of thumbsup...OK
47/72 font8x8.test.font8x8: source rows are LSB-first with bit zero at the left...OK
48/72 font8x8.test.font8x8: the 760-byte table is pinned — no row bits ever reverse (issue 125)...OK
49/72 font8x8.test.font8x8: the table is overwhelmingly horizontally asymmetric...OK
50/72 font8x8.test.font8x8: glyphs_16 is a correct 2x vertical stretch of glyphs...OK
51/72 font_unicode.test.font_unicode: combining overlays exist for the common marks...OK
52/72 font_unicode.test.font_unicode: scaling is exact nearest-neighbor doubling/tripling...OK
53/72 font_unicode.test.font_unicode: é composes e with an acute overlay in the top rows...OK
54/72 font_unicode.test.font_unicode: ¡ and ¿ are vertical flips of ! and ?...OK
55/72 font_unicode.test.font_unicode: NBSP is blank, lookup rejects untabled ranges...OK
56/72 font_unicode.test.font_unicode: Ext-A covers the whole block with real art (M20-U3)...OK
57/72 font_unicode.test.font_unicode: FFFD is the diamond-with-question-mark silhouette...OK
58/72 mmu.test.mmu: build_user_root returns a fresh root per call (per-process roots)...OK
59/72 mmu.test.mmu: user leaves are page-local W^X and reject Device mappings...OK
60/72 mmu.test.mmu: map_user_page and unmap_user_page dynamic lifecycle...OK
61/72 mmu.test.mmu: map_user_cow_page and set_user_leaf_writable...OK
62/72 userspace.test.userspace: two sequenced pings preserve the claim-8215 round-trip...OK
63/72 console.test.console: mock captures writes in order...OK
64/72 console.test.console: reset clears capture and flags...OK
65/72 console.test.console: overflow truncates, flags, and never wraps...OK
66/72 console.test.console: zero-capacity mock flags every write...OK
67/72 console.test.console: print_hex prints fixed 16 lowercase digits...OK
68/72 console.test.console: print_hex_min prints minimal lowercase hex...OK
69/72 console.test.console: print_u64 prints decimal without leading zeros...OK
70/72 console.test.console: mock readByte returns scripted input in order...OK
71/72 console.test.console: mock feed overflow is refused and flagged, never wraps...OK
72/72 console.test.console: reset clears the scripted input queue too...OK
All 72 tests passed.
-- zig test kernel/src/driving_award.zig
All 0 tests passed.
module goldens: PASS

[2/3] offline in-cell mirror self-test (decode-screen-glyphs.py --self-test)
self-test: asymmetric C golden confirms source LSB-left orientation
self-test: forward title='clock' body='DRIVING AWARD'
self-test: after in-cell mirror, forward title='?J???' (4 unknowns) body='??J?J?? ?????' (10 unknowns)
self-test: after in-cell mirror, mirrored decode title='clock' body='DRIVING AWARD'
SELF-TEST PASS: the clock title/body tripwire reads forward and detects an in-cell mirror
offline self-test: PASS# --- 3. Mutation check: delegated to the generalized bit-order gate ---

[3/3] mutation check (delegated: tools/verify-mutations.sh — row_pixel reversal + FAT endianness + virtio NEXT-bit)
=== verify-mutations: the generalized bit-order mutation check ===

[mutation 1] font8x8 row_pixel (kernel/src/font8x8.zig)
  !! driving_award did NOT fail under the mutation — the golden cannot detect this regression
  detected (all listed modules failed)

[mutation 2] file_table traversal boundary (kernel/src/file_table.zig)
  detected (all listed modules failed)

[mutation 3] virtio chain-walk NEXT bit (kernel/src/virtio_custom.zig)
  detected (all listed modules failed)

=== verify-mutations: PASS (3 bit-order mutations applied; every golden failed under its mutation) ===
mutation check: PASS (every bit-order mutation failed its goldens)

=== verify-glyph-raster: PASS (goldens green, self-test green, mutation detected) ===
bash tools/verify-ttf-fonts.sh
=== verify-ttf-fonts: TrueType Engine & Typography Verification (Inter + Fira Code) ===

[1/3] Verifying source TrueType font files in image/fonts/
  Inter-Regular.ttf: 411640 bytes (OK)
  FiraCode-Regular.ttf: 289624 bytes (OK)

[2/3] Running TrueType parser, rasterizer, composite, cache & blend unit tests
1/5 font_ttf.test.TrueTypeFace parses Fira Code and Inter headers and cmap...OK
2/5 font_ttf.test.TrueTypeFace loads simple glyph outlines...OK
3/5 font_ttf.test.TrueTypeFace rasterizes anti-aliased glyphs with subpixel coverage...
--- Rasterized Inter 'O' (16px, 12x13, advance=12px) ---
  =%@@%=    
 #@+::+@+   
-%:    -@:  
#+      #+  
@-      -%  
@:      :@: 
@:      :@. 
@-      =#  
#*      #+  
:@+    +@.  
 +@#++#@-   
  .****.    
            

--- Rasterized Fira Code 'A' (14px, 10x11) ---
  :@#     
  +*@.    
  #.#-    
 .% +#    
 =+ .@.   
 #-  #-   
.@#**%#   
-#:::-@.  
*-    @-  
*     ++  
          
OK
4/5 font_ttf.test.TrueTypeFace loads and rasterizes composite glyphs (accented é)...OK
5/5 font_ttf.test.GlyphCache and blend_glyph_bgra render text into 32-bpp BGRA buffer...OK
All 5 tests passed.

[3/3] Compiling userland with font engine integrated
elf2bin: ./.zig-cache/o/0e4ac8d006d83dcb3a1f0bd344670b50/user-desktop -> /Users/tbuddy/t3/zig/dos-fb-games/.zig-cache/o/fcf14afba1ecfc59e1efd526d4435d69/DESKTOP.BIN: entry_offset=0x30 image_size=20528 text=20480 data=0 (bss tail 81584) from 3 PT_LOAD segment(s)
elf2bin: ./.zig-cache/o/ae8737710e500795d97156fb8eefcd8c/user-edit -> /Users/tbuddy/t3/zig/dos-fb-games/.zig-cache/o/d2da2876e7ca7f598ba251c5a57c6ab1/EDIT.BIN: entry_offset=0x30 image_size=246160 text=49152 data=196960 (bss tail 115880) from 3 PT_LOAD segment(s)

=== verify-ttf-fonts: PASS (Inter & Fira Code TrueType engine verified) ===
bash tools/verify-mutations.sh
=== verify-mutations: the generalized bit-order mutation check ===

[mutation 1] font8x8 row_pixel (kernel/src/font8x8.zig)
  !! driving_award did NOT fail under the mutation — the golden cannot detect this regression
  detected (all listed modules failed)

[mutation 2] file_table traversal boundary (kernel/src/file_table.zig)
  detected (all listed modules failed)

[mutation 3] virtio chain-walk NEXT bit (kernel/src/virtio_custom.zig)
  detected (all listed modules failed)

=== verify-mutations: PASS (3 bit-order mutations applied; every golden failed under its mutation) ===
bash tools/verify-bss-budget.sh
=== verify-bss-budget: ADR 0013 D3.1 CI gate — kernel .bss ceiling (class A, deterministic, no VM) ===
budget source: docs/decisions/0013-post-m14-abi-amendment.md D3.1
budget:        11534336 B (11.0 MiB)

-- building kernel --
elf2bin: ./.zig-cache/o/b809a146d2e8b5443aaf17bd25e158bb/virelai-kernel -> /Users/tbuddy/t3/zig/dos-fb-games/.zig-cache/o/9bc7e7cb6bc18f9ee1c64d39cf8506d1/KERNEL.BIN: entry_offset=0x18 image_size=8616144 (content 8616120 bytes from 4 PT_LOAD segment(s))

-- kernel ELF section sizes --
  .bss:           8120504 B  (0x7be8b8)
  .data:          36712 B  (0x008f68)
  .userbss:       36864 B  (0x009000)

-- budget check --
  measured:       8120504 B
  budget:         11534336 B
  remaining:      3413832 B
  over budget:    0 B
  status:         PASS

-- known large .bss contributors (sourced from kernel/src; informational) --
  mmu.table_storage (kernel/src/mmu.zig):     2,097,152 B (2.0 MiB; page-table carve-out, ADR 0006, doubled in M16 C4)
  virtio_gpu.gpu_fb (kernel/src/virtio_gpu.zig): 3,686,400 B (3.52 MiB; 1280x720x4 scanout, align 4096)
  post-M14 reservations (ADR 0013 D3):           1,737 B (~1.7 KiB; planned, not yet landed)
  other (font, console, scheduler, virtio rings, process table, mailbox, evidence, etc.): the remainder

verify-bss-budget: PASS — kernel .bss = 8120504 B / 11534336 B (3413832 B headroom).
bash tools/verify-vf-class-a.sh
=== verify-vf-class-a: M34 HF1–HF4 (issues #735/#736/#737/#738) — host file channel wire parity (class A) ===
0.16.0
swift-driver version: 1.168.6 Apple Swift version 6.4 (swiftlang-6.4.0.33.1 clang-2100.3.33.1)
revision: c7290e65db8437890d0051c79bf8daccbc159446 branch=agent/buffy/gf6-closeout dirty-files=0

── zig fmt --check ──

── zig build ──
elf2bin: ./.zig-cache/o/b809a146d2e8b5443aaf17bd25e158bb/virelai-kernel -> /Users/tbuddy/t3/zig/dos-fb-games/.zig-cache/o/9bc7e7cb6bc18f9ee1c64d39cf8506d1/KERNEL.BIN: entry_offset=0x18 image_size=8616144 (content 8616120 bytes from 4 PT_LOAD segment(s))
elf2bin: ./.zig-cache/o/33324c7e6a2d5752ac5cbc358d69a364/user-m21demo -> /Users/tbuddy/t3/zig/dos-fb-games/.zig-cache/o/cdd430d9c58a1d43f4943b796aefdc86/M21DEMO.BIN: entry_offset=0x18 image_size=593 (content 569 bytes from 1 PT_LOAD segment(s))
elf2bin: ./.zig-cache/o/f3e0deeca376dd48a50f22b57a6c5079/user-schedring -> /Users/tbuddy/t3/zig/dos-fb-games/.zig-cache/o/c546aadd552931653fcfc3ca07f96d67/SCHEDRING.BIN: entry_offset=0x18 image_size=213 (content 189 bytes from 1 PT_LOAD segment(s))
elf2bin: ./.zig-cache/o/6f46a2be4c0997be9d20e2d1590c8558/user-sb2-own -> /Users/tbuddy/t3/zig/dos-fb-games/.zig-cache/o/ec3b97240afd2436deb3f8f4c75c2a34/SB2OWN.BIN: entry_offset=0x18 image_size=979 (content 955 bytes from 2 PT_LOAD segment(s))
elf2bin: ./.zig-cache/o/39a2d927126e82dd923542c2da783705/user-traceroute -> /Users/tbuddy/t3/zig/dos-fb-games/.zig-cache/o/0d8213462ac52e9d9bee2012ab0184d9/TRACEROUTE.BIN: entry_offset=0x18 image_size=2464 (content 2440 bytes from 2 PT_LOAD segment(s))
elf2bin: ./.zig-cache/o/85a6b82904c3378cbfa9ce7bec0aefe5/user-disas -> /Users/tbuddy/t3/zig/dos-fb-games/.zig-cache/o/2d7a1ad9efd0dee241f001850367a606/DISAS.BIN: entry_offset=0x18 image_size=6496 (content 6472 bytes from 2 PT_LOAD segment(s))
elf2bin: ./.zig-cache/o/e402cba64be88cb9a1e0a757085c8070/user-httpd -> /Users/tbuddy/t3/zig/dos-fb-games/.zig-cache/o/e67e12ce905ee624c14c07cf5a4d4c67/HTTPD.BIN: entry_offset=0x18 image_size=15305 (content 15281 bytes from 2 PT_LOAD segment(s))
elf2bin: ./.zig-cache/o/bb10a76760b72a4f5b30dcc97a364fbd/user-sb6old -> /Users/tbuddy/t3/zig/dos-fb-games/.zig-cache/o/da594781e14ac053315a66450bfae185/SB6OLD.BIN: entry_offset=0x18 image_size=476 (content 452 bytes from 2 PT_LOAD segment(s))
elf2bin: ./.zig-cache/o/23c9539eea47e764059b577959b4af03/user-settings -> /Users/tbuddy/t3/zig/dos-fb-games/.zig-cache/o/62c5c4e2fc23ea6db0ea248e426b0222/SETTINGS.BIN: entry_offset=0x30 image_size=20576 text=20480 data=48 (bss tail 81584) from 3 PT_LOAD segment(s)
elf2bin: ./.zig-cache/o/b7f776797d47682d713e6cb377bd6074/user-calc -> /Users/tbuddy/t3/zig/dos-fb-games/.zig-cache/o/f3c12132337b9bd5162378bee75be6c5/CALC.BIN: entry_offset=0x30 image_size=82016 text=81920 data=48 (bss tail 81592) from 3 PT_LOAD segment(s)
elf2bin: ./.zig-cache/o/8c352cf037d9f169bf9110c1c8bc9049/user-winclose -> /Users/tbuddy/t3/zig/dos-fb-games/.zig-cache/o/07403abed219570dad3b344b0850fddc/WINCLOSE.BIN: entry_offset=0x18 image_size=261 (content 237 bytes from 1 PT_LOAD segment(s))
elf2bin: ./.zig-cache/o/7c0bf1a786f9c7f6e8cf763b2bbca935/user-sb3-own -> /Users/tbuddy/t3/zig/dos-fb-games/.zig-cache/o/ec71c10a50fe7f76e9039bdb28964135/SB3OWN.BIN: entry_offset=0x18 image_size=1127 (content 1103 bytes from 2 PT_LOAD segment(s))
elf2bin: ./.zig-cache/o/b84f734af113c7bb1cdda926376d52e3/user-sb6wm -> /Users/tbuddy/t3/zig/dos-fb-games/.zig-cache/o/3efa6e5811528fbb4dd21a5970a82afd/SB6WM.BIN: entry_offset=0x18 image_size=2600 (content 2576 bytes from 2 PT_LOAD segment(s))
elf2bin: ./.zig-cache/o/bbe2bed3ceae827536ff308eb867e1a3/user-sb5wm -> /Users/tbuddy/t3/zig/dos-fb-games/.zig-cache/o/e081cea831e7db5f3152da40a2313550/SB5WM.BIN: entry_offset=0x18 image_size=2256 (content 2232 bytes from 2 PT_LOAD segment(s))
elf2bin: ./.zig-cache/o/ce877f7e8ae4c9749de9e2136b57d12c/user-netprof -> /Users/tbuddy/t3/zig/dos-fb-games/.zig-cache/o/96cc18fc068eb1b22ffb5d442c38e8ca/NETPROF.BIN: entry_offset=0x18 image_size=4345 (content 4321 bytes from 2 PT_LOAD segment(s))
elf2bin: ./.zig-cache/o/7d938226a1f4e6200008120332ab1595/user-resmon -> /Users/tbuddy/t3/zig/dos-fb-games/.zig-cache/o/ebdaebbb44c877459004f974020f9a90/RESMON.BIN: entry_offset=0x30 image_size=12336 text=12288 data=0 (bss tail 82800) from 3 PT_LOAD segment(s)
elf2bin: ./.zig-cache/o/c60c6f5556562385cbf7381d4fcbdedd/user-fetch -> /Users/tbuddy/t3/zig/dos-fb-games/.zig-cache/o/01388405e0f698de27a053a23ef7b5a3/FETCH.BIN: entry_offset=0x18 image_size=2979 (content 2955 bytes from 2 PT_LOAD segment(s))
elf2bin: ./.zig-cache/o/e6d19fcff162f5c5f228b205a2bd555a/user-netstat -> /Users/tbuddy/t3/zig/dos-fb-games/.zig-cache/o/c0975032dfe3fa6582cd64393e29a8ba/NETSTAT.BIN: entry_offset=0x30 image_size=16432 text=16384 data=0 (bss tail 81824) from 3 PT_LOAD segment(s)
elf2bin: ./.zig-cache/o/a98c5c27f7fe8a8d6da3eb65ab8bfa2b/user-sysmon -> /Users/tbuddy/t3/zig/dos-fb-games/.zig-cache/o/04d6d7b1ec60dc51c4d32a3b98dced36/SYSMON.BIN: entry_offset=0x30 image_size=20576 text=20480 data=48 (bss tail 81584) from 3 PT_LOAD segment(s)
elf2bin: ./.zig-cache/o/0b71f21f5aebcd56efff427bf4c96773/user-status43 -> /Users/tbuddy/t3/zig/dos-fb-games/.zig-cache/o/4aaee518ba81b25629be9d765f1465d1/STATUS43.BIN: entry_offset=0x18 image_size=134 (content 110 bytes from 1 PT_LOAD segment(s))
elf2bin: ./.zig-cache/o/9e5aa5e16d9ec40016d299a52bcf3a54/user-sb2-wm -> /Users/tbuddy/t3/zig/dos-fb-games/.zig-cache/o/d624b285bf974fad5b59a812f12cb4e6/SB2WM.BIN: entry_offset=0x18 image_size=1824 (content 1800 bytes from 2 PT_LOAD segment(s))
elf2bin: ./.zig-cache/o/bd389ca864465b29750e60c52571bc5f/user-smpst-ev -> /Users/tbuddy/t3/zig/dos-fb-games/.zig-cache/o/0aa9681c1c28e5bb30eb831783bdc429/SMPEV.BIN: entry_offset=0x30 image_size=4144 text=4096 data=0 (bss tail 4) from 3 PT_LOAD segment(s)
elf2bin: ./.zig-cache/o/571995dd20c44c08d64f38e7170322dd/user-vmtest -> /Users/tbuddy/t3/zig/dos-fb-games/.zig-cache/o/031b5a206ad2211571e971b27ddf655e/VMTEST.BIN: entry_offset=0x18 image_size=968 (content 944 bytes from 2 PT_LOAD segment(s))
elf2bin: ./.zig-cache/o/c46c85e5a2b05e7f440169acf26a6408/user-udp -> /Users/tbuddy/t3/zig/dos-fb-games/.zig-cache/o/8764f1522dc6764619a357f0a3d62455/UDP.BIN: entry_offset=0x18 image_size=605 (content 581 bytes from 1 PT_LOAD segment(s))
elf2bin: ./.zig-cache/o/d5aff97bbfcf724e4f86cb012fbb5fc3/user-smpst-win -> /Users/tbuddy/t3/zig/dos-fb-games/.zig-cache/o/89a19265eb025edba34d597eed857434/SMPWIN.BIN: entry_offset=0x30 image_size=4144 text=4096 data=0 (bss tail 4) from 3 PT_LOAD segment(s)
elf2bin: ./.zig-cache/o/1a4764f64c4a440bc1f2d9bfc09d306b/user-smpst-file -> /Users/tbuddy/t3/zig/dos-fb-games/.zig-cache/o/d681c737a0e23002658aa20e9bf5b2f1/SMPFILE.BIN: entry_offset=0x30 image_size=4144 text=4096 data=0 (bss tail 4) from 3 PT_LOAD segment(s)
elf2bin: ./.zig-cache/o/023a62e9025c79d2e828a4c87261546e/user-sexiburg -> /Users/tbuddy/t3/zig/dos-fb-games/.zig-cache/o/a700a449ddb0c6a40eeec24944106767/SEXIBURG.BIN: entry_offset=0x30 image_size=45104 text=45056 data=0 (bss tail 109392) from 3 PT_LOAD segment(s)
elf2bin: ./.zig-cache/o/aea9a318f7422b12d24a6c030bd48520/user-devcons -> /Users/tbuddy/t3/zig/dos-fb-games/.zig-cache/o/7f49d4986fa9b760185213bf8eb603bc/DEVCONS.BIN: entry_offset=0x30 image_size=16492 text=16384 data=60 (bss tail 118508) from 3 PT_LOAD segment(s)
elf2bin: ./.zig-cache/o/d47166ebf61e43b1b4088d918bdeaa55/user-winloop -> /Users/tbuddy/t3/zig/dos-fb-games/.zig-cache/o/859a3d8bc61dc412035ff6e387413ecb/WINLOOP.BIN: entry_offset=0x18 image_size=417 (content 393 bytes from 1 PT_LOAD segment(s))
elf2bin: ./.zig-cache/o/e8e65beeb3a1f62a36ad5d7eff74757b/user-hello -> /Users/tbuddy/t3/zig/dos-fb-games/.zig-cache/o/f4d9fbdb807dbb2a01dd31a7e8923faa/USER.BIN: entry_offset=0x18 image_size=393 (content 369 bytes from 1 PT_LOAD segment(s))
elf2bin: ./.zig-cache/o/cfd2a97e40a60a49399906966eefdf43/user-tabhold -> /Users/tbuddy/t3/zig/dos-fb-games/.zig-cache/o/c6e68c410716e01b14709cffecbbf99d/TABHOLD.BIN: entry_offset=0x18 image_size=2440 (content 2416 bytes from 2 PT_LOAD segment(s))
elf2bin: ./.zig-cache/o/4662e175d2f897d27a783516c956ee3a/user-download -> /Users/tbuddy/t3/zig/dos-fb-games/.zig-cache/o/49d5d1d6e8d33e8cfa5a48c272a98f54/DOWNLOAD.BIN: entry_offset=0x18 image_size=3255 (content 3231 bytes from 2 PT_LOAD segment(s))
elf2bin: ./.zig-cache/o/3c088669a1b217dd0baff985a03008f0/user-dns -> /Users/tbuddy/t3/zig/dos-fb-games/.zig-cache/o/17336c7951af36d1c3d62a2ab41b5e3f/DNS.BIN: entry_offset=0x18 image_size=4711 (content 4687 bytes from 2 PT_LOAD segment(s))
elf2bin: ./.zig-cache/o/88231ba55ae2914e31075839d6f64da1/user-ps -> /Users/tbuddy/t3/zig/dos-fb-games/.zig-cache/o/b9cf1f4c0e29bf0adbf1ecb73ef5c7dc/PS.BIN: entry_offset=0x30 image_size=12336 text=12288 data=0 (bss tail 82800) from 3 PT_LOAD segment(s)
elf2bin: ./.zig-cache/o/598acda0c11edbb8923d19e42a8d2331/user-chat -> /Users/tbuddy/t3/zig/dos-fb-games/.zig-cache/o/f0b5e7569b56242ad2641a21bbde776a/CHAT.BIN: entry_offset=0x30 image_size=12336 text=12288 data=0 (bss tail 81584) from 3 PT_LOAD segment(s)
elf2bin: ./.zig-cache/o/c70323867e00eff6e08e26661448d640/user-smpst-net -> /Users/tbuddy/t3/zig/dos-fb-games/.zig-cache/o/a9cfd98dbf1f23f29e07308378cdcf2b/SMPNET.BIN: entry_offset=0x30 image_size=4144 text=4096 data=0 (bss tail 4) from 3 PT_LOAD segment(s)
elf2bin: ./.zig-cache/o/40c12b70a6abf391d378651fbe454165/user-desktop -> /Users/tbuddy/t3/zig/dos-fb-games/.zig-cache/o/c1a81db0f83d37194a352c8b7b5f6adf/DESKTOP.BIN: entry_offset=0x30 image_size=20528 text=20480 data=0 (bss tail 81584) from 3 PT_LOAD segment(s)
elf2bin: ./.zig-cache/o/0f33f06aed79d343cc08f5b3fcf456e4/user-harden -> /Users/tbuddy/t3/zig/dos-fb-games/.zig-cache/o/e21a6613e97b1caa8bb0c2fd651ff786/HARDEN.BIN: entry_offset=0x18 image_size=714 (content 690 bytes from 2 PT_LOAD segment(s))
elf2bin: ./.zig-cache/o/9dd5fb2be4029e8926a3b4f263f481b8/user-ping -> /Users/tbuddy/t3/zig/dos-fb-games/.zig-cache/o/9babd50e05d7b294331a392e5174edff/PING.BIN: entry_offset=0x18 image_size=5670 (content 5646 bytes from 2 PT_LOAD segment(s))
elf2bin: ./.zig-cache/o/29b5f0b65ed94436a62d07072c2c2bde/user-sb4dam -> /Users/tbuddy/t3/zig/dos-fb-games/.zig-cache/o/64f5ae6f524cf51469b20f0095eeccf9/SB4DAM.BIN: entry_offset=0x18 image_size=434 (content 410 bytes from 2 PT_LOAD segment(s))
elf2bin: ./.zig-cache/o/dccee556135811a6251938cbd2bfb2ec/user-sb5own -> /Users/tbuddy/t3/zig/dos-fb-games/.zig-cache/o/3232f76a8e029fd294a3b6089c94bb69/SB5OWN.BIN: entry_offset=0x18 image_size=1141 (content 1117 bytes from 2 PT_LOAD segment(s))
elf2bin: ./.zig-cache/o/1f53ea9a374613ae4325007ee846de0c/user-hardening-victim -> /Users/tbuddy/t3/zig/dos-fb-games/.zig-cache/o/a9d512fd5cf8c73401e2ddae7b2bef2e/VICTIM.BIN: entry_offset=0x30 image_size=4144 text=4096 data=0 (bss tail 1112) from 3 PT_LOAD segment(s)
elf2bin: ./.zig-cache/o/a75710273eaaa99c8d9c82ffecc5c053/user-sexitest -> /Users/tbuddy/t3/zig/dos-fb-games/.zig-cache/o/7303ccb1c869d116b9a436ffe3684612/SEXITEST.BIN: entry_offset=0x18 image_size=3088 (content 3064 bytes from 2 PT_LOAD segment(s))
elf2bin: ./.zig-cache/o/e15a54d957ac40caa6e28f1df7d8377c/user-notepad -> /Users/tbuddy/t3/zig/dos-fb-games/.zig-cache/o/5fa31d5b5e3154684223bd82cc76fe24/NOTEPAD.BIN: entry_offset=0x30 image_size=28768 text=28672 data=48 (bss tail 81584) from 3 PT_LOAD segment(s)
elf2bin: ./.zig-cache/o/b5f81ccf8d43c5e769f4b4ba669d207e/user-asm -> /Users/tbuddy/t3/zig/dos-fb-games/.zig-cache/o/a8f516397802ecc3b62f2d75d10d345e/ASM.BIN: entry_offset=0x18 image_size=12690 (content 12666 bytes from 2 PT_LOAD segment(s))
elf2bin: ./.zig-cache/o/67e21432e77c394ae6b5733e35aab967/user-view -> /Users/tbuddy/t3/zig/dos-fb-games/.zig-cache/o/9cac0367a99a068a37bd8ce13a1b9aed/VIEW.BIN: entry_offset=0x30 image_size=28904 text=28672 data=184 (bss tail 89880) from 3 PT_LOAD segment(s)
elf2bin: ./.zig-cache/o/1a0404684470796960b349d764798f41/user-edit -> /Users/tbuddy/t3/zig/dos-fb-games/.zig-cache/o/6e04464374eca50272034f08c92a9168/EDIT.BIN: entry_offset=0x30 image_size=246160 text=49152 data=196960 (bss tail 115880) from 3 PT_LOAD segment(s)
elf2bin: ./.zig-cache/o/4c07b059f2f2b68a0fe4d8a638b3c2d7/user-wasm -> /Users/tbuddy/t3/zig/dos-fb-games/.zig-cache/o/d1303e4bd1f39b638261d0c05c9d7c1b/WASM.BIN: entry_offset=0x30 image_size=63456 text=32768 data=30640 (bss tail 152728) from 3 PT_LOAD segment(s)
elf2bin: ./.zig-cache/o/ad5bbb2ddc282d3fd7388fdfecaa1753/user-tabwm -> /Users/tbuddy/t3/zig/dos-fb-games/.zig-cache/o/c032e6472b088e7d5bb360b1caf85229/TABWM.BIN: entry_offset=0x30 image_size=28772 text=28672 data=52 (bss tail 88484) from 3 PT_LOAD segment(s)
elf2bin: ./.zig-cache/o/5632e8747e018a3fb72452e238bd78e8/user-smp1 -> /Users/tbuddy/t3/zig/dos-fb-games/.zig-cache/o/5f269dd9c358c0bd60142dad685ba049/SMP1.BIN: entry_offset=0x18 image_size=159 (content 135 bytes from 1 PT_LOAD segment(s))
elf2bin: ./.zig-cache/o/df528105e38c6b46ab576f2556c6f9a6/user-globals -> /Users/tbuddy/t3/zig/dos-fb-games/.zig-cache/o/2d2857bc19ad6668ae6c1eeba178709c/GLOBALS.BIN: entry_offset=0x30 image_size=28728 text=28672 data=8 (bss tail 4104) from 3 PT_LOAD segment(s)
elf2bin: ./.zig-cache/o/34a3890754ca6f0d7cfdefbaa5001b65/user-dir -> /Users/tbuddy/t3/zig/dos-fb-games/.zig-cache/o/61f5b80a9ee67dba7481086ac36cfc15/DIR.BIN: entry_offset=0x18 image_size=248 (content 224 bytes from 1 PT_LOAD segment(s))
elf2bin: ./.zig-cache/o/ff9640e43e3beae5ab9f783ae1db5b3c/user-sb3-wm -> /Users/tbuddy/t3/zig/dos-fb-games/.zig-cache/o/4d6664d47863e9cf9625ee5cc1f6698c/SB3WM.BIN: entry_offset=0x18 image_size=1960 (content 1936 bytes from 2 PT_LOAD segment(s))
elf2bin: ./.zig-cache/o/c29766a19b7c527b63b01e924c00e31c/user-chime -> /Users/tbuddy/t3/zig/dos-fb-games/.zig-cache/o/1e63f4f9c828ab74f25a3433691f8abe/CHIME.BIN: entry_offset=0x18 image_size=8688 (content 8664 bytes from 2 PT_LOAD segment(s))
elf2bin: ./.zig-cache/o/e443d5ddb8294058dfde5c9ad0469afb/user-timertest -> /Users/tbuddy/t3/zig/dos-fb-games/.zig-cache/o/bd3722c0e785a40b17c36664e5b7461d/TIMER.BIN: entry_offset=0x18 image_size=1129 (content 1105 bytes from 2 PT_LOAD segment(s))
elf2bin: ./.zig-cache/o/f149c820f52892537a839744b8629fae/user-winmove -> /Users/tbuddy/t3/zig/dos-fb-games/.zig-cache/o/2eafd410f15c727c5d7e23f53a2a2682/WINMOVE.BIN: entry_offset=0x18 image_size=1340 (content 1316 bytes from 1 PT_LOAD segment(s))
elf2bin: ./.zig-cache/o/20ada7bba5cb9a25371963b9e0d2053f/user-guard -> /Users/tbuddy/t3/zig/dos-fb-games/.zig-cache/o/1e19024f5538187c9dbd7be186e6fe1f/GUARD.BIN: entry_offset=0x18 image_size=88 (content 64 bytes from 1 PT_LOAD segment(s))
elf2bin: ./.zig-cache/o/976ce4d8c73ae9ef8f3db459991b916a/user-win -> /Users/tbuddy/t3/zig/dos-fb-games/.zig-cache/o/6d4e96c9c41af8a6b5bed5268d681744/WIN.BIN: entry_offset=0x18 image_size=364 (content 340 bytes from 1 PT_LOAD segment(s))
elf2bin: ./.zig-cache/o/98c1b8d90992a45091458d414045661f/user-type -> /Users/tbuddy/t3/zig/dos-fb-games/.zig-cache/o/126b348299533ad5e17c57d14dfb45a3/TYPE.BIN: entry_offset=0x18 image_size=232 (content 208 bytes from 1 PT_LOAD segment(s))
elf2bin: ./.zig-cache/o/463e9f8dcfec88ec00b15ddf4edf112e/user-tcp -> /Users/tbuddy/t3/zig/dos-fb-games/.zig-cache/o/aa8971f7fd751a8f158031eb2ae24daf/TCP.BIN: entry_offset=0x18 image_size=267 (content 243 bytes from 1 PT_LOAD segment(s))
elf2bin: ./.zig-cache/o/4e79477318f85a42f825b306ecf54b93/user-top -> /Users/tbuddy/t3/zig/dos-fb-games/.zig-cache/o/587bca890e385b8619d533af17a7f86b/TOP.BIN: entry_offset=0x30 image_size=28768 text=28672 data=48 (bss tail 81584) from 3 PT_LOAD segment(s)
elf2bin: ./.zig-cache/o/fdf324d115423387dcc8e3c8a987c341/user-peer -> /Users/tbuddy/t3/zig/dos-fb-games/.zig-cache/o/fcf108e7f06d21dfc4efaa5079e07e85/PEER.BIN: entry_offset=0x18 image_size=623 (content 599 bytes from 1 PT_LOAD segment(s))
elf2bin: ./.zig-cache/o/14e352132218e32711811011f2d71b66/user-sb6new -> /Users/tbuddy/t3/zig/dos-fb-games/.zig-cache/o/cbb2a8566c270642428ff465a9beee5d/SB6NEW.BIN: entry_offset=0x18 image_size=1273 (content 1249 bytes from 2 PT_LOAD segment(s))
elf2bin: ./.zig-cache/o/fb555083c95185f3e4712658636e01f9/user-zc -> /Users/tbuddy/t3/zig/dos-fb-games/.zig-cache/o/1306a2e55905b2dc725e27530f11bb1c/ZC.BIN: entry_offset=0x30 image_size=32816 text=32768 data=0 (bss tail 216184) from 3 PT_LOAD segment(s)
elf2bin: ./.zig-cache/o/1c9b3871740b486870a6be38e30de055/user-file-browser -> /Users/tbuddy/t3/zig/dos-fb-games/.zig-cache/o/c4fb770dc95e9cda8384af9156f9b070/FILE.BIN: entry_offset=0x30 image_size=49248 text=49152 data=48 (bss tail 81584) from 3 PT_LOAD segment(s)
elf2bin: ./.zig-cache/o/6d7ddf02b2410888db82f5776d7dd7e2/user-wnd -> /Users/tbuddy/t3/zig/dos-fb-games/.zig-cache/o/23ac9e6fe2e6e53d8dd3967546a319c0/WND.BIN: entry_offset=0x30 image_size=54504 text=53248 data=1208 (bss tail 193864) from 3 PT_LOAD segment(s)
elf2bin: ./.zig-cache/o/f2c8040a358eae810094a08f43cb73f2/user-savetext -> /Users/tbuddy/t3/zig/dos-fb-games/.zig-cache/o/cdc1a688e2395d9ded96ac8faf3b8d50/SAVETEXT.BIN: entry_offset=0x18 image_size=225 (content 201 bytes from 1 PT_LOAD segment(s))
elf2bin: ./.zig-cache/o/75ab605d2bda83bcd235a629543dcd4e/user-wndstub -> /Users/tbuddy/t3/zig/dos-fb-games/.zig-cache/o/7ab702e1a49a41ec3f157c4f0c7cdbb1/WNDSTUB.BIN: entry_offset=0x18 image_size=230 (content 206 bytes from 1 PT_LOAD segment(s))
elf2bin: ./.zig-cache/o/9cba77af745ba6f2f8b4805cbe197391/user-spin -> /Users/tbuddy/t3/zig/dos-fb-games/.zig-cache/o/22d06ee70d1bd6a17a6e6be7e1bce27b/SPIN.BIN: entry_offset=0x18 image_size=132 (content 108 bytes from 1 PT_LOAD segment(s))
elf2bin: ./.zig-cache/o/e049c3368aa72068ab9becd67528a1c6/user-jingle -> /Users/tbuddy/t3/zig/dos-fb-games/.zig-cache/o/314f93f9af0930b6f13f21489110e488/JINGLE.BIN: entry_offset=0x18 image_size=8624 (content 8600 bytes from 2 PT_LOAD segment(s))
elf2bin: ./.zig-cache/o/9f340b9eac3d85a2fa06773abe9664ee/user-wmrpc -> /Users/tbuddy/t3/zig/dos-fb-games/.zig-cache/o/832de01707d64537741968b6473b6d31/WMRPC.BIN: entry_offset=0x18 image_size=4366 (content 4342 bytes from 2 PT_LOAD segment(s))
elf2bin: ./.zig-cache/o/687cdbc5908b79c847d9adb23fe52457/user-counter -> /Users/tbuddy/t3/zig/dos-fb-games/.zig-cache/o/40291200d5768c3747cae06fefb8d913/COUNTER.BIN: entry_offset=0x18 image_size=940 (content 916 bytes from 1 PT_LOAD segment(s))
elf2bin: ./.zig-cache/o/785a4183e3a961a48074aecd9d89e594/user-keytest -> /Users/tbuddy/t3/zig/dos-fb-games/.zig-cache/o/a7fc80b677d122a4c6b537bc1db51e60/KEYTEST.BIN: entry_offset=0x18 image_size=645 (content 621 bytes from 1 PT_LOAD segment(s))

── zig build image ──
elf2bin: ./.zig-cache/o/b809a146d2e8b5443aaf17bd25e158bb/virelai-kernel -> /Users/tbuddy/t3/zig/dos-fb-games/.zig-cache/o/9bc7e7cb6bc18f9ee1c64d39cf8506d1/KERNEL.BIN: entry_offset=0x18 image_size=8616144 (content 8616120 bytes from 4 PT_LOAD segment(s))
make-image: building FAT32+GPT boot image 'artifacts/disk.img' (0 MiB)...
mkfat32: wrote artifacts/disk.img.tmp (169472 EFI + 8616144 kernel bytes)
make-image: verifying image contents...
size: 35364864 bytes (69072 sectors)
LBA0: MBR present
GPT: valid signature, header crc32=0xde33e5c4
GPT: ESP partition at LBA 2048, 67024 sectors
FAT: boot sig ok, label='VIRELAIOS', 512-byte sectors, 1 sector/cluster, 32 reserved, 2 FATs x 516 sectors, root cluster 2
FAT: directory tree:
  EFI/
    BOOT/
      BOOTAA64.EFI  (169472 bytes)
  KERNEL.BIN  (8616144 bytes)
make-image: done.

── virtio_file host tests (G1–G12) ──
1/56 virtio_file.test.virtio_file: G1 — pattern generator parity is pinned (fixture class)...OK
2/56 virtio_file.test.virtio_file: G2 — reply_len clamp math — over-cap dlen never reads OOB...OK
3/56 virtio_file.test.virtio_file: G3 — probe request shape + the raw 32 KiB pattern reply...OK
4/56 virtio_file.test.virtio_file: G4 — hostile envelopes (bad status, truncated rows) are honest...OK
5/56 virtio_file.test.virtio_file: G5 — entry row round trip + read payload + streaming cksum...OK
6/56 virtio_file.test.virtio_file: G6 — request encode bounds (over-long payload, small out)...OK
7/56 virtio_file.test.virtio_file: G7 — HF3 op/status constants + 8-handle parity with file_table.zig...OK
8/56 virtio_file.test.virtio_file: G8 — open request flags + reply handle decode...OK
9/56 virtio_file.test.virtio_file: G9 — write payload shape + written-cursor reply...OK
10/56 virtio_file.test.virtio_file: G10 — truncate/close/fsync payloads (handle + size)...OK
11/56 virtio_file.test.virtio_file: G11 — rename NUL-framed payload + bounds...OK
12/56 virtio_file.test.virtio_file: G12 — pattern chunk plan for the mutation gate...OK
13/56 virtio_file.test.virtio_file: G13 — HF7 clone op: 0x0c, NUL frame, bounds, honest refusal...OK
14/56 virtio_file.test.virtio_file: read_chunk and read_into copy-out under test_share...OK
15/56 virtio_file.test.virtio_file: clean_path strips leading slashes...OK
16/56 virtio_custom.test.virtio_custom: payload is the 16-byte known string, reply cap 64, big payload 12340...OK
17/56 virtio_custom.test.virtio_custom: ring shapes match the split-ring spec...OK
18/56 virtio_custom.test.virtio_custom: feature bits are the spec's ANY_LAYOUT / VERSION_1 / NOTIFICATION_DATA...OK
19/56 virtio_custom.test.virtio_custom: allocator hands out chains, recycles freed indices, and exhausts...OK
20/56 virtio_custom.test.virtio_custom: post_avail builds the spec-correct chain (read-then-write)...OK
21/56 virtio_custom.test.virtio_custom: post_avail builds an ANY_LAYOUT chain (write first) with a 3-part scatter...OK
22/56 virtio_custom.test.virtio_custom: scan_used matches by id, handles out-of-order completion, wraps...OK
23/56 virtio_custom.test.virtio_custom: park_chain keeps a timed-out head out of the free list until reap_parked sees its reply...OK
24/56 virtio_custom.test.virtio_custom: the reply read is length-driven, clamped to the buffer...OK
25/56 virtio_custom.test.virtio_custom: fresh transport reports no-device honestly...OK
26/56 virtio_custom.test.virtio_custom: note_irq records the first INTID and count...OK
27/56 virtio_custom.test.virtio_custom: push-echo shapes (claim 3141) — queue index, buffer sizes...OK
28/56 virtio_custom.test.virtio_custom: input-channel shapes (claim 9588) — queue index, envelope, pool...OK
29/56 virtio_custom.test.virtio_custom: dispatch_input_msg validates the envelope and counts honestly...OK
30/56 virtio_custom.test.virtio_custom: kind-2 pointer messages dispatch through the pointer hook (claim 9367)...OK
31/56 virtio_custom.test.virtio_custom: checksum1071 matches RFC 1071 semantics...OK
32/56 virtio_custom.test.virtio_custom: snapshot framing builders produce the documented wire shapes (claim 0680)...OK
33/56 virtio_custom.test.virtio_custom: kind-3 console control arms and disarms the tee (claim 0680)...OK
34/56 virtio_custom.test.virtio_custom: kind-4 snapshot request pends for the idle seam (claim 0680)...OK
35/56 virtio_custom.test.virtio_custom: console tee accumulator buffers, splits, and drops (claim 0680)...OK
36/56 spinlock.test.spinlock: basic uncontended lock and unlock...OK
37/56 spinlock.test.spinlock: try_lock behavior...OK
38/56 spinlock.test.spinlock: concurrent multi-threaded stress test...OK
39/56 mmu.test.mmu: build_user_root returns a fresh root per call (per-process roots)...OK
40/56 mmu.test.mmu: user leaves are page-local W^X and reject Device mappings...OK
41/56 mmu.test.mmu: map_user_page and unmap_user_page dynamic lifecycle...OK
42/56 mmu.test.mmu: map_user_cow_page and set_user_leaf_writable...OK
43/56 userspace.test.userspace: two sequenced pings preserve the claim-8215 round-trip...OK
44/56 console.test.console: mock captures writes in order...OK
45/56 console.test.console: reset clears capture and flags...OK
46/56 console.test.console: overflow truncates, flags, and never wraps...OK
47/56 console.test.console: zero-capacity mock flags every write...OK
48/56 console.test.console: print_hex prints fixed 16 lowercase digits...OK
49/56 console.test.console: print_hex_min prints minimal lowercase hex...OK
50/56 console.test.console: print_u64 prints decimal without leading zeros...OK
51/56 console.test.console: mock readByte returns scripted input in order...OK
52/56 console.test.console: mock feed overflow is refused and flagged, never wraps...OK
53/56 console.test.console: reset clears the scripted input queue too...OK
54/56 virtio_gpu.test.virtio_gpu: spec constants, wire shapes, and the fill are the spec shapes...OK
55/56 virtio_gpu.test.virtio_gpu: fill writes the B8G8R8X8 little-endian byte order...OK
56/56 virtio_gpu.test.virtio_gpu: display-info response parse takes pmodes[0]...OK
All 56 tests passed.

── verify-unit-tests.sh (all monitor modules incl. virtio_file) ──
=== verify-unit-tests: running unified parallel test suite (zig build test) ===
Build Summary: 126/126 steps succeeded; 2295/2295 tests passed
test success
+- run test success 83ms MaxRSS:2M
|  +- compile test Debug native success 1s MaxRSS:270M
|     +- options cached
|     +- options (reused)
|     +- options (reused)
|     +- options (reused)
|     +- options (reused)
|     +- options (reused)
|     +- options (reused)
|     +- options (reused)
|     +- options (reused)
|     +- options (reused)
|     +- options (reused)
+- run test 31 pass (31 total) 80ms MaxRSS:3M
|  +- compile test Debug native success 1s MaxRSS:285M
|     +- options (reused)
|     +- options (reused)
|     +- options (reused)
|     +- options (reused)
|     +- options (reused)
|     +- options (reused)
|     +- options (reused)
|     +- options (reused)
|     +- options (reused)
|     +- options (reused)
|     +- options (reused)
+- run test 6 pass (6 total) 134ms MaxRSS:2M
|  +- compile test Debug native success 1s MaxRSS:276M
|     +- options (reused)
|     +- options (reused)
|     +- options (reused)
|     +- options (reused)
|     +- options (reused)
|     +- options (reused)
|     +- options (reused)
|     +- options (reused)
|     +- options (reused)
|     +- options (reused)
|     +- options (reused)
+- run test 10 pass (10 total) 142ms MaxRSS:2M
|  +- compile test Debug native success 2s MaxRSS:277M
|     +- options (reused)
|     +- options (reused)
|     +- options (reused)
|     +- options (reused)
|     +- options (reused)
|     +- options (reused)
|     +- options (reused)
|     +- options (reused)
|     +- options (reused)
|     +- options (reused)
|     +- options (reused)
+- run test 10 pass (10 total) 185ms MaxRSS:2M
|  +- compile test Debug native success 1s MaxRSS:279M
|     +- options (reused)
|     +- options (reused)
|     +- options (reused)
|     +- options (reused)
|     +- options (reused)
|     +- options (reused)
|     +- options (reused)
|     +- options (reused)
|     +- options (reused)
|     +- options (reused)
|     +- options (reused)
+- run test success 219ms MaxRSS:2M
|  +- compile test Debug native success 2s MaxRSS:250M
|     +- options (reused)
|     +- options (reused)
|     +- options (reused)
|     +- options (reused)
|     +- options (reused)
|     +- options (reused)
|     +- options (reused)
|     +- options (reused)
|     +- options (reused)
|     +- options (reused)
|     +- options (reused)
+- run test 3 pass (3 total) 117ms MaxRSS:2M
|  +- compile test Debug native success 2s MaxRSS:278M
|     +- options (reused)
|     +- options (reused)
|     +- options (reused)
|     +- options (reused)
|     +- options (reused)
|     +- options (reused)
|     +- options (reused)
|     +- options (reused)
|     +- options (reused)
|     +- options (reused)
|     +- options (reused)
+- run test success 83ms MaxRSS:2M
|  +- compile test Debug native success 1s MaxRSS:268M
|     +- options (reused)
|     +- options (reused)
|     +- options (reused)
|     +- options (reused)
|     +- options (reused)
|     +- options (reused)
|     +- options (reused)
|     +- options (reused)
|     +- options (reused)
|     +- options (reused)
|     +- options (reused)
+- run test 26 pass (26 total) 82ms MaxRSS:3M
|  +- compile test Debug native success 2s MaxRSS:287M
|     +- options (reused)
|     +- options (reused)
|     +- options (reused)
|     +- options (reused)
|     +- options (reused)
|     +- options (reused)
|     +- options (reused)
|     +- options (reused)
|     +- options (reused)
|     +- options (reused)
|     +- options (reused)
+- run test 275 pass (275 total) 182ms MaxRSS:11M
|  +- compile test Debug native success 2s MaxRSS:392M
|     +- options (reused)
|     +- options (reused)
|     +- options (reused)
|     +- options (reused)
|     +- options (reused)
|     +- options (reused)
|     +- options (reused)
|     +- options (reused)
|     +- options (reused)
|     +- options (reused)
|     +- options (reused)
+- run test 69 pass (69 total) 89ms MaxRSS:3M
|  +- compile test Debug native success 2s MaxRSS:301M
|     +- options (reused)
|     +- options (reused)
|     +- options (reused)
|     +- options (reused)
|     +- options (reused)
|     +- options (reused)
|     +- options (reused)
|     +- options (reused)
|     +- options (reused)
|     +- options (reused)
|     +- options (reused)
+- run test 4 pass (4 total) 224ms MaxRSS:2M
|  +- compile test Debug native success 2s MaxRSS:250M
|     +- options (reused)
|     +- options (reused)
|     +- options (reused)
|     +- options (reused)
|     +- options (reused)
|     +- options (reused)
|     +- options (reused)
|     +- options (reused)
|     +- options (reused)
|     +- options (reused)
|     +- options (reused)
+- run test 25 pass (25 total) 77ms MaxRSS:2M
|  +- compile test Debug native success 1s MaxRSS:283M
|     +- options (reused)
|     +- options (reused)
|     +- options (reused)
|     +- options (reused)
|     +- options (reused)
|     +- options (reused)
|     +- options (reused)
|     +- options (reused)
|     +- options (reused)
|     +- options (reused)
|     +- options (reused)
+- run test 3 pass (3 total) 150ms MaxRSS:2M
|  +- compile test Debug native success 1s MaxRSS:277M
|     +- options (reused)
|     +- options (reused)
|     +- options (reused)
|     +- options (reused)
|     +- options (reused)
|     +- options (reused)
|     +- options (reused)
|     +- options (reused)
|     +- options (reused)
|     +- options (reused)
|     +- options (reused)
+- run test 88 pass (88 total) 90ms MaxRSS:7M
|  +- compile test Debug native success 2s MaxRSS:314M
|     +- options (reused)
|     +- options (reused)
|     +- options (reused)
|     +- options (reused)
|     +- options (reused)
|     +- options (reused)
|     +- options (reused)
|     +- options (reused)
|     +- options (reused)
|     +- options (reused)
|     +- options (reused)
+- run test 20 pass (20 total) 78ms MaxRSS:2M
|  +- compile test Debug native success 1s MaxRSS:286M
|     +- options (reused)
|     +- options (reused)
|     +- options (reused)
|     +- options (reused)
|     +- options (reused)
|     +- options (reused)
|     +- options (reused)
|     +- options (reused)
|     +- options (reused)
|     +- options (reused)
|     +- options (reused)
+- run test 33 pass (33 total) 121ms MaxRSS:3M
|  +- compile test Debug native success 1s MaxRSS:283M
|     +- options (reused)
|     +- options (reused)
|     +- options (reused)
|     +- options (reused)
|     +- options (reused)
|     +- options (reused)
|     +- options (reused)
|     +- options (reused)
|     +- options (reused)
|     +- options (reused)
|     +- options (reused)
+- run test 20 pass (20 total) 99ms MaxRSS:2M
|  +- compile test Debug native success 1s MaxRSS:283M
|     +- options (reused)
|     +- options (reused)
|     +- options (reused)
|     +- options (reused)
|     +- options (reused)
|     +- options (reused)
|     +- options (reused)
|     +- options (reused)
|     +- options (reused)
|     +- options (reused)
|     +- options (reused)
+- run test 26 pass (26 total) 349ms MaxRSS:3M
|  +- compile test Debug native success 2s MaxRSS:285M
|     +- options (reused)
|     +- options (reused)
|     +- options (reused)
|     +- options (reused)
|     +- options (reused)
|     +- options (reused)
|     +- options (reused)
|     +- options (reused)
|     +- options (reused)
|     +- options (reused)
|     +- options (reused)
+- run test 5 pass (5 total) 84ms MaxRSS:2M
|  +- compile test Debug native success 1s MaxRSS:277M
|     +- options (reused)
|     +- options (reused)
|     +- options (reused)
|     +- options (reused)
|     +- options (reused)
|     +- options (reused)
|     +- options (reused)
|     +- options (reused)
|     +- options (reused)
|     +- options (reused)
|     +- options (reused)
+- run test 15 pass (15 total) 164ms MaxRSS:2M
|  +- compile test Debug native success 1s MaxRSS:279M
|     +- options (reused)
|     +- options (reused)
|     +- options (reused)
|     +- options (reused)
|     +- options (reused)
|     +- options (reused)
|     +- options (reused)
|     +- options (reused)
|     +- options (reused)
|     +- options (reused)
|     +- options (reused)
+- run test success 86ms MaxRSS:2M
|  +- compile test Debug native success 1s MaxRSS:270M
|     +- options (reused)
|     +- options (reused)
|     +- options (reused)
|     +- options (reused)
|     +- options (reused)
|     +- options (reused)
|     +- options (reused)
|     +- options (reused)
|     +- options (reused)
|     +- options (reused)
|     +- options (reused)
+- run test 22 pass (22 total) 371ms MaxRSS:3M
|  +- compile test Debug native success 1s MaxRSS:279M
|     +- options (reused)
|     +- options (reused)
|     +- options (reused)
|     +- options (reused)
|     +- options (reused)
|     +- options (reused)
|     +- options (reused)
|     +- options (reused)
|     +- options (reused)
|     +- options (reused)
|     +- options (reused)
+- run test 21 pass (21 total) 151ms MaxRSS:3M
|  +- compile test Debug native success 1s MaxRSS:283M
|     +- options (reused)
|     +- options (reused)
|     +- options (reused)
|     +- options (reused)
|     +- options (reused)
|     +- options (reused)
|     +- options (reused)
|     +- options (reused)
|     +- options (reused)
|     +- options (reused)
|     +- options (reused)
+- run test 2 pass (2 total) 149ms MaxRSS:2M
|  +- compile test Debug native success 1s MaxRSS:273M
|     +- options (reused)
|     +- options (reused)
|     +- options (reused)
|     +- options (reused)
|     +- options (reused)
|     +- options (reused)
|     +- options (reused)
|     +- options (reused)
|     +- options (reused)
|     +- options (reused)
|     +- options (reused)
+- run test 16 pass (16 total) 146ms MaxRSS:2M
|  +- compile test Debug native success 1s MaxRSS:276M
|     +- options (reused)
|     +- options (reused)
|     +- options (reused)
|     +- options (reused)
|     +- options (reused)
|     +- options (reused)
|     +- options (reused)
|     +- options (reused)
|     +- options (reused)
|     +- options (reused)
|     +- options (reused)
+- run test 19 pass (19 total) 157ms MaxRSS:2M
|  +- compile test Debug native success 1s MaxRSS:279M
|     +- options (reused)
|     +- options (reused)
|     +- options (reused)
|     +- options (reused)
|     +- options (reused)
|     +- options (reused)
|     +- options (reused)
|     +- options (reused)
|     +- options (reused)
|     +- options (reused)
|     +- options (reused)
+- run test success 157ms MaxRSS:2M
|  +- compile test Debug native success 1s MaxRSS:271M
|     +- options (reused)
|     +- options (reused)
|     +- options (reused)
|     +- options (reused)
|     +- options (reused)
|     +- options (reused)
|     +- options (reused)
|     +- options (reused)
|     +- options (reused)
|     +- options (reused)
|     +- options (reused)
+- run test 4 pass (4 total) 209ms MaxRSS:2M
|  +- compile test Debug native success 2s MaxRSS:249M
|     +- options (reused)
|     +- options (reused)
|     +- options (reused)
|     +- options (reused)
|     +- options (reused)
|     +- options (reused)
|     +- options (reused)
|     +- options (reused)
|     +- options (reused)
|     +- options (reused)
|     +- options (reused)
+- run test 82 pass (82 total) 892ms MaxRSS:6M
|  +- compile test Debug native success 1s MaxRSS:305M
|     +- options (reused)
|     +- options (reused)
|     +- options (reused)
|     +- options (reused)
|     +- options (reused)
|     +- options (reused)
|     +- options (reused)
|     +- options (reused)
|     +- options (reused)
|     +- options (reused)
|     +- options (reused)
+- run test 7 pass (7 total) 267ms MaxRSS:2M
|  +- compile test Debug native success 2s MaxRSS:249M
|     +- options (reused)
|     +- options (reused)
|     +- options (reused)
|     +- options (reused)
|     +- options (reused)
|     +- options (reused)
|     +- options (reused)
|     +- options (reused)
|     +- options (reused)
|     +- options (reused)
|     +- options (reused)
+- run test 417 pass (417 total) 166ms MaxRSS:13M
|  +- compile test Debug native success 3s MaxRSS:499M
|     +- options (reused)
|     +- options (reused)
|     +- options (reused)
|     +- options (reused)
|     +- options (reused)
|     +- options (reused)
|     +- options (reused)
|     +- options (reused)
|     +- options (reused)
|     +- options (reused)
|     +- options (reused)
+- run test 2 pass (2 total) 174ms MaxRSS:2M
|  +- compile test Debug native success 2s MaxRSS:247M
|     +- options (reused)
|     +- options (reused)
|     +- options (reused)
|     +- options (reused)
|     +- options (reused)
|     +- options (reused)
|     +- options (reused)
|     +- options (reused)
|     +- options (reused)
|     +- options (reused)
|     +- options (reused)
+- run test 3 pass (3 total) 214ms MaxRSS:2M
|  +- compile test Debug native success 1s MaxRSS:275M
|     +- options (reused)
|     +- options (reused)
|     +- options (reused)
|     +- options (reused)
|     +- options (reused)
|     +- options (reused)
|     +- options (reused)
|     +- options (reused)
|     +- options (reused)
|     +- options (reused)
|     +- options (reused)
+- run test 10 pass (10 total) 214ms MaxRSS:2M
|  +- compile test Debug native success 1s MaxRSS:276M
|     +- options (reused)
|     +- options (reused)
|     +- options (reused)
|     +- options (reused)
|     +- options (reused)
|     +- options (reused)
|     +- options (reused)
|     +- options (reused)
|     +- options (reused)
|     +- options (reused)
|     +- options (reused)
+- run test success 111ms MaxRSS:2M
|  +- compile test Debug native success 1s MaxRSS:275M
|     +- options (reused)
|     +- options (reused)
|     +- options (reused)
|     +- options (reused)
|     +- options (reused)
|     +- options (reused)
|     +- options (reused)
|     +- options (reused)
|     +- options (reused)
|     +- options (reused)
|     +- options (reused)
+- run test success 192ms MaxRSS:2M
|  +- compile test Debug native success 2s MaxRSS:255M
|     +- options (reused)
|     +- options (reused)
|     +- options (reused)
|     +- options (reused)
|     +- options (reused)
|     +- options (reused)
|     +- options (reused)
|     +- options (reused)
|     +- options (reused)
|     +- options (reused)
|     +- options (reused)
+- run test 72 pass (72 total) 94ms MaxRSS:6M
|  +- compile test Debug native success 2s MaxRSS:304M
|     +- options (reused)
|     +- options (reused)
|     +- options (reused)
|     +- options (reused)
|     +- options (reused)
|     +- options (reused)
|     +- options (reused)
|     +- options (reused)
|     +- options (reused)
|     +- options (reused)
|     +- options (reused)
+- run test 21 pass (21 total) 192ms MaxRSS:2M
|  +- compile test Debug native success 2s MaxRSS:265M
|     +- options (reused)
|     +- options (reused)
|     +- options (reused)
|     +- options (reused)
|     +- options (reused)
|     +- options (reused)
|     +- options (reused)
|     +- options (reused)
|     +- options (reused)
|     +- options (reused)
|     +- options (reused)
+- run test 17 pass (17 total) 121ms MaxRSS:2M
|  +- compile test Debug native success 1s MaxRSS:277M
|     +- options (reused)
|     +- options (reused)
|     +- options (reused)
|     +- options (reused)
|     +- options (reused)
|     +- options (reused)
|     +- options (reused)
|     +- options (reused)
|     +- options (reused)
|     +- options (reused)
|     +- options (reused)
+- run test 24 pass (24 total) 349ms MaxRSS:2M
|  +- compile test Debug native success 1s MaxRSS:279M
|     +- options (reused)
|     +- options (reused)
|     +- options (reused)
|     +- options (reused)
|     +- options (reused)
|     +- options (reused)
|     +- options (reused)
|     +- options (reused)
|     +- options (reused)
|     +- options (reused)
|     +- options (reused)
+- run test 14 pass (14 total) 201ms MaxRSS:2M
|  +- compile test Debug native success 2s MaxRSS:265M
|     +- options (reused)
|     +- options (reused)
|     +- options (reused)
|     +- options (reused)
|     +- options (reused)
|     +- options (reused)
|     +- options (reused)
|     +- options (reused)
|     +- options (reused)
|     +- options (reused)
|     +- options (reused)
+- run test 11 pass (11 total) 127ms MaxRSS:2M
|  +- compile test Debug native success 1s MaxRSS:278M
|     +- options (reused)
|     +- options (reused)
|     +- options (reused)
|     +- options (reused)
|     +- options (reused)
|     +- options (reused)
|     +- options (reused)
|     +- options (reused)
|     +- options (reused)
|     +- options (reused)
|     +- options (reused)
+- run test 41 pass (41 total) 299ms MaxRSS:7M
|  +- compile test Debug native success 2s MaxRSS:294M
|     +- options (reused)
|     +- options (reused)
|     +- options (reused)
|     +- options (reused)
|     +- options (reused)
|     +- options (reused)
|     +- options (reused)
|     +- options (reused)
|     +- options (reused)
|     +- options (reused)
|     +- options (reused)
+- run test 16 pass (16 total) 120ms MaxRSS:2M
|  +- compile test Debug native success 1s MaxRSS:280M
|     +- options (reused)
|     +- options (reused)
|     +- options (reused)
|     +- options (reused)
|     +- options (reused)
|     +- options (reused)
|     +- options (reused)
|     +- options (reused)
|     +- options (reused)
|     +- options (reused)
|     +- options (reused)
+- run test 56 pass (56 total) 81ms MaxRSS:7M
|  +- compile test Debug native success 1s MaxRSS:300M
|     +- options (reused)
|     +- options (reused)
|     +- options (reused)
|     +- options (reused)
|     +- options (reused)
|     +- options (reused)
|     +- options (reused)
|     +- options (reused)
|     +- options (reused)
|     +- options (reused)
|     +- options (reused)
+- run test 18 pass (18 total) 123ms MaxRSS:6M
|  +- compile test Debug native success 1s MaxRSS:281M
|     +- options (reused)
|     +- options (reused)
|     +- options (reused)
|     +- options (reused)
|     +- options (reused)
|     +- options (reused)
|     +- options (reused)
|     +- options (reused)
|     +- options (reused)
|     +- options (reused)
|     +- options (reused)
+- run test 47 pass (47 total) 66ms MaxRSS:3M
|  +- compile test Debug native success 1s MaxRSS:301M
|     +- options (reused)
|     +- options (reused)
|     +- options (reused)
|     +- options (reused)
|     +- options (reused)
|     +- options (reused)
|     +- options (reused)
|     +- options (reused)
|     +- options (reused)
|     +- options (reused)
|     +- options (reused)
+- run test 135 pass (135 total) 215ms MaxRSS:7M
|  +- compile test Debug native success 2s MaxRSS:335M
|     +- options (reused)
|     +- options (reused)
|     +- options (reused)
|     +- options (reused)
|     +- options (reused)
|     +- options (reused)
|     +- options (reused)
|     +- options (reused)
|     +- options (reused)
|     +- options (reused)
|     +- options (reused)
+- run test 15 pass (15 total) 111ms MaxRSS:2M
|  +- compile test Debug native success 1s MaxRSS:283M
|     +- options (reused)
|     +- options (reused)
|     +- options (reused)
|     +- options (reused)
|     +- options (reused)
|     +- options (reused)
|     +- options (reused)
|     +- options (reused)
|     +- options (reused)
|     +- options (reused)
|     +- options (reused)
+- run test 24 pass (24 total) 80ms MaxRSS:2M
|  +- compile test Debug native success 1s MaxRSS:283M
|     +- options (reused)
|     +- options (reused)
|     +- options (reused)
|     +- options (reused)
|     +- options (reused)
|     +- options (reused)
|     +- options (reused)
|     +- options (reused)
|     +- options (reused)
|     +- options (reused)
|     +- options (reused)
+- run test success 133ms MaxRSS:2M
|  +- compile test Debug native success 1s MaxRSS:271M
|     +- options (reused)
|     +- options (reused)
|     +- options (reused)
|     +- options (reused)
|     +- options (reused)
|     +- options (reused)
|     +- options (reused)
|     +- options (reused)
|     +- options (reused)
|     +- options (reused)
|     +- options (reused)
+- run test 64 pass (64 total) 90ms MaxRSS:3M
|  +- compile test Debug native success 2s MaxRSS:307M
|     +- options (reused)
|     +- options (reused)
|     +- options (reused)
|     +- options (reused)
|     +- options (reused)
|     +- options (reused)
|     +- options (reused)
|     +- options (reused)
|     +- options (reused)
|     +- options (reused)
|     +- options (reused)
+- run test 33 pass (33 total) 236ms MaxRSS:3M
|  +- compile test Debug native success 2s MaxRSS:296M
|     +- options (reused)
|     +- options (reused)
|     +- options (reused)
|     +- options (reused)
|     +- options (reused)
|     +- options (reused)
|     +- options (reused)
|     +- options (reused)
|     +- options (reused)
|     +- options (reused)
|     +- options (reused)
+- run test 56 pass (56 total) 95ms MaxRSS:6M
|  +- compile test Debug native success 2s MaxRSS:367M
|     +- options (reused)
|     +- options (reused)
|     +- options (reused)
|     +- options (reused)
|     +- options (reused)
|     +- options (reused)
|     +- options (reused)
|     +- options (reused)
|     +- options (reused)
|     +- options (reused)
|     +- options (reused)
+- run test 70 pass (70 total) 167ms MaxRSS:4M
|  +- compile test Debug native success 2s MaxRSS:395M
|     +- options (reused)
|     +- options (reused)
|     +- options (reused)
|     +- options (reused)
|     +- options (reused)
|     +- options (reused)
|     +- options (reused)
|     +- options (reused)
|     +- options (reused)
|     +- options (reused)
|     +- options (reused)
+- run test 160 pass (160 total) 222ms MaxRSS:4M
|  +- compile test Debug native success 2s MaxRSS:425M
|     +- options (reused)
|     +- options (reused)
|     +- options (reused)
|     +- options (reused)
|     +- options (reused)
|     +- options (reused)
|     +- options (reused)
|     +- options (reused)
|     +- options (reused)
|     +- options (reused)
|     +- options (reused)
+- run test 26 pass (26 total) 106ms MaxRSS:3M
|  +- compile test Debug native success 1s MaxRSS:282M
|     +- options (reused)
|     +- options (reused)
|     +- options (reused)
|     +- options (reused)
|     +- options (reused)
|     +- options (reused)
|     +- options (reused)
|     +- options (reused)
|     +- options (reused)
|     +- options (reused)
|     +- options (reused)
+- run test 14 pass (14 total) 98ms MaxRSS:2M
|  +- compile test Debug native success 2s MaxRSS:287M
|     +- options (reused)
|     +- options (reused)
|     +- options (reused)
|     +- options (reused)
|     +- options (reused)
|     +- options (reused)
|     +- options (reused)
|     +- options (reused)
|     +- options (reused)
|     +- options (reused)
|     +- options (reused)
+- run test 14 pass (14 total) 69ms MaxRSS:2M
|  +- compile test Debug native success 1s MaxRSS:283M
|     +- options (reused)
|     +- options (reused)
|     +- options (reused)
|     +- options (reused)
|     +- options (reused)
|     +- options (reused)
|     +- options (reused)
|     +- options (reused)
|     +- options (reused)
|     +- options (reused)
|     +- options (reused)
+- run test 63 pass (63 total) 277ms MaxRSS:15M
|  +- compile test Debug native success 2s MaxRSS:314M
|     +- options (reused)
|     +- options (reused)
|     +- options (reused)
|     +- options (reused)
|     +- options (reused)
|     +- options (reused)
|     +- options (reused)
|     +- options (reused)
|     +- options (reused)
|     +- options (reused)
|     +- options (reused)
+- run test 10 pass (10 total) 652ms MaxRSS:2M
   +- compile test Debug native success 1s MaxRSS:280M
      +- options (reused)
      +- options (reused)
      +- options (reused)
      +- options (reused)
      +- options (reused)
      +- options (reused)
      +- options (reused)
      +- options (reused)
      +- options (reused)
      +- options (reused)
      +- options (reused)

=== verify-unit-tests: app-level test roots (direct zig test) ===
1/34 tabapp.test.tabapp: dispatch classifies WM lifecycle events and tracks the canvas...OK
2/34 tabapp.test.tabapp: scale is the identity at the native canvas (zero-regression fixed point)...OK
3/34 tabapp.test.tabapp: scale maps a fixed layout into the full viewport...OK
4/34 tabapp.test.tabapp: scale never produces zero-size rects...OK
5/34 ui.draw.test.draw: draw_image_buf source-over into a raw buffer...OK
6/34 ui.draw.test.draw: draw_image_buf clips to buffer and stride...OK
7/34 image.test.image: pixel_at bounds checking...OK
8/34 image.test.image: sub_image view and zero-sized handling...OK
9/34 image.test.image: blit Porter-Duff alpha blending...OK
10/34 image.test.image: format dispatch with QOI...OK
11/34 image.test.image: format dispatch with PNG...OK
12/34 qoi.test.qoi: reject header magic and truncated headers...OK
13/34 qoi.test.qoi: decode solid red 4x4 fixture...OK
14/34 qoi.test.qoi: decode gradient rgba 8x8 fixture...OK
15/34 qoi.test.qoi: decode non-square 12x4 fixture...OK
16/34 qoi.test.qoi: buffer too small rejection...OK
17/34 qoi.test.qoi: corrupt end marker rejection...OK
18/34 png.test.png: reject invalid signature and corrupt crc...OK
19/34 png.test.png: decode solid rgb 4x4 fixture...OK
20/34 png.test.png: decode gradient rgba 8x8 fixture...OK
21/34 png.test.png: decode non-square 12x4 fixture...OK
22/34 png.test.png: scan sizes the multi-chunk viewer fixture exactly...OK
23/34 png.test.png: workspace decode of the split-IDAT viewer fixture...OK
24/34 png.test.png: scan rejects bad signature and bad crc...OK
25/34 png.test.png: workspace decode covers images past the convenience caps...OK
26/34 png.test.png: decode grayscale 8x8 fixture...OK
27/34 crc32.test.crc32: standard vectors...OK
28/34 flate.test.flate: uncompressed block...OK
29/34 flate.test.flate: zlib wrapped hello...OK
30/34 flate.test.flate: raw deflate hello...OK
31/34 flate.test.flate: zlib large repetitive dynamic Huffman and LZ77...OK
32/34 flate.test.flate: buffer too small rejection...OK
33/34 flate.test.flate: invalid zlib header and adler mismatch...OK
34/34 ui.abi.test.WMS7 Gate B: the toolkit WM_RPC wire mirror matches the frozen wnd_core ABI...OK
All 34 tests passed.
1/75 tabwm.test.tabwm: tab manager allocation and lifecycle...OK
2/75 tabwm.test.tabwm: tab manager active index adjustment on removal...OK
3/75 tabwm.test.tabwm: tab cycle forward and backward...OK
4/75 tabwm.test.tabwm: keyboard shortcuts routing...OK
5/75 tabwm.test.tabwm: pointer hit testing and tab selection / close button...OK
6/75 tabwm.test.tabwm: wnd_mail_apply RPC commands...OK
7/75 tabwm.test.tabwm: geometry constants respect M39 tokens...OK
8/75 tabwm.test.tabwm: compute_tab_viewport centering and full bleed...OK
9/75 tabwm.test.tabwm: draw_viewport_backdrop writes canvas outside window...OK
10/75 tabwm.test.tabwm: proper mascot emblem decodes at 28x28 (M42 SX1)...OK
11/75 tabwm.test.tabwm: draw_sidebar blits the raster emblem into the scanout (M42 SX1)...OK
12/75 tabwm.test.tabwm: tab-aware fixed app takes the full viewport (M42 SX2)...OK
13/75 tabwm.test.tabwm: viewport_change_needed idempotence (M42 SX2)...OK
14/75 tabwm.test.tabwm: declare_fullscreen RPC registers and applies the full viewport (M42 SX2)...OK
15/75 tabwm.test.tabwm: declare_fullscreen on an inactive tab defers the proposal (M42 SX2)...OK
16/75 tabwm.test.tabwm: god-menu overlay filters the manifest (M42 SX5)...OK
17/75 tabwm.test.tabwm: god-menu overlay keys — filter, select, launch, dismiss (M42 SX5)...OK
18/75 tabwm.test.tabwm: overlay keys are consumed only while open (M42 SX5)...OK
19/75 tabwm.test.tabwm: god-menu overlay accepts digits, minus, period in the filter (M42 SX5)...OK
20/75 tabwm.test.tabwm: released mirror removes the tab and activates the next (M42 UX)...OK
21/75 tabwm.test.tabwm: released mirror for an unknown id is a no-op (M42 UX)...OK
22/75 tabwm.test.tabwm: hide mirror without released does NOT remove a tab (M42 UX)...OK
23/75 tabwm.test.tabwm: visible mirror upserts geometry (M42 UX)...OK
24/75 tabwm.test.tabwm: the 17th window is ignored, tab 0 not hijacked (M42 UX)...OK
25/75 tabwm.test.tabwm: + New tab affordance and Ctrl+T trigger the new-tab path (M42 UX)...OK
26/75 tabwm.test.tabwm: overlay empty vs filtered-empty messages are distinguishable (M42 UX)...OK
27/75 tabwm.test.tabwm: close_tab removes the tab and activates the next (M42 UX)...OK
28/75 tabwm.test.tabwm: unsaved bit-12 mirror sets, clears, and still releases (M42 UX r2)...OK
29/75 tabwm.test.tabwm: request_close_tab intercepts a dirty tab with the dialog (M42 UX r2)...OK
30/75 tabwm.test.tabwm: unsaved choices — save closes, cancel keeps, discard defers to the mirror (M42 UX r2)...OK
31/75 tabwm.test.tabwm: wnd_core dialog hit-test maps the three buttons (M42 UX r2)...OK
32/75 tabwm.test.tabwm: alt_tab_next policy — null, cycle, invert, 0-start (M42 UX r2)...OK
33/75 tabwm.test.tabwm: Alt+Tab chord moves the active tab, Alt+Shift+Tab inverts (M42 UX r2)...OK
34/75 tabwm.test.tabwm: close_flash_active lives for the tick window then expires (M42 UX r2)...OK
35/75 tabwm.test.tabwm: dialog modal keys — Enter saves, Escape cancels, chords swallowed (M42 UX r2)...OK
36/75 tabwm.test.tabwm: dialog modal pointer — clicks route to the buttons, tabs are safe (M42 UX r2)...OK
37/75 tabwm.test.tabwm: the Sexiburger overlay cannot summon over the modal dialog (M42 UX r2)...OK
38/75 tabwm.test.tabwm: unsaved + alt-tab markers are pinned (M42 UX r2)...OK
39/75 lib.ui.draw.test.draw: draw_image_buf source-over into a raw buffer...OK
40/75 lib.ui.draw.test.draw: draw_image_buf clips to buffer and stride...OK
41/75 lib.image.test.image: pixel_at bounds checking...OK
42/75 lib.image.test.image: sub_image view and zero-sized handling...OK
43/75 lib.image.test.image: blit Porter-Duff alpha blending...OK
44/75 lib.image.test.image: format dispatch with QOI...OK
45/75 lib.image.test.image: format dispatch with PNG...OK
46/75 lib.qoi.test.qoi: reject header magic and truncated headers...OK
47/75 lib.qoi.test.qoi: decode solid red 4x4 fixture...OK
48/75 lib.qoi.test.qoi: decode gradient rgba 8x8 fixture...OK
49/75 lib.qoi.test.qoi: decode non-square 12x4 fixture...OK
50/75 lib.qoi.test.qoi: buffer too small rejection...OK
51/75 lib.qoi.test.qoi: corrupt end marker rejection...OK
52/75 lib.png.test.png: reject invalid signature and corrupt crc...OK
53/75 lib.png.test.png: decode solid rgb 4x4 fixture...OK
54/75 lib.png.test.png: decode gradient rgba 8x8 fixture...OK
55/75 lib.png.test.png: decode non-square 12x4 fixture...OK
56/75 lib.png.test.png: scan sizes the multi-chunk viewer fixture exactly...OK
57/75 lib.png.test.png: workspace decode of the split-IDAT viewer fixture...OK
58/75 lib.png.test.png: scan rejects bad signature and bad crc...OK
59/75 lib.png.test.png: workspace decode covers images past the convenience caps...OK
60/75 lib.png.test.png: decode grayscale 8x8 fixture...OK
61/75 lib.crc32.test.crc32: standard vectors...OK
62/75 lib.flate.test.flate: uncompressed block...OK
63/75 lib.flate.test.flate: zlib wrapped hello...OK
64/75 lib.flate.test.flate: raw deflate hello...OK
65/75 lib.flate.test.flate: zlib large repetitive dynamic Huffman and LZ77...OK
66/75 lib.flate.test.flate: buffer too small rejection...OK
67/75 lib.flate.test.flate: invalid zlib header and adler mismatch...OK
68/75 lib.ui.abi.test.WMS7 Gate B: the toolkit WM_RPC wire mirror matches the frozen wnd_core ABI...OK
69/75 lib.font_ttf.test.TrueTypeFace parses Fira Code and Inter headers and cmap...OK
70/75 lib.font_ttf.test.TrueTypeFace loads simple glyph outlines...OK
71/75 lib.font_ttf.test.TrueTypeFace rasterizes anti-aliased glyphs with subpixel coverage...
--- Rasterized Inter 'O' (16px, 12x13, advance=12px) ---
  =%@@%=    
 #@+::+@+   
-%:    -@:  
#+      #+  
@-      -%  
@:      :@: 
@:      :@. 
@-      =#  
#*      #+  
:@+    +@.  
 +@#++#@-   
  .****.    
            

--- Rasterized Fira Code 'A' (14px, 10x11) ---
  :@#     
  +*@.    
  #.#-    
 .% +#    
 =+ .@.   
 #-  #-   
.@#**%#   
-#:::-@.  
*-    @-  
*     ++  
          
OK
72/75 lib.font_ttf.test.TrueTypeFace loads and rasterizes composite glyphs (accented é)...OK
73/75 lib.font_ttf.test.GlyphCache and blend_glyph_bgra render text into 32-bpp BGRA buffer...OK
74/75 lib.font8x8.test.user font8x8: source rows are LSB-first with bit zero at the left...OK
75/75 lib.font8x8.test.user font8x8: the 760-byte table is pinned...OK
All 75 tests passed.
1/55 sexiburger.test.sexiburger app: initial state and button trigger...OK
2/55 sexiburger.test.sexiburger app: chord trigger opens menu...OK
3/55 sexiburger.test.sexiburger app: command invocation updates last action...OK
4/55 sexiburger.test.sexiburger app: proper 24x24 and 64x64 mascot rasters decode...OK
5/55 lib.image.test.image: pixel_at bounds checking...OK
6/55 lib.image.test.image: sub_image view and zero-sized handling...OK
7/55 lib.image.test.image: blit Porter-Duff alpha blending...OK
8/55 lib.image.test.image: format dispatch with QOI...OK
9/55 lib.image.test.image: format dispatch with PNG...OK
10/55 lib.qoi.test.qoi: reject header magic and truncated headers...OK
11/55 lib.qoi.test.qoi: decode solid red 4x4 fixture...OK
12/55 lib.qoi.test.qoi: decode gradient rgba 8x8 fixture...OK
13/55 lib.qoi.test.qoi: decode non-square 12x4 fixture...OK
14/55 lib.qoi.test.qoi: buffer too small rejection...OK
15/55 lib.qoi.test.qoi: corrupt end marker rejection...OK
16/55 lib.sexiburger.test.sexiburger menu: zero-pixel idle footprint until summoned...OK
17/55 lib.sexiburger.test.sexiburger menu: chord open and dismiss...OK
18/55 lib.sexiburger.test.sexiburger menu: six sections at invariant positions...OK
19/55 lib.sexiburger.test.sexiburger menu: type-to-filter interaction...OK
20/55 lib.sexiburger.test.sexiburger menu: raster mascot emblem integration...OK
21/55 lib.sexiburger.test.sexiburger manifest: parses apps, skips comments/blanks/malformed...OK
22/55 lib.sexiburger.test.sexiburger manifest: empty text yields zero, overlong input caps at out.len...OK
23/55 lib.ui.draw.test.draw: draw_image_buf source-over into a raw buffer...OK
24/55 lib.ui.draw.test.draw: draw_image_buf clips to buffer and stride...OK
25/55 lib.action_registry.test.covenant of six: exactly six canonical sections...OK
26/55 lib.action_registry.test.covenant of six: seventh section registration strictly rejected with citation...OK
27/55 lib.action_registry.test.action registry: command registration and section isolation...OK
28/55 lib.action_registry.test.action registry: shell verb lookup (M19 synergy)...OK
29/55 lib.action_registry.test.action registry: active app contextual scoping...OK
30/55 lib.action_registry.test.action registry: type-to-filter with abbreviation and fuzzy matching...OK
31/55 lib.action_registry.test.mascot diagnostics: deterministic 6-layer 6-tentacle accounting...OK
32/55 lib.ui.abi.test.WMS7 Gate B: the toolkit WM_RPC wire mirror matches the frozen wnd_core ABI...OK
33/55 lib.png.test.png: reject invalid signature and corrupt crc...OK
34/55 lib.png.test.png: decode solid rgb 4x4 fixture...OK
35/55 lib.png.test.png: decode gradient rgba 8x8 fixture...OK
36/55 lib.png.test.png: decode non-square 12x4 fixture...OK
37/55 lib.png.test.png: scan sizes the multi-chunk viewer fixture exactly...OK
38/55 lib.png.test.png: workspace decode of the split-IDAT viewer fixture...OK
39/55 lib.png.test.png: scan rejects bad signature and bad crc...OK
40/55 lib.png.test.png: workspace decode covers images past the convenience caps...OK
41/55 lib.png.test.png: decode grayscale 8x8 fixture...OK
42/55 lib.crc32.test.crc32: standard vectors...OK
43/55 lib.flate.test.flate: uncompressed block...OK
44/55 lib.flate.test.flate: zlib wrapped hello...OK
45/55 lib.flate.test.flate: raw deflate hello...OK
46/55 lib.flate.test.flate: zlib large repetitive dynamic Huffman and LZ77...OK
47/55 lib.flate.test.flate: buffer too small rejection...OK
48/55 lib.flate.test.flate: invalid zlib header and adler mismatch...OK
49/55 lib.font_ttf.test.TrueTypeFace parses Fira Code and Inter headers and cmap...OK
50/55 lib.font_ttf.test.TrueTypeFace loads simple glyph outlines...OK
51/55 lib.font_ttf.test.TrueTypeFace rasterizes anti-aliased glyphs with subpixel coverage...
--- Rasterized Inter 'O' (16px, 12x13, advance=12px) ---
  =%@@%=    
 #@+::+@+   
-%:    -@:  
#+      #+  
@-      -%  
@:      :@: 
@:      :@. 
@-      =#  
#*      #+  
:@+    +@.  
 +@#++#@-   
  .****.    
            

--- Rasterized Fira Code 'A' (14px, 10x11) ---
  :@#     
  +*@.    
  #.#-    
 .% +#    
 =+ .@.   
 #-  #-   
.@#**%#   
-#:::-@.  
*-    @-  
*     ++  
          
OK
52/55 lib.font_ttf.test.TrueTypeFace loads and rasterizes composite glyphs (accented é)...OK
53/55 lib.font_ttf.test.GlyphCache and blend_glyph_bgra render text into 32-bpp BGRA buffer...OK
54/55 lib.font8x8.test.user font8x8: source rows are LSB-first with bit zero at the left...OK
55/55 lib.font8x8.test.user font8x8: the 760-byte table is pinned...OK
All 55 tests passed.
verify-unit-tests: all unit tests passed

── swift test (VFWire S1–S10) ──
Building for debugging...
Build complete! (0.19 sec)
Test Suite 'All tests' started at 2026-09-06 11:57:15.883.
Test Suite 'VMRunnerTests.xctest' started at 2026-09-06 11:57:15.884.
Test Suite 'VFWireTests' started at 2026-09-06 11:57:15.884.
Test Case '-[VMRunnerTests.VFWireTests testProbeChecksumStable]' started.
Test Case '-[VMRunnerTests.VFWireTests testProbeChecksumStable]' passed (0.004 seconds).
Test Case '-[VMRunnerTests.VFWireTests testS10HandleTableCap]' started.
Test Case '-[VMRunnerTests.VFWireTests testS10HandleTableCap]' passed (0.003 seconds).
Test Case '-[VMRunnerTests.VFWireTests testS11CloneOpAndFraming]' started.
Test Case '-[VMRunnerTests.VFWireTests testS11CloneOpAndFraming]' passed (0.000 seconds).
Test Case '-[VMRunnerTests.VFWireTests testS1PatternGeneratorParity]' started.
Test Case '-[VMRunnerTests.VFWireTests testS1PatternGeneratorParity]' passed (0.009 seconds).
Test Case '-[VMRunnerTests.VFWireTests testS2RequestEncodeParity]' started.
Test Case '-[VMRunnerTests.VFWireTests testS2RequestEncodeParity]' passed (0.001 seconds).
Test Case '-[VMRunnerTests.VFWireTests testS3ReplyDecodeParity]' started.
Test Case '-[VMRunnerTests.VFWireTests testS3ReplyDecodeParity]' passed (0.001 seconds).
Test Case '-[VMRunnerTests.VFWireTests testS4PathDefense]' started.
Test Case '-[VMRunnerTests.VFWireTests testS4PathDefense]' passed (0.001 seconds).
Test Case '-[VMRunnerTests.VFWireTests testS5Hf3ConstantsParity]' started.
Test Case '-[VMRunnerTests.VFWireTests testS5Hf3ConstantsParity]' passed (0.000 seconds).
Test Case '-[VMRunnerTests.VFWireTests testS6PayloadBuildersAndReplyEncoders]' started.
Test Case '-[VMRunnerTests.VFWireTests testS6PayloadBuildersAndReplyEncoders]' passed (0.000 seconds).
Test Case '-[VMRunnerTests.VFWireTests testS7RenameFraming]' started.
Test Case '-[VMRunnerTests.VFWireTests testS7RenameFraming]' passed (0.000 seconds).
Test Case '-[VMRunnerTests.VFWireTests testS8HandleTableCursorAndTruncate]' started.
Test Case '-[VMRunnerTests.VFWireTests testS8HandleTableCursorAndTruncate]' passed (0.001 seconds).
Test Case '-[VMRunnerTests.VFWireTests testS9HandleTableAppend]' started.
Test Case '-[VMRunnerTests.VFWireTests testS9HandleTableAppend]' passed (0.000 seconds).
Test Suite 'VFWireTests' passed at 2026-09-06 11:57:15.904.
	 Executed 12 tests, with 0 failures (0 unexpected) in 0.019 (0.020) seconds
Test Suite 'VMRunnerTests.xctest' passed at 2026-09-06 11:57:15.904.
	 Executed 12 tests, with 0 failures (0 unexpected) in 0.019 (0.020) seconds
Test Suite 'All tests' passed at 2026-09-06 11:57:15.904.
	 Executed 12 tests, with 0 failures (0 unexpected) in 0.019 (0.022) seconds
VF-CKSUM-32K: 0x0000
􀟈  Test run started.
􀄵  Testing Library Version: 2078
􀄵  Target Platform: arm64e-apple-macos14.0
􁁛  Test run with 0 tests in 0 suites passed after 0.001 seconds.

── fixture sha256 pins + python generator cross-check ──
vf-pattern-32k.bin: 32768 B sha256=8b16fec9d2a8c48be47789a462c2d4b3d9be75ec91310607ec5fb5e180982ed5 OK
vf-req-read.bin: 23 B sha256=605f3306e9b608dcf763e7b8498438cbb3b4b160620160eed35c984627a14724 OK
vf-reply-read.bin: 8 B sha256=c018a33ef9fe2bb21707201011270883aa7dc3da2b5ab368687255da5197e3ce OK
vf-reply-list.bin: 83 B sha256=710a1372b7a64e14c53105774e37ccfb5cb9e6a93e889a4c76b6039acd83e909 OK
vf-pattern-32k.bin: python generator reproduces the fixture byte-for-byte
pattern cksum1071 = 0x0000

── verify-bss-budget.sh ──
=== verify-bss-budget: ADR 0013 D3.1 CI gate — kernel .bss ceiling (class A, deterministic, no VM) ===
budget source: docs/decisions/0013-post-m14-abi-amendment.md D3.1
budget:        11534336 B (11.0 MiB)

-- building kernel --
elf2bin: ./.zig-cache/o/b809a146d2e8b5443aaf17bd25e158bb/virelai-kernel -> /Users/tbuddy/t3/zig/dos-fb-games/.zig-cache/o/9bc7e7cb6bc18f9ee1c64d39cf8506d1/KERNEL.BIN: entry_offset=0x18 image_size=8616144 (content 8616120 bytes from 4 PT_LOAD segment(s))

-- kernel ELF section sizes --
  .bss:           8120504 B  (0x7be8b8)
  .data:          36712 B  (0x008f68)
  .userbss:       36864 B  (0x009000)

-- budget check --
  measured:       8120504 B
  budget:         11534336 B
  remaining:      3413832 B
  over budget:    0 B
  status:         PASS

-- known large .bss contributors (sourced from kernel/src; informational) --
  mmu.table_storage (kernel/src/mmu.zig):     2,097,152 B (2.0 MiB; page-table carve-out, ADR 0006, doubled in M16 C4)
  virtio_gpu.gpu_fb (kernel/src/virtio_gpu.zig): 3,686,400 B (3.52 MiB; 1280x720x4 scanout, align 4096)
  post-M14 reservations (ADR 0013 D3):           1,737 B (~1.7 KiB; planned, not yet landed)
  other (font, console, scheduler, virtio rings, process table, mailbox, evidence, etc.): the remainder

verify-bss-budget: PASS — kernel .bss = 8120504 B / 11534336 B (3413832 B headroom).

── verify-issue-coordination.sh ──
verify-issue-coordination: ok — 1 open claim issue(s) checked, no file overlaps

verify-vf-class-a: PASS — wire parity locked on both sides, budgets green.
rc=0 elapsed=114s
